,AMBIENT_TEMPERATURE,MODULE_TEMPERATURE,IRRADIATION,DAILY_YIELD,SOURCE_KEY
0,30.56599240392218,35.559493133825676,0.3006216333730599,4201.0,3
1,29.478612107614943,35.143313971575665,0.246630967191566,5677.0,3
2,29.780109462638357,34.62673104823728,0.22118328183149752,6342.0,3
3,27.336693981812743,31.618089005459773,0.22391437826798571,7641.0,3
4,28.233015966012122,33.349862726297104,0.2790299026568414,9423.0,3
5,29.055460564499523,34.782797434877885,0.28324150912007656,9151.0,3
6,29.64856575269397,36.748053997078536,0.2972483651646051,9863.0,3
7,30.649598971599623,36.90995010181991,0.2933331309188784,9688.0,3
8,30.805943188976684,37.116551340291096,0.28568796141160485,4635.0,3
9,30.818428757315623,36.567040989343866,0.2766346367565042,9224.0,3
10,30.02799321070401,35.7789177337524,0.28369452009739304,9501.0,3
11,30.400937587775363,37.034485254681506,0.28574936066509554,9501.0,3
12,30.130057124837414,36.03372072519853,0.2930940293775885,3729.0,3
13,30.047376036617717,34.883857072707485,0.2446021985275745,8126.0,3
14,29.54867031754157,33.620538683754965,0.2481978900580524,8185.0,3
15,28.451276544815602,33.0978153065613,0.20004125094792027,6692.0,3
16,25.50704480733165,28.49376125274117,0.1413711992865422,4338.0,3
17,27.10240531618773,32.88319149076866,0.24738144145099586,7404.0,3
18,26.13420570593064,29.572434186825966,0.17489092600902334,6113.0,3
19,26.30493927300477,30.830730545605828,0.2102372842208975,6990.0,3
20,27.082355021791173,32.30056184117577,0.2329854408474657,7756.0,3
21,27.80129808214799,32.85081808159722,0.27045563257029553,8376.0,3
22,27.855763719492344,33.59463790079023,0.26078067504817243,7826.0,3
23,28.493347079215752,34.31220355739046,0.2816504580599019,9210.0,3
24,28.126931569636024,32.960383361302675,0.24831275735101244,8098.0,3
25,27.334611434404387,30.82651117513869,0.1935033620292932,5588.0,3
26,25.52091109061389,27.24831905874813,0.11747877188181832,3930.0,3
27,24.683421539523483,27.116899781609217,0.13648922657979662,4548.0,3
28,26.11693704403736,30.39487110832136,0.21552264113815808,6289.0,3
29,27.01979004464797,31.58983411596025,0.2295169814691817,1868.0,3
30,26.557591123491374,29.996232645977006,0.185052568956756,2304.0,3
31,26.369897159989996,29.589895937381353,0.16506163204109942,5004.0,3
32,24.852174461143772,26.668631332097913,0.12438296682989895,4446.0,3
0,30.56599240392218,35.559493133825676,0.3006216333730599,2571.1999999999994,5
1,29.478612107614943,35.143313971575665,0.246630967191566,3885.6,5
2,29.780109462638357,34.62673104823728,0.22118328183149752,4222.533333333334,5
3,27.336693981812743,31.618089005459773,0.22391437826798571,2489.285714285714,5
4,26.50065911631059,30.106083579416648,0.2141612695580581,4965.4000000000015,5
5,28.233015966012122,33.349862726297104,0.2790299026568414,2521.933333333333,5
6,29.055460564499523,34.782797434877885,0.28324150912007656,6733.571428571429,5
7,29.64856575269397,36.748053997078536,0.2972483651646051,2397.266666666667,5
8,30.649598971599623,36.90995010181991,0.2933331309188784,6844.2,5
10,30.818428757315623,36.567040989343866,0.2766346367565042,6497.333333333334,5
12,30.400937587775363,37.034485254681506,0.28574936066509554,7179.857142857142,5
13,30.130057124837414,36.03372072519853,0.2930940293775885,7157.6,5
14,30.047376036617717,34.883857072707485,0.2446021985275745,3528.8,5
15,29.54867031754157,33.620538683754965,0.2481978900580524,5724.8,5
16,28.451276544815602,33.0978153065613,0.20004125094792027,4699.933333333333,5
17,25.50704480733165,28.49376125274117,0.1413711992865422,3076.333333333333,5
18,27.10240531618773,32.88319149076866,0.24738144145099586,2771.4285714285716,5
19,26.13420570593064,29.572434186825966,0.17489092600902334,3435.666666666667,5
20,26.30493927300477,30.830730545605828,0.2102372842208975,4507.8,5
21,27.082355021791173,32.30056184117577,0.2329854408474657,5421.533333333334,5
22,27.80129808214799,32.85081808159722,0.27045563257029553,6556.8,5
23,27.855763719492344,33.59463790079023,0.26078067504817243,1398.466666666667,5
24,28.493347079215752,34.31220355739046,0.2816504580599019,6725.4,5
25,28.126931569636024,32.960383361302675,0.24831275735101244,3443.7333333333336,5
26,27.334611434404387,30.82651117513869,0.1935033620292932,3962.857142857143,5
27,25.52091109061389,27.24831905874813,0.11747877188181832,2601.333333333333,5
28,24.683421539523483,27.116899781609217,0.13648922657979662,3497.2666666666664,5
29,26.11693704403736,30.39487110832136,0.21552264113815808,4881.066666666667,5
30,27.01979004464797,31.58983411596025,0.2295169814691817,5540.333333333334,5
31,26.557591123491374,29.996232645977006,0.185052568956756,4625.133333333333,5
32,26.369897159989996,29.589895937381353,0.16506163204109942,5501.0,5
33,24.852174461143772,26.668631332097913,0.12438296682989895,4306.0,5
0,30.56599240392218,35.559493133825676,0.3006216333730599,9246.0,6
1,29.478612107614943,35.143313971575665,0.246630967191566,7678.0,6
2,29.780109462638357,34.62673104823728,0.22118328183149752,6676.0,6
3,27.336693981812743,31.618089005459773,0.22391437826798571,7539.0,6
4,26.50065911631059,30.106083579416648,0.2141612695580581,6391.0,6
5,28.233015966012122,33.349862726297104,0.2790299026568414,3994.0,6
6,29.055460564499523,34.782797434877885,0.28324150912007656,8813.0,6
7,29.64856575269397,36.748053997078536,0.2972483651646051,3090.0,6
8,30.649598971599623,36.90995010181991,0.2933331309188784,4543.0,6
9,30.805943188976684,37.116551340291096,0.28568796141160485,9085.0,6
10,30.818428757315623,36.567040989343866,0.2766346367565042,8853.0,6
11,30.02799321070401,35.7789177337524,0.28369452009739304,9113.0,6
12,30.400937587775363,37.034485254681506,0.28574936066509554,3616.7857142857133,6
13,30.130057124837414,36.03372072519853,0.2930940293775885,8932.0,6
14,30.047376036617717,34.883857072707485,0.2446021985275745,6958.0,6
15,29.54867031754157,33.620538683754965,0.2481978900580524,7985.0,6
16,28.451276544815602,33.0978153065613,0.20004125094792027,6433.0,6
17,25.50704480733165,28.49376125274117,0.1413711992865422,4163.0,6
18,27.10240531618773,32.88319149076866,0.24738144145099586,7073.0,6
19,26.13420570593064,29.572434186825966,0.17489092600902334,4339.0,6
20,26.30493927300477,30.830730545605828,0.2102372842208975,2910.0,6
21,27.082355021791173,32.30056184117577,0.2329854408474657,3354.0,6
22,27.80129808214799,32.85081808159722,0.27045563257029553,8190.0,6
23,27.855763719492344,33.59463790079023,0.26078067504817243,2021.0,6
24,28.493347079215752,34.31220355739046,0.2816504580599019,3332.0,6
25,28.126931569636024,32.960383361302675,0.24831275735101244,3803.0,6
26,27.334611434404387,30.82651117513869,0.1935033620292932,3698.0,6
27,25.52091109061389,27.24831905874813,0.11747877188181832,3862.0,6
28,24.683421539523483,27.116899781609217,0.13648922657979662,4693.0,6
29,26.11693704403736,30.39487110832136,0.21552264113815808,2777.0,6
30,27.01979004464797,31.58983411596025,0.2295169814691817,7458.0,6
31,26.557591123491374,29.996232645977006,0.185052568956756,6207.0,6
32,26.369897159989996,29.589895937381353,0.16506163204109942,5417.0,6
33,24.852174461143772,26.668631332097913,0.12438296682989895,4197.0,6
0,30.56599240392218,35.559493133825676,0.3006216333730599,4154.0,7
1,29.478612107614943,35.143313971575665,0.246630967191566,6483.0,7
2,29.780109462638357,34.62673104823728,0.22118328183149752,4603.0,7
3,27.336693981812743,31.618089005459773,0.22391437826798571,2320.0,7
4,28.233015966012122,33.349862726297104,0.2790299026568414,4492.0,7
5,29.055460564499523,34.782797434877885,0.28324150912007656,6646.0,7
6,29.64856575269397,36.748053997078536,0.2972483651646051,3582.0,7
7,30.649598971599623,36.90995010181991,0.2933331309188784,4598.0,7
8,30.805943188976684,37.116551340291096,0.28568796141160485,3416.0,7
9,30.818428757315623,36.567040989343866,0.2766346367565042,6951.0,7
10,30.02799321070401,35.7789177337524,0.28369452009739304,8289.0,7
11,30.400937587775363,37.034485254681506,0.28574936066509554,8653.0,7
12,30.130057124837414,36.03372072519853,0.2930940293775885,7975.0,7
13,30.047376036617717,34.883857072707485,0.2446021985275745,4299.0,7
14,29.54867031754157,33.620538683754965,0.2481978900580524,5509.0,7
15,28.451276544815602,33.0978153065613,0.20004125094792027,6058.0,7
16,25.50704480733165,28.49376125274117,0.1413711992865422,4035.0,7
17,27.10240531618773,32.88319149076866,0.24738144145099586,5476.0,7
18,26.13420570593064,29.572434186825966,0.17489092600902334,4092.0,7
19,26.30493927300477,30.830730545605828,0.2102372842208975,2695.0,7
20,27.082355021791173,32.30056184117577,0.2329854408474657,2769.0,7
21,27.80129808214799,32.85081808159722,0.27045563257029553,2296.0,7
22,27.855763719492344,33.59463790079023,0.26078067504817243,2554.0,7
23,28.493347079215752,34.31220355739046,0.2816504580599019,3189.0,7
24,28.126931569636024,32.960383361302675,0.24831275735101244,3898.0,7
25,27.334611434404387,30.82651117513869,0.1935033620292932,2448.0,7
26,25.52091109061389,27.24831905874813,0.11747877188181832,3299.0,7
27,24.683421539523483,27.116899781609217,0.13648922657979662,3743.0,7
28,26.11693704403736,30.39487110832136,0.21552264113815808,5929.0,7
29,27.01979004464797,31.58983411596025,0.2295169814691817,2048.0,7
30,26.557591123491374,29.996232645977006,0.185052568956756,2199.0,7
31,26.369897159989996,29.589895937381353,0.16506163204109942,4605.0,7
32,24.852174461143772,26.668631332097913,0.12438296682989895,4020.0,7
0,30.56599240392218,35.559493133825676,0.3006216333730599,9663.0,8
1,29.478612107614943,35.143313971575665,0.246630967191566,7930.0,8
2,29.780109462638357,34.62673104823728,0.22118328183149752,7188.0,8
3,27.336693981812743,31.618089005459773,0.22391437826798571,7818.0,8
4,30.047376036617717,34.883857072707485,0.2446021985275745,8245.0,8
5,29.54867031754157,33.620538683754965,0.2481978900580524,8228.0,8
6,28.451276544815602,33.0978153065613,0.20004125094792027,6664.0,8
7,25.50704480733165,28.49376125274117,0.1413711992865422,4256.0,8
8,27.10240531618773,32.88319149076866,0.24738144145099586,7297.0,8
9,26.13420570593064,29.572434186825966,0.17489092600902334,5991.0,8
10,26.30493927300477,30.830730545605828,0.2102372842208975,7020.0,8
11,27.082355021791173,32.30056184117577,0.2329854408474657,7779.0,8
12,27.80129808214799,32.85081808159722,0.27045563257029553,8293.0,8
13,27.855763719492344,33.59463790079023,0.26078067504817243,7884.0,8
14,28.493347079215752,34.31220355739046,0.2816504580599019,9265.0,8
15,28.126931569636024,32.960383361302675,0.24831275735101244,8151.0,8
16,27.334611434404387,30.82651117513869,0.1935033620292932,5627.0,8
17,25.52091109061389,27.24831905874813,0.11747877188181832,3920.0,8
18,24.683421539523483,27.116899781609217,0.13648922657979662,4802.0,8
19,26.11693704403736,30.39487110832136,0.21552264113815808,3023.0,8
20,27.01979004464797,31.58983411596025,0.2295169814691817,7301.0,8
21,26.557591123491374,29.996232645977006,0.185052568956756,6296.0,8
22,26.369897159989996,29.589895937381353,0.16506163204109942,5596.0,8
23,24.852174461143772,26.668631332097913,0.12438296682989895,4251.0,8
0,30.56599240392218,35.559493133825676,0.3006216333730599,8458.0,9
1,29.478612107614943,35.143313971575665,0.246630967191566,3176.0,9
2,29.780109462638357,34.62673104823728,0.22118328183149752,5519.0,9
3,27.336693981812743,31.618089005459773,0.22391437826798571,3529.0,9
4,26.50065911631059,30.106083579416648,0.2141612695580581,2451.0,9
5,28.233015966012122,33.349862726297104,0.2790299026568414,4592.0,9
6,29.055460564499523,34.782797434877885,0.28324150912007656,4794.0,9
7,29.64856575269397,36.748053997078536,0.2972483651646051,9354.0,9
8,30.649598971599623,36.90995010181991,0.2933331309188784,3093.0,9
9,30.805943188976684,37.116551340291096,0.28568796141160485,4713.0,9
10,30.818428757315623,36.567040989343866,0.2766346367565042,4940.0,9
11,30.02799321070401,35.7789177337524,0.28369452009739304,3874.0,9
12,30.400937587775363,37.034485254681506,0.28574936066509554,4296.0,9
13,30.130057124837414,36.03372072519853,0.2930940293775885,3474.0,9
14,30.047376036617717,34.883857072707485,0.2446021985275745,7826.0,9
15,29.54867031754157,33.620538683754965,0.2481978900580524,7771.0,9
16,28.451276544815602,33.0978153065613,0.20004125094792027,6234.0,9
17,25.50704480733165,28.49376125274117,0.1413711992865422,3970.0,9
18,27.10240531618773,32.88319149076866,0.24738144145099586,4787.0,9
19,26.13420570593064,29.572434186825966,0.17489092600902334,4135.0,9
20,26.30493927300477,30.830730545605828,0.2102372842208975,2885.0,9
21,27.082355021791173,32.30056184117577,0.2329854408474657,2878.0,9
22,27.80129808214799,32.85081808159722,0.27045563257029553,3489.0,9
23,27.855763719492344,33.59463790079023,0.26078067504817243,2070.0,9
24,28.493347079215752,34.31220355739046,0.2816504580599019,2702.0,9
25,28.126931569636024,32.960383361302675,0.24831275735101244,3308.0,9
26,27.334611434404387,30.82651117513869,0.1935033620292932,2407.0,9
27,25.52091109061389,27.24831905874813,0.11747877188181832,3718.0,9
28,24.683421539523483,27.116899781609217,0.13648922657979662,4500.0,9
29,26.11693704403736,30.39487110832136,0.21552264113815808,6213.0,9
30,27.01979004464797,31.58983411596025,0.2295169814691817,7310.0,9
31,26.557591123491374,29.996232645977006,0.185052568956756,5604.0,9
32,26.369897159989996,29.589895937381353,0.16506163204109942,5208.0,9
33,24.852174461143772,26.668631332097913,0.12438296682989895,3968.0,9
0,30.56599240392218,35.559493133825676,0.3006216333730599,9234.0,10
1,29.478612107614943,35.143313971575665,0.246630967191566,7542.0,10
2,29.780109462638357,34.62673104823728,0.22118328183149752,6717.0,10
3,27.336693981812743,31.618089005459773,0.22391437826798571,4730.0,10
4,26.50065911631059,30.106083579416648,0.2141612695580581,6554.0,10
5,28.233015966012122,33.349862726297104,0.2790299026568414,3883.0,10
6,29.055460564499523,34.782797434877885,0.28324150912007656,5852.0,10
7,29.64856575269397,36.748053997078536,0.2972483651646051,5052.0,10
8,30.649598971599623,36.90995010181991,0.2933331309188784,3385.0,10
9,30.805943188976684,37.116551340291096,0.28568796141160485,9038.0,10
10,30.818428757315623,36.567040989343866,0.2766346367565042,8810.0,10
11,30.02799321070401,35.7789177337524,0.28369452009739304,9079.0,10
12,30.400937587775363,37.034485254681506,0.28574936066509554,9086.0,10
13,30.130057124837414,36.03372072519853,0.2930940293775885,8881.0,10
14,30.047376036617717,34.883857072707485,0.2446021985275745,7234.0,10
15,29.54867031754157,33.620538683754965,0.2481978900580524,7952.0,10
16,28.451276544815602,33.0978153065613,0.20004125094792027,6364.0,10
17,25.50704480733165,28.49376125274117,0.1413711992865422,4046.0,10
18,27.10240531618773,32.88319149076866,0.24738144145099586,3825.0,10
19,26.13420570593064,29.572434186825966,0.17489092600902334,4281.0,10
20,26.30493927300477,30.830730545605828,0.2102372842208975,2927.0,10
21,27.082355021791173,32.30056184117577,0.2329854408474657,3053.0,10
22,27.80129808214799,32.85081808159722,0.27045563257029553,4674.0,10
23,27.855763719492344,33.59463790079023,0.26078067504817243,7771.0,10
24,28.493347079215752,34.31220355739046,0.2816504580599019,2841.0,10
25,28.126931569636024,32.960383361302675,0.24831275735101244,3463.0,10
26,27.334611434404387,30.82651117513869,0.1935033620292932,5452.0,10
27,25.52091109061389,27.24831905874813,0.11747877188181832,3814.0,10
28,24.683421539523483,27.116899781609217,0.13648922657979662,4630.0,10
29,26.11693704403736,30.39487110832136,0.21552264113815808,2911.0,10
30,27.01979004464797,31.58983411596025,0.2295169814691817,7445.0,10
31,26.557591123491374,29.996232645977006,0.185052568956756,6151.0,10
32,26.369897159989996,29.589895937381353,0.16506163204109942,5357.0,10
33,24.852174461143772,26.668631332097913,0.12438296682989895,4121.0,10
0,30.56599240392218,35.559493133825676,0.3006216333730599,7800.0,12
1,29.478612107614943,35.143313971575665,0.246630967191566,5807.0,12
2,29.780109462638357,34.62673104823728,0.22118328183149752,6481.0,12
3,27.336693981812743,31.618089005459773,0.22391437826798571,7632.0,12
4,28.233015966012122,33.349862726297104,0.2790299026568414,9378.0,12
5,29.055460564499523,34.782797434877885,0.28324150912007656,9059.0,12
6,29.64856575269397,36.748053997078536,0.2972483651646051,9801.0,12
7,30.649598971599623,36.90995010181991,0.2933331309188784,9655.0,12
8,30.805943188976684,37.116551340291096,0.28568796141160485,4962.0,12
9,30.818428757315623,36.567040989343866,0.2766346367565042,9167.0,12
10,30.02799321070401,35.7789177337524,0.28369452009739304,9175.0,12
11,30.400937587775363,37.034485254681506,0.28574936066509554,9444.0,12
12,30.130057124837414,36.03372072519853,0.2930940293775885,3727.0,12
13,30.047376036617717,34.883857072707485,0.2446021985275745,8240.0,12
14,29.54867031754157,33.620538683754965,0.2481978900580524,8199.0,12
15,28.451276544815602,33.0978153065613,0.20004125094792027,6639.0,12
16,25.50704480733165,28.49376125274117,0.1413711992865422,4334.0,12
17,27.10240531618773,32.88319149076866,0.24738144145099586,7340.0,12
18,26.13420570593064,29.572434186825966,0.17489092600902334,4836.0,12
19,26.30493927300477,30.830730545605828,0.2102372842208975,6981.0,12
20,27.082355021791173,32.30056184117577,0.2329854408474657,7726.0,12
21,27.80129808214799,32.85081808159722,0.27045563257029553,8312.0,12
22,27.855763719492344,33.59463790079023,0.26078067504817243,7818.0,12
23,28.493347079215752,34.31220355739046,0.2816504580599019,9179.0,12
24,28.126931569636024,32.960383361302675,0.24831275735101244,8042.0,12
25,27.334611434404387,30.82651117513869,0.1935033620292932,5563.0,12
26,25.52091109061389,27.24831905874813,0.11747877188181832,3945.0,12
27,24.683421539523483,27.116899781609217,0.13648922657979662,4576.0,12
28,26.11693704403736,30.39487110832136,0.21552264113815808,3202.0,12
29,27.01979004464797,31.58983411596025,0.2295169814691817,3304.0,12
30,26.557591123491374,29.996232645977006,0.185052568956756,2643.0,12
31,26.369897159989996,29.589895937381353,0.16506163204109942,5526.0,12
32,24.852174461143772,26.668631332097913,0.12438296682989895,4441.0,12
0,30.56599240392218,35.559493133825676,0.3006216333730599,9475.0,13
1,29.478612107614943,35.143313971575665,0.246630967191566,7762.0,13
2,29.780109462638357,34.62673104823728,0.22118328183149752,7041.0,13
3,27.336693981812743,31.618089005459773,0.22391437826798571,7677.0,13
4,30.047376036617717,34.883857072707485,0.2446021985275745,8027.0,13
5,29.54867031754157,33.620538683754965,0.2481978900580524,7983.0,13
6,28.451276544815602,33.0978153065613,0.20004125094792027,6486.0,13
7,25.50704480733165,28.49376125274117,0.1413711992865422,4117.0,13
8,27.10240531618773,32.88319149076866,0.24738144145099586,7098.0,13
9,26.13420570593064,29.572434186825966,0.17489092600902334,5288.0,13
10,26.30493927300477,30.830730545605828,0.2102372842208975,6331.0,13
11,27.082355021791173,32.30056184117577,0.2329854408474657,7629.0,13
12,27.80129808214799,32.85081808159722,0.27045563257029553,8134.0,13
13,27.855763719492344,33.59463790079023,0.26078067504817243,7778.0,13
14,28.493347079215752,34.31220355739046,0.2816504580599019,9167.0,13
15,28.126931569636024,32.960383361302675,0.24831275735101244,8067.0,13
16,27.334611434404387,30.82651117513869,0.1935033620292932,2618.0,13
17,25.52091109061389,27.24831905874813,0.11747877188181832,3884.0,13
18,24.683421539523483,27.116899781609217,0.13648922657979662,4764.0,13
19,26.11693704403736,30.39487110832136,0.21552264113815808,3972.0,13
20,27.01979004464797,31.58983411596025,0.2295169814691817,6277.0,13
21,26.557591123491374,29.996232645977006,0.185052568956756,6245.0,13
22,26.369897159989996,29.589895937381353,0.16506163204109942,5537.0,13
23,24.852174461143772,26.668631332097913,0.12438296682989895,4239.0,13
0,30.56599240392218,35.559493133825676,0.3006216333730599,9119.0,14
1,29.478612107614943,35.143313971575665,0.246630967191566,2974.0,14
2,29.780109462638357,34.62673104823728,0.22118328183149752,6960.0,14
3,27.336693981812743,31.618089005459773,0.22391437826798571,6551.0,14
4,26.50065911631059,30.106083579416648,0.2141612695580581,1942.0,14
5,28.233015966012122,33.349862726297104,0.2790299026568414,2707.0,14
6,29.055460564499523,34.782797434877885,0.28324150912007656,4638.0,14
7,29.64856575269397,36.748053997078536,0.2972483651646051,9420.0,14
8,30.649598971599623,36.90995010181991,0.2933331309188784,9196.0,14
9,30.805943188976684,37.116551340291096,0.28568796141160485,8962.0,14
10,30.818428757315623,36.567040989343866,0.2766346367565042,8737.0,14
11,30.02799321070401,35.7789177337524,0.28369452009739304,6704.0,14
12,30.400937587775363,37.034485254681506,0.28574936066509554,3852.0,14
13,30.130057124837414,36.03372072519853,0.2930940293775885,8554.0,14
14,30.047376036617717,34.883857072707485,0.2446021985275745,6653.0,14
15,29.54867031754157,33.620538683754965,0.2481978900580524,4061.0,14
16,28.451276544815602,33.0978153065613,0.20004125094792027,6313.0,14
17,25.50704480733165,28.49376125274117,0.1413711992865422,4156.0,14
18,27.10240531618773,32.88319149076866,0.24738144145099586,6016.0,14
19,26.13420570593064,29.572434186825966,0.17489092600902334,3540.0,14
20,26.30493927300477,30.830730545605828,0.2102372842208975,6168.0,14
21,27.082355021791173,32.30056184117577,0.2329854408474657,7333.0,14
22,27.80129808214799,32.85081808159722,0.27045563257029553,2212.0,14
23,27.855763719492344,33.59463790079023,0.26078067504817243,7544.0,14
24,28.493347079215752,34.31220355739046,0.2816504580599019,8837.0,14
25,28.126931569636024,32.960383361302675,0.24831275735101244,6456.0,14
26,27.334611434404387,30.82651117513869,0.1935033620292932,4003.0,14
27,25.52091109061389,27.24831905874813,0.11747877188181832,3834.0,14
28,24.683421539523483,27.116899781609217,0.13648922657979662,4685.0,14
29,26.11693704403736,30.39487110832136,0.21552264113815808,6515.0,14
30,27.01979004464797,31.58983411596025,0.2295169814691817,7209.0,14
31,26.557591123491374,29.996232645977006,0.185052568956756,2801.0,14
32,26.369897159989996,29.589895937381353,0.16506163204109942,3812.0,14
33,24.852174461143772,26.668631332097913,0.12438296682989895,4258.0,14
0,30.56599240392218,35.559493133825676,0.3006216333730599,5560.533333333333,15
1,29.478612107614943,35.143313971575665,0.246630967191566,6957.6,15
2,29.780109462638357,34.62673104823728,0.22118328183149752,6257.333333333332,15
3,27.336693981812743,31.618089005459773,0.22391437826798571,6745.266666666666,15
4,28.233015966012122,33.349862726297104,0.2790299026568414,8210.800000000003,15
5,29.055460564499523,34.782797434877885,0.28324150912007656,7949.933333333332,15
6,29.64856575269397,36.748053997078536,0.2972483651646051,7898.4,15
7,30.649598971599623,36.90995010181991,0.2933331309188784,7675.2,15
8,30.805943188976684,37.116551340291096,0.28568796141160485,3847.7142857142853,15
9,30.818428757315623,36.567040989343866,0.2766346367565042,7324.8,15
11,30.400937587775363,37.034485254681506,0.28574936066509554,8091.428571428571,15
12,30.130057124837414,36.03372072519853,0.2930940293775885,3174.4,15
13,30.047376036617717,34.883857072707485,0.2446021985275745,7076.333333333334,15
14,29.54867031754157,33.620538683754965,0.2481978900580524,7000.9333333333325,15
15,28.451276544815602,33.0978153065613,0.20004125094792027,5725.200000000002,15
16,25.50704480733165,28.49376125274117,0.1413711992865422,3692.0,15
17,27.10240531618773,32.88319149076866,0.24738144145099586,6324.9333333333325,15
18,26.13420570593064,29.572434186825966,0.17489092600902334,4821.6,15
19,26.30493927300477,30.830730545605828,0.2102372842208975,6904.0,15
20,27.082355021791173,32.30056184117577,0.2329854408474657,7599.0,15
21,27.80129808214799,32.85081808159722,0.27045563257029553,8227.0,15
22,27.855763719492344,33.59463790079023,0.26078067504817243,7718.0,15
23,28.493347079215752,34.31220355739046,0.2816504580599019,9056.0,15
24,28.126931569636024,32.960383361302675,0.24831275735101244,8086.0,15
25,27.334611434404387,30.82651117513869,0.1935033620292932,5556.0,15
26,25.52091109061389,27.24831905874813,0.11747877188181832,3887.0,15
27,24.683421539523483,27.116899781609217,0.13648922657979662,4455.0,15
28,26.11693704403736,30.39487110832136,0.21552264113815808,3544.0,15
29,27.01979004464797,31.58983411596025,0.2295169814691817,2107.0,15
30,26.557591123491374,29.996232645977006,0.185052568956756,2231.0,15
31,26.369897159989996,29.589895937381353,0.16506163204109942,5189.0,15
32,24.852174461143772,26.668631332097913,0.12438296682989895,4398.0,15
0,30.56599240392218,35.559493133825676,0.3006216333730599,4239.0,16
1,29.478612107614943,35.143313971575665,0.246630967191566,6365.0,16
2,29.780109462638357,34.62673104823728,0.22118328183149752,3548.0,16
3,27.336693981812743,31.618089005459773,0.22391437826798571,2787.0,16
4,28.233015966012122,33.349862726297104,0.2790299026568414,2419.0,16
5,29.055460564499523,34.782797434877885,0.28324150912007656,4896.0,16
6,29.64856575269397,36.748053997078536,0.2972483651646051,3687.0,16
7,30.649598971599623,36.90995010181991,0.2933331309188784,3998.0,16
8,30.805943188976684,37.116551340291096,0.28568796141160485,4816.0,16
9,30.818428757315623,36.567040989343866,0.2766346367565042,3290.0,16
10,30.02799321070401,35.7789177337524,0.28369452009739304,7269.0,16
11,30.400937587775363,37.034485254681506,0.28574936066509554,7370.0,16
12,30.130057124837414,36.03372072519853,0.2930940293775885,4863.0,16
13,30.047376036617717,34.883857072707485,0.2446021985275745,4046.0,16
14,29.54867031754157,33.620538683754965,0.2481978900580524,3932.0,16
15,28.451276544815602,33.0978153065613,0.20004125094792027,5399.0,16
16,25.50704480733165,28.49376125274117,0.1413711992865422,3649.0,16
17,27.10240531618773,32.88319149076866,0.24738144145099586,4962.0,16
18,26.13420570593064,29.572434186825966,0.17489092600902334,3721.0,16
19,26.30493927300477,30.830730545605828,0.2102372842208975,5261.0,16
20,27.082355021791173,32.30056184117577,0.2329854408474657,3779.0,16
21,27.80129808214799,32.85081808159722,0.27045563257029553,3413.0,16
22,27.855763719492344,33.59463790079023,0.26078067504817243,2598.0,16
23,28.493347079215752,34.31220355739046,0.2816504580599019,3027.0,16
24,28.126931569636024,32.960383361302675,0.24831275735101244,3796.0,16
25,27.334611434404387,30.82651117513869,0.1935033620292932,2508.0,16
26,25.52091109061389,27.24831905874813,0.11747877188181832,3184.0,16
27,24.683421539523483,27.116899781609217,0.13648922657979662,3668.0,16
28,26.11693704403736,30.39487110832136,0.21552264113815808,5477.0,16
29,27.01979004464797,31.58983411596025,0.2295169814691817,2058.0,16
30,26.557591123491374,29.996232645977006,0.185052568956756,2118.0,16
31,26.369897159989996,29.589895937381353,0.16506163204109942,4430.0,16
32,24.852174461143772,26.668631332097913,0.12438296682989895,3702.0,16
0,30.56599240392218,35.559493133825676,0.3006216333730599,4371.733333333334,17
1,29.478612107614943,35.143313971575665,0.246630967191566,3088.4000000000005,17
2,29.780109462638357,34.62673104823728,0.22118328183149752,2676.333333333333,17
3,27.336693981812743,31.618089005459773,0.22391437826798571,2247.466666666667,17
4,26.50065911631059,30.106083579416648,0.2141612695580581,2683.9999999999995,17
5,28.233015966012122,33.349862726297104,0.2790299026568414,4310.600000000001,17
6,29.055460564499523,34.782797434877885,0.28324150912007656,2297.866666666667,17
7,29.64856575269397,36.748053997078536,0.2972483651646051,3952.666666666666,17
8,30.649598971599623,36.90995010181991,0.2933331309188784,4064.142857142857,17
9,30.805943188976684,37.116551340291096,0.28568796141160485,3705.2,17
10,30.818428757315623,36.567040989343866,0.2766346367565042,4205.133333333333,17
11,30.02799321070401,35.7789177337524,0.28369452009739304,3738.8,17
12,30.400937587775363,37.034485254681506,0.28574936066509554,2330.0,17
13,30.130057124837414,36.03372072519853,0.2930940293775885,4250.4,17
14,30.047376036617717,34.883857072707485,0.2446021985275745,3780.933333333333,17
15,29.54867031754157,33.620538683754965,0.2481978900580524,2266.285714285714,17
16,28.451276544815602,33.0978153065613,0.20004125094792027,3078.600000000001,17
17,25.50704480733165,28.49376125274117,0.1413711992865422,1722.4,17
18,27.10240531618773,32.88319149076866,0.24738144145099586,2890.066666666666,17
19,26.13420570593064,29.572434186825966,0.17489092600902334,1850.571428571429,17
20,26.30493927300477,30.830730545605828,0.2102372842208975,1481.2,17
21,27.082355021791173,32.30056184117577,0.2329854408474657,3423.4666666666662,17
22,27.80129808214799,32.85081808159722,0.27045563257029553,1045.1999999999996,17
23,27.855763719492344,33.59463790079023,0.26078067504817243,805.2857142857142,17
24,28.493347079215752,34.31220355739046,0.2816504580599019,3919.2857142857133,17
25,28.126931569636024,32.960383361302675,0.24831275735101244,3120.8,17
26,27.334611434404387,30.82651117513869,0.1935033620292932,2169.2,17
27,25.52091109061389,27.24831905874813,0.11747877188181832,1828.4,17
28,24.683421539523483,27.116899781609217,0.13648922657979662,1815.6,17
29,26.11693704403736,30.39487110832136,0.21552264113815808,1446.0000000000002,17
30,27.01979004464797,31.58983411596025,0.2295169814691817,1321.6,17
31,26.557591123491374,29.996232645977006,0.185052568956756,1026.4000000000003,17
32,26.369897159989996,29.589895937381353,0.16506163204109942,5407.0,17
33,24.852174461143772,26.668631332097913,0.12438296682989895,4324.0,17
0,30.56599240392218,35.559493133825676,0.3006216333730599,5772.6,20
1,29.478612107614943,35.143313971575665,0.246630967191566,4812.6,20
2,29.780109462638357,34.62673104823728,0.22118328183149752,4359.6,20
3,27.336693981812743,31.618089005459773,0.22391437826798571,4422.857142857143,20
4,26.50065911631059,30.106083579416648,0.2141612695580581,4098.6,20
5,28.233015966012122,33.349862726297104,0.2790299026568414,5688.0,20
6,29.055460564499523,34.782797434877885,0.28324150912007656,5238.285714285713,20
8,30.649598971599623,36.90995010181991,0.2933331309188784,5752.8,20
9,30.805943188976684,37.116551340291096,0.28568796141160485,5623.799999999998,20
10,30.818428757315623,36.567040989343866,0.2766346367565042,5474.4000000000015,20
11,30.02799321070401,35.7789177337524,0.28369452009739304,5628.6,20
12,30.400937587775363,37.034485254681506,0.28574936066509554,2730.214285714285,20
13,30.130057124837414,36.03372072519853,0.2930940293775885,613.8666666666667,20
14,30.047376036617717,34.883857072707485,0.2446021985275745,4944.6,20
16,28.451276544815602,33.0978153065613,0.20004125094792027,3966.6,20
17,25.50704480733165,28.49376125274117,0.1413711992865422,2291.7333333333336,20
18,27.10240531618773,32.88319149076866,0.24738144145099586,2215.428571428572,20
19,26.13420570593064,29.572434186825966,0.17489092600902334,3035.2,20
20,26.30493927300477,30.830730545605828,0.2102372842208975,3834.0,20
21,27.082355021791173,32.30056184117577,0.2329854408474657,3448.0,20
22,27.80129808214799,32.85081808159722,0.27045563257029553,8383.0,20
23,27.855763719492344,33.59463790079023,0.26078067504817243,1950.0,20
24,28.493347079215752,34.31220355739046,0.2816504580599019,3585.0,20
25,28.126931569636024,32.960383361302675,0.24831275735101244,4027.0,20
26,27.334611434404387,30.82651117513869,0.1935033620292932,3531.0,20
27,25.52091109061389,27.24831905874813,0.11747877188181832,3947.0,20
28,24.683421539523483,27.116899781609217,0.13648922657979662,4815.0,20
29,26.11693704403736,30.39487110832136,0.21552264113815808,6435.0,20
30,27.01979004464797,31.58983411596025,0.2295169814691817,7634.0,20
31,26.557591123491374,29.996232645977006,0.185052568956756,6367.0,20
32,26.369897159989996,29.589895937381353,0.16506163204109942,5587.0,20
33,24.852174461143772,26.668631332097913,0.12438296682989895,4331.0,20
0,30.56599240392218,35.559493133825676,0.3006216333730599,9442.0,27
1,29.478612107614943,35.143313971575665,0.246630967191566,7854.0,27
2,29.780109462638357,34.62673104823728,0.22118328183149752,7037.0,27
3,27.336693981812743,31.618089005459773,0.22391437826798571,7690.0,27
4,30.047376036617717,34.883857072707485,0.2446021985275745,8112.0,27
5,29.54867031754157,33.620538683754965,0.2481978900580524,8049.0,27
6,28.451276544815602,33.0978153065613,0.20004125094792027,6540.0,27
7,25.50704480733165,28.49376125274117,0.1413711992865422,4211.0,27
8,27.10240531618773,32.88319149076866,0.24738144145099586,7177.0,27
9,26.13420570593064,29.572434186825966,0.17489092600902334,5344.0,27
10,26.30493927300477,30.830730545605828,0.2102372842208975,5742.0,27
11,27.082355021791173,32.30056184117577,0.2329854408474657,7561.0,27
12,27.80129808214799,32.85081808159722,0.27045563257029553,8356.0,27
13,27.855763719492344,33.59463790079023,0.26078067504817243,7549.0,27
14,28.493347079215752,34.31220355739046,0.2816504580599019,9065.0,27
15,28.126931569636024,32.960383361302675,0.24831275735101244,8040.0,27
16,27.334611434404387,30.82651117513869,0.1935033620292932,2636.0,27
17,25.52091109061389,27.24831905874813,0.11747877188181832,3877.0,27
18,24.683421539523483,27.116899781609217,0.13648922657979662,4764.0,27
19,26.11693704403736,30.39487110832136,0.21552264113815808,5941.0,27
20,27.01979004464797,31.58983411596025,0.2295169814691817,5937.0,27
21,26.557591123491374,29.996232645977006,0.185052568956756,6289.0,27
22,26.369897159989996,29.589895937381353,0.16506163204109942,5606.0,27
23,24.852174461143772,26.668631332097913,0.12438296682989895,4238.0,27
0,30.56599240392218,35.559493133825676,0.3006216333730599,7096.0,28
1,29.478612107614943,35.143313971575665,0.246630967191566,8062.0,28
2,29.780109462638357,34.62673104823728,0.22118328183149752,5550.0,28
3,27.336693981812743,31.618089005459773,0.22391437826798571,7750.0,28
4,28.233015966012122,33.349862726297104,0.2790299026568414,9511.0,28
5,29.055460564499523,34.782797434877885,0.28324150912007656,8349.0,28
6,29.64856575269397,36.748053997078536,0.2972483651646051,9866.0,28
7,30.649598971599623,36.90995010181991,0.2933331309188784,9657.0,28
8,30.805943188976684,37.116551340291096,0.28568796141160485,5081.0,28
9,30.818428757315623,36.567040989343866,0.2766346367565042,9186.0,28
10,30.02799321070401,35.7789177337524,0.28369452009739304,9454.0,28
11,30.400937587775363,37.034485254681506,0.28574936066509554,9463.0,28
12,30.130057124837414,36.03372072519853,0.2930940293775885,3537.333333333333,28
13,30.047376036617717,34.883857072707485,0.2446021985275745,8255.0,28
14,29.54867031754157,33.620538683754965,0.2481978900580524,8253.0,28
15,28.451276544815602,33.0978153065613,0.20004125094792027,6678.0,28
16,25.50704480733165,28.49376125274117,0.1413711992865422,4359.0,28
17,27.10240531618773,32.88319149076866,0.24738144145099586,7147.0,28
18,26.13420570593064,29.572434186825966,0.17489092600902334,5493.0,28
19,26.30493927300477,30.830730545605828,0.2102372842208975,3739.0,28
20,27.082355021791173,32.30056184117577,0.2329854408474657,7708.0,28
21,27.80129808214799,32.85081808159722,0.27045563257029553,8368.0,28
22,27.855763719492344,33.59463790079023,0.26078067504817243,7860.0,28
23,28.493347079215752,34.31220355739046,0.2816504580599019,4435.0,28
24,28.126931569636024,32.960383361302675,0.24831275735101244,8094.0,28
25,27.334611434404387,30.82651117513869,0.1935033620292932,5585.0,28
26,25.52091109061389,27.24831905874813,0.11747877188181832,3963.0,28
27,24.683421539523483,27.116899781609217,0.13648922657979662,4607.0,28
28,26.11693704403736,30.39487110832136,0.21552264113815808,3472.0,28
29,27.01979004464797,31.58983411596025,0.2295169814691817,3347.0,28
30,26.557591123491374,29.996232645977006,0.185052568956756,2711.0,28
31,26.369897159989996,29.589895937381353,0.16506163204109942,5623.0,28
32,24.852174461143772,26.668631332097913,0.12438296682989895,4467.0,28
0,30.56599240392218,35.559493133825676,0.3006216333730599,4676.533333333333,29
1,29.478612107614943,35.143313971575665,0.246630967191566,5424.466666666667,29
2,29.780109462638357,34.62673104823728,0.22118328183149752,6536.133333333332,29
3,27.336693981812743,31.618089005459773,0.22391437826798571,6333.6,29
4,26.50065911631059,30.106083579416648,0.2141612695580581,1865.7333333333331,29
5,28.233015966012122,33.349862726297104,0.2790299026568414,2952.133333333333,29
6,29.055460564499523,34.782797434877885,0.28324150912007656,4276.133333333333,29
7,29.64856575269397,36.748053997078536,0.2972483651646051,9080.4,29
8,30.649598971599623,36.90995010181991,0.2933331309188784,8840.0,29
9,30.805943188976684,37.116551340291096,0.28568796141160485,8050.466666666666,29
10,30.818428757315623,36.567040989343866,0.2766346367565042,7861.533333333334,29
11,30.02799321070401,35.7789177337524,0.28369452009739304,8118.9333333333325,29
12,30.400937587775363,37.034485254681506,0.28574936066509554,4076.8,29
13,30.130057124837414,36.03372072519853,0.2930940293775885,8447.6,29
14,30.047376036617717,34.883857072707485,0.2446021985275745,6652.8,29
15,29.54867031754157,33.620538683754965,0.2481978900580524,3425.5000000000005,29
16,28.451276544815602,33.0978153065613,0.20004125094792027,6175.866666666666,29
17,25.50704480733165,28.49376125274117,0.1413711992865422,4040.4,29
18,27.10240531618773,32.88319149076866,0.24738144145099586,5448.733333333334,29
19,26.13420570593064,29.572434186825966,0.17489092600902334,4465.5,29
20,26.30493927300477,30.830730545605828,0.2102372842208975,3219.666666666666,29
21,27.082355021791173,32.30056184117577,0.2329854408474657,6466.2,29
22,27.80129808214799,32.85081808159722,0.27045563257029553,2415.4666666666667,29
23,27.855763719492344,33.59463790079023,0.26078067504817243,7189.928571428573,29
24,28.493347079215752,34.31220355739046,0.2816504580599019,8480.642857142857,29
25,28.126931569636024,32.960383361302675,0.24831275735101244,6848.4,29
26,27.334611434404387,30.82651117513869,0.1935033620292932,5096.0,29
27,25.52091109061389,27.24831905874813,0.11747877188181832,3398.2000000000007,29
28,24.683421539523483,27.116899781609217,0.13648922657979662,4412.8,29
29,26.11693704403736,30.39487110832136,0.21552264113815808,5616.866666666666,29
30,27.01979004464797,31.58983411596025,0.2295169814691817,2918.066666666666,29
31,26.557591123491374,29.996232645977006,0.185052568956756,2429.2666666666664,29
32,26.369897159989996,29.589895937381353,0.16506163204109942,5554.0,29
33,24.852174461143772,26.668631332097913,0.12438296682989895,4389.0,29
0,30.56599240392218,35.559493133825676,0.3006216333730599,9096.0,31
1,29.478612107614943,35.143313971575665,0.246630967191566,3533.0,31
2,29.780109462638357,34.62673104823728,0.22118328183149752,5727.0,31
3,27.336693981812743,31.618089005459773,0.22391437826798571,4161.0,31
4,26.50065911631059,30.106083579416648,0.2141612695580581,2825.0,31
5,28.233015966012122,33.349862726297104,0.2790299026568414,4062.0,31
6,29.055460564499523,34.782797434877885,0.28324150912007656,4844.0,31
7,29.64856575269397,36.748053997078536,0.2972483651646051,9333.0,31
8,30.649598971599623,36.90995010181991,0.2933331309188784,3254.0,31
9,30.805943188976684,37.116551340291096,0.28568796141160485,8872.0,31
10,30.818428757315623,36.567040989343866,0.2766346367565042,6197.0,31
11,30.02799321070401,35.7789177337524,0.28369452009739304,4080.0,31
12,30.400937587775363,37.034485254681506,0.28574936066509554,9016.0,31
13,30.130057124837414,36.03372072519853,0.2930940293775885,7799.0,31
14,30.047376036617717,34.883857072707485,0.2446021985275745,7407.0,31
15,29.54867031754157,33.620538683754965,0.2481978900580524,7823.0,31
16,28.451276544815602,33.0978153065613,0.20004125094792027,6348.0,31
17,25.50704480733165,28.49376125274117,0.1413711992865422,3830.0,31
18,27.10240531618773,32.88319149076866,0.24738144145099586,3744.0,31
19,26.13420570593064,29.572434186825966,0.17489092600902334,4387.0,31
20,26.30493927300477,30.830730545605828,0.2102372842208975,5710.0,31
21,27.082355021791173,32.30056184117577,0.2329854408474657,2895.0,31
22,27.80129808214799,32.85081808159722,0.27045563257029553,3599.0,31
23,27.855763719492344,33.59463790079023,0.26078067504817243,2786.0,31
24,28.493347079215752,34.31220355739046,0.2816504580599019,2786.0,31
25,28.126931569636024,32.960383361302675,0.24831275735101244,3601.0,31
26,27.334611434404387,30.82651117513869,0.1935033620292932,5303.0,31
27,25.52091109061389,27.24831905874813,0.11747877188181832,3814.0,31
28,24.683421539523483,27.116899781609217,0.13648922657979662,4641.0,31
29,26.11693704403736,30.39487110832136,0.21552264113815808,6393.0,31
30,27.01979004464797,31.58983411596025,0.2295169814691817,7476.0,31
31,26.557591123491374,29.996232645977006,0.185052568956756,6060.0,31
32,26.369897159989996,29.589895937381353,0.16506163204109942,5276.0,31
33,24.852174461143772,26.668631332097913,0.12438296682989895,4157.0,31
0,30.56599240392218,35.559493133825676,0.3006216333730599,5507.0,33
1,29.478612107614943,35.143313971575665,0.246630967191566,7372.0,33
2,29.780109462638357,34.62673104823728,0.22118328183149752,4957.0,33
3,27.336693981812743,31.618089005459773,0.22391437826798571,4215.0,33
4,26.50065911631059,30.106083579416648,0.2141612695580581,3792.0,33
5,28.233015966012122,33.349862726297104,0.2790299026568414,6790.0,33
6,29.055460564499523,34.782797434877885,0.28324150912007656,4675.0,33
7,29.64856575269397,36.748053997078536,0.2972483651646051,9148.0,33
8,30.649598971599623,36.90995010181991,0.2933331309188784,2982.0,33
9,30.805943188976684,37.116551340291096,0.28568796141160485,4924.0,33
10,30.818428757315623,36.567040989343866,0.2766346367565042,4163.0,33
11,30.02799321070401,35.7789177337524,0.28369452009739304,7776.0,33
12,30.400937587775363,37.034485254681506,0.28574936066509554,5696.0,33
13,30.130057124837414,36.03372072519853,0.2930940293775885,3559.0,33
14,30.047376036617717,34.883857072707485,0.2446021985275745,7495.0,33
15,29.54867031754157,33.620538683754965,0.2481978900580524,7592.0,33
16,28.451276544815602,33.0978153065613,0.20004125094792027,6256.0,33
17,25.50704480733165,28.49376125274117,0.1413711992865422,3858.0,33
18,27.10240531618773,32.88319149076866,0.24738144145099586,3856.0,33
19,26.13420570593064,29.572434186825966,0.17489092600902334,4128.0,33
20,26.30493927300477,30.830730545605828,0.2102372842208975,6643.0,33
21,27.082355021791173,32.30056184117577,0.2329854408474657,2964.0,33
22,27.80129808214799,32.85081808159722,0.27045563257029553,2342.0,33
23,27.855763719492344,33.59463790079023,0.26078067504817243,3052.0,33
24,28.493347079215752,34.31220355739046,0.2816504580599019,3457.0,33
25,28.126931569636024,32.960383361302675,0.24831275735101244,3378.0,33
26,27.334611434404387,30.82651117513869,0.1935033620292932,2369.0,33
27,25.52091109061389,27.24831905874813,0.11747877188181832,3650.0,33
28,24.683421539523483,27.116899781609217,0.13648922657979662,4455.0,33
29,26.11693704403736,30.39487110832136,0.21552264113815808,6127.0,33
30,27.01979004464797,31.58983411596025,0.2295169814691817,7271.0,33
31,26.557591123491374,29.996232645977006,0.185052568956756,3706.0,33
32,26.369897159989996,29.589895937381353,0.16506163204109942,5161.0,33
33,24.852174461143772,26.668631332097913,0.12438296682989895,3931.0,33
0,30.56599240392218,35.559493133825676,0.3006216333730599,8297.466666666667,36
1,29.478612107614943,35.143313971575665,0.246630967191566,4244.933333333333,36
2,29.780109462638357,34.62673104823728,0.22118328183149752,4286.4000000000015,36
3,27.336693981812743,31.618089005459773,0.22391437826798571,4119.5,36
4,26.50065911631059,30.106083579416648,0.2141612695580581,5377.6,36
5,28.233015966012122,33.349862726297104,0.2790299026568414,7497.6,36
6,29.055460564499523,34.782797434877885,0.28324150912007656,7789.714285714284,36
7,29.64856575269397,36.748053997078536,0.2972483651646051,2545.6,36
8,30.649598971599623,36.90995010181991,0.2933331309188784,8262.8,36
9,30.805943188976684,37.116551340291096,0.28568796141160485,2620.8,36
10,30.818428757315623,36.567040989343866,0.2766346367565042,7233.6,36
11,30.02799321070401,35.7789177337524,0.28369452009739304,7438.4,36
12,30.400937587775363,37.034485254681506,0.28574936066509554,7997.142857142858,36
13,30.130057124837414,36.03372072519853,0.2930940293775885,7918.733333333331,36
14,30.047376036617717,34.883857072707485,0.2446021985275745,4405.2666666666655,36
15,29.54867031754157,33.620538683754965,0.2481978900580524,5712.199999999999,36
16,28.451276544815602,33.0978153065613,0.20004125094792027,5648.9333333333325,36
17,25.50704480733165,28.49376125274117,0.1413711992865422,3412.8,36
18,27.10240531618773,32.88319149076866,0.24738144145099586,3253.7142857142853,36
19,26.13420570593064,29.572434186825966,0.17489092600902334,3962.4,36
20,26.30493927300477,30.830730545605828,0.2102372842208975,6885.0,36
21,27.082355021791173,32.30056184117577,0.2329854408474657,3421.0,36
22,27.80129808214799,32.85081808159722,0.27045563257029553,8249.0,36
23,27.855763719492344,33.59463790079023,0.26078067504817243,1910.0,36
24,28.493347079215752,34.31220355739046,0.2816504580599019,8995.0,36
25,28.126931569636024,32.960383361302675,0.24831275735101244,7868.0,36
26,27.334611434404387,30.82651117513869,0.1935033620292932,5480.0,36
27,25.52091109061389,27.24831905874813,0.11747877188181832,3914.0,36
28,24.683421539523483,27.116899781609217,0.13648922657979662,4778.0,36
29,26.11693704403736,30.39487110832136,0.21552264113815808,6375.0,36
30,27.01979004464797,31.58983411596025,0.2295169814691817,7463.0,36
31,26.557591123491374,29.996232645977006,0.185052568956756,6274.0,36
32,26.369897159989996,29.589895937381353,0.16506163204109942,5534.0,36
33,24.852174461143772,26.668631332097913,0.12438296682989895,4322.0,36
0,28.564478195329666,38.61684165677657,0.35868634965505153,6292.0,0
1,29.494486331593407,42.02868699734433,0.4409880415197766,7045.0,0
2,25.14405622564103,33.57360166694139,0.2935862516426643,4998.0,0
3,27.403738549416914,37.733532126554906,0.3682624794537422,6449.0,0
4,29.383560797255026,45.3354274795061,0.5353675078003755,7243.0,0
5,28.48899484016173,40.469185906468994,0.41734193406100667,6848.0,0
6,29.362050044752184,45.2787840813897,0.5327888079030094,7966.0,0
7,29.77591632246181,42.970462607457314,0.4705128346086936,7537.0,0
8,29.75759639342041,44.27708854611927,0.5138370865080109,8268.0,0
10,29.34052075396825,40.68582583292181,0.38032530094032735,6164.0,0
11,28.05908833514286,44.41899472519048,0.4959132248282057,7564.0,0
12,26.766419354304038,38.80223721904761,0.42067411862465415,6754.0,0
13,26.96867871804029,37.23067778296702,0.33895111748448986,5803.0,0
14,26.53805245722739,36.08461742218231,0.3394085453393864,5508.0,0
15,25.868719653728657,36.706711160736745,0.4053518750245385,7029.0,0
16,26.260068479853487,37.29405107216118,0.4216867084861565,7341.0,0
17,27.166873286813182,40.150425865201456,0.4744418160667904,7571.0,0
18,26.602369914914647,39.037956016891286,0.43759734320472143,7162.0,0
19,26.105285082600737,36.31472878983517,0.3755168842980329,5940.0,0
20,26.750387714106026,39.85482460098832,0.4604221293001194,5268.0,0
21,27.37878858492639,40.18034011169398,0.4776514474694416,7864.0,0
22,27.871142988679253,40.50019721617252,0.4670693079321634,7456.0,0
23,26.572746956959712,36.164621774450566,0.36985176897641736,5911.0,0
24,25.822457678754567,33.455246091666666,0.2987251085254719,5257.0,0
25,25.42447148077268,33.1533057211141,0.3075764350852201,5441.0,0
26,26.36242213378257,38.731893957681926,0.4790444257828957,7984.0,0
27,25.50280010727764,35.75254810296494,0.3986456853204744,4012.0,0
28,26.471948133862433,36.39943160361551,0.3660889946185535,6275.0,0
29,26.451856226415075,36.058201727762814,0.3392287826957191,5848.0,0
30,25.5512210287834,34.16393440621942,0.3267021648506515,5521.0,0
31,28.564478195329666,38.61684165677657,0.35868634965505153,5768.0,1
32,29.494486331593407,42.02868699734433,0.4409880415197766,7759.0,1
33,25.14405622564103,33.57360166694139,0.2935862516426643,5453.0,1
36,28.48899484016173,40.469185906468994,0.41734193406100667,7287.0,1
37,29.362050044752184,45.2787840813897,0.5327888079030094,8673.0,1
38,29.77591632246181,42.970462607457314,0.4705128346086936,8273.0,1
39,29.75759639342041,44.27708854611927,0.5138370865080109,9048.0,1
41,29.34052075396825,40.68582583292181,0.38032530094032735,5971.0,1
42,28.05908833514286,44.41899472519048,0.4959132248282057,7221.375,1
43,26.766419354304038,38.80223721904761,0.42067411862465415,7332.0,1
44,26.96867871804029,37.23067778296702,0.33895111748448986,5889.0,1
45,26.53805245722739,36.08461742218231,0.3394085453393864,6012.0,1
47,26.260068479853487,37.29405107216118,0.4216867084861565,6750.0,1
48,27.166873286813182,40.150425865201456,0.4744418160667904,8196.0,1
50,26.105285082600737,36.31472878983517,0.3755168842980329,5724.25,1
51,26.750387714106026,39.85482460098832,0.4604221293001194,8239.0,1
52,27.37878858492639,40.18034011169398,0.4776514474694416,8495.0,1
53,27.871142988679253,40.50019721617252,0.4670693079321634,8189.0,1
54,26.572746956959712,36.164621774450566,0.36985176897641736,6598.0,1
55,25.822457678754567,33.455246091666666,0.2987251085254719,4991.0,1
56,25.42447148077268,33.1533057211141,0.3075764350852201,5903.0,1
57,26.36242213378257,38.731893957681926,0.4790444257828957,8654.0,1
58,25.50280010727764,35.75254810296494,0.3986456853204744,7487.0,1
59,26.471948133862433,36.39943160361551,0.3660889946185535,6846.0,1
60,26.451856226415075,36.058201727762814,0.3392287826957191,6318.0,1
61,25.5512210287834,34.16393440621942,0.3267021648506515,6034.0,1
62,28.564478195329666,38.61684165677657,0.35868634965505153,6656.0,2
63,29.494486331593407,42.02868699734433,0.4409880415197766,7794.0,2
64,25.14405622564103,33.57360166694139,0.2935862516426643,5435.0,2
67,28.48899484016173,40.469185906468994,0.41734193406100667,7315.0,2
68,29.362050044752184,45.2787840813897,0.5327888079030094,8652.0,2
69,29.77591632246181,42.970462607457314,0.4705128346086936,8300.0,2
70,29.75759639342041,44.27708854611927,0.5138370865080109,9068.0,2
72,29.34052075396825,40.68582583292181,0.38032530094032735,6740.0,2
73,28.05908833514286,44.41899472519048,0.4959132248282057,8210.0,2
74,26.766419354304038,38.80223721904761,0.42067411862465415,7299.0,2
75,26.96867871804029,37.23067778296702,0.33895111748448986,5816.0,2
76,26.53805245722739,36.08461742218231,0.3394085453393864,5965.0,2
78,26.260068479853487,37.29405107216118,0.4216867084861565,7874.0,2
79,27.166873286813182,40.150425865201456,0.4744418160667904,8215.0,2
81,26.105285082600737,36.31472878983517,0.3755168842980329,6496.0,2
82,26.750387714106026,39.85482460098832,0.4604221293001194,8242.0,2
83,27.37878858492639,40.18034011169398,0.4776514474694416,8509.0,2
84,27.871142988679253,40.50019721617252,0.4670693079321634,8186.0,2
85,26.572746956959712,36.164621774450566,0.36985176897641736,6550.0,2
86,25.822457678754567,33.455246091666666,0.2987251085254719,5717.0,2
87,25.42447148077268,33.1533057211141,0.3075764350852201,5900.0,2
88,26.36242213378257,38.731893957681926,0.4790444257828957,8633.0,2
89,25.50280010727764,35.75254810296494,0.3986456853204744,7504.0,2
90,26.471948133862433,36.39943160361551,0.3660889946185535,6819.0,2
91,26.451856226415075,36.058201727762814,0.3392287826957191,6331.0,2
92,25.5512210287834,34.16393440621942,0.3267021648506515,6052.0,2
93,28.564478195329666,38.61684165677657,0.35868634965505153,6461.0,4
94,29.494486331593407,42.02868699734433,0.4409880415197766,7526.0,4
95,25.14405622564103,33.57360166694139,0.2935862516426643,5309.0,4
96,27.403738549416914,37.733532126554906,0.3682624794537422,6836.0,4
98,28.48899484016173,40.469185906468994,0.41734193406100667,7135.0,4
99,29.362050044752184,45.2787840813897,0.5327888079030094,8450.0,4
100,29.77591632246181,42.970462607457314,0.4705128346086936,8021.0,4
101,29.75759639342041,44.27708854611927,0.5138370865080109,8779.0,4
103,29.34052075396825,40.68582583292181,0.38032530094032735,6638.0,4
104,28.05908833514286,44.41899472519048,0.4959132248282057,8007.0,4
105,26.766419354304038,38.80223721904761,0.42067411862465415,7143.0,4
106,26.96867871804029,37.23067778296702,0.33895111748448986,5843.0,4
107,26.53805245722739,36.08461742218231,0.3394085453393864,5803.0,4
109,26.260068479853487,37.29405107216118,0.4216867084861565,7749.0,4
110,27.166873286813182,40.150425865201456,0.4744418160667904,7999.0,4
112,26.105285082600737,36.31472878983517,0.3755168842980329,6317.0,4
113,26.750387714106026,39.85482460098832,0.4604221293001194,8053.0,4
114,27.37878858492639,40.18034011169398,0.4776514474694416,8283.0,4
115,27.871142988679253,40.50019721617252,0.4670693079321634,7936.0,4
116,26.572746956959712,36.164621774450566,0.36985176897641736,6362.0,4
117,25.822457678754567,33.455246091666666,0.2987251085254719,5573.0,4
118,25.42447148077268,33.1533057211141,0.3075764350852201,5753.0,4
119,26.36242213378257,38.731893957681926,0.4790444257828957,8435.0,4
120,25.50280010727764,35.75254810296494,0.3986456853204744,7306.0,4
121,26.471948133862433,36.39943160361551,0.3660889946185535,6641.0,4
122,26.451856226415075,36.058201727762814,0.3392287826957191,6166.0,4
123,25.5512210287834,34.16393440621942,0.3267021648506515,5856.0,4
124,28.564478195329666,38.61684165677657,0.35868634965505153,4704.285714,11
125,29.494486331593407,42.02868699734433,0.4409880415197766,6519.428571,11
126,25.14405622564103,33.57360166694139,0.2935862516426643,4098.0,11
127,27.403738549416914,37.733532126554906,0.3682624794537422,5005.0,11
128,29.383560797255026,45.3354274795061,0.5353675078003755,5709.285714,11
130,29.362050044752184,45.2787840813897,0.5327888079030094,5427.5,11
131,29.77591632246181,42.970462607457314,0.4705128346086936,5753.571429,11
132,29.75759639342041,44.27708854611927,0.5138370865080109,6718.5,11
136,26.766419354304038,38.80223721904761,0.42067411862465415,4595.0,11
137,26.96867871804029,37.23067778296702,0.33895111748448986,4425.0,11
138,26.53805245722739,36.08461742218231,0.3394085453393864,3745.0,11
139,25.868719653728657,36.706711160736745,0.4053518750245385,4754.375,11
140,26.260068479853487,37.29405107216118,0.4216867084861565,5721.428571,11
142,26.602369914914647,39.037956016891286,0.43759734320472143,4950.0,11
144,26.750387714106026,39.85482460098832,0.4604221293001194,4401.25,11
145,27.37878858492639,40.18034011169398,0.4776514474694416,6435.0,11
146,27.871142988679253,40.50019721617252,0.4670693079321634,5882.142857,11
147,26.572746956959712,36.164621774450566,0.36985176897641736,4718.571429,11
148,25.822457678754567,33.455246091666666,0.2987251085254719,4107.142857,11
149,25.42447148077268,33.1533057211141,0.3075764350852201,3721.875,11
150,26.36242213378257,38.731893957681926,0.4790444257828957,6139.285714,11
151,25.50280010727764,35.75254810296494,0.3986456853204744,5310.714286,11
152,26.471948133862433,36.39943160361551,0.3660889946185535,6872.0,11
153,26.451856226415075,36.058201727762814,0.3392287826957191,6365.0,11
154,25.5512210287834,34.16393440621942,0.3267021648506515,5992.0,11
155,28.564478195329666,38.61684165677657,0.35868634965505153,6714.0,18
156,29.494486331593407,42.02868699734433,0.4409880415197766,7717.0,18
157,25.14405622564103,33.57360166694139,0.2935862516426643,5457.0,18
158,27.403738549416914,37.733532126554906,0.3682624794537422,6988.0,18
160,28.48899484016173,40.469185906468994,0.41734193406100667,7360.0,18
161,29.362050044752184,45.2787840813897,0.5327888079030094,8611.0,18
162,29.77591632246181,42.970462607457314,0.4705128346086936,8180.0,18
163,29.75759639342041,44.27708854611927,0.5138370865080109,9013.0,18
165,29.34052075396825,40.68582583292181,0.38032530094032735,6763.0,18
166,28.05908833514286,44.41899472519048,0.4959132248282057,8172.0,18
167,26.766419354304038,38.80223721904761,0.42067411862465415,7270.0,18
168,26.96867871804029,37.23067778296702,0.33895111748448986,6076.0,18
169,26.53805245722739,36.08461742218231,0.3394085453393864,5909.0,18
171,26.260068479853487,37.29405107216118,0.4216867084861565,7917.0,18
172,27.166873286813182,40.150425865201456,0.4744418160667904,8160.0,18
174,26.105285082600737,36.31472878983517,0.3755168842980329,6435.0,18
175,26.750387714106026,39.85482460098832,0.4604221293001194,8219.0,18
176,27.37878858492639,40.18034011169398,0.4776514474694416,8488.0,18
177,27.871142988679253,40.50019721617252,0.4670693079321634,8120.0,18
178,26.572746956959712,36.164621774450566,0.36985176897641736,6479.0,18
179,25.822457678754567,33.455246091666666,0.2987251085254719,5716.0,18
180,25.42447148077268,33.1533057211141,0.3075764350852201,5903.0,18
181,26.36242213378257,38.731893957681926,0.4790444257828957,8652.0,18
182,25.50280010727764,35.75254810296494,0.3986456853204744,7489.0,18
183,26.471948133862433,36.39943160361551,0.3660889946185535,6814.0,18
184,26.451856226415075,36.058201727762814,0.3392287826957191,6332.0,18
185,25.5512210287834,34.16393440621942,0.3267021648506515,6007.0,18
186,28.564478195329666,38.61684165677657,0.35868634965505153,6615.0,19
187,29.494486331593407,42.02868699734433,0.4409880415197766,7674.0,19
188,25.14405622564103,33.57360166694139,0.2935862516426643,5348.0,19
191,28.48899484016173,40.469185906468994,0.41734193406100667,7237.0,19
192,29.362050044752184,45.2787840813897,0.5327888079030094,8431.0,19
193,29.77591632246181,42.970462607457314,0.4705128346086936,8091.0,19
194,29.75759639342041,44.27708854611927,0.5138370865080109,8879.0,19
196,29.34052075396825,40.68582583292181,0.38032530094032735,6658.0,19
197,28.05908833514286,44.41899472519048,0.4959132248282057,8038.0,19
198,26.766419354304038,38.80223721904761,0.42067411862465415,7130.0,19
199,26.96867871804029,37.23067778296702,0.33895111748448986,5837.0,19
200,26.53805245722739,36.08461742218231,0.3394085453393864,5834.0,19
202,26.260068479853487,37.29405107216118,0.4216867084861565,7710.0,19
203,27.166873286813182,40.150425865201456,0.4744418160667904,8038.0,19
205,26.105285082600737,36.31472878983517,0.3755168842980329,6341.0,19
206,26.750387714106026,39.85482460098832,0.4604221293001194,7062.125,19
207,27.37878858492639,40.18034011169398,0.4776514474694416,8319.0,19
208,27.871142988679253,40.50019721617252,0.4670693079321634,7977.0,19
209,26.572746956959712,36.164621774450566,0.36985176897641736,6389.0,19
210,25.822457678754567,33.455246091666666,0.2987251085254719,5619.0,19
211,25.42447148077268,33.1533057211141,0.3075764350852201,5794.0,19
212,26.36242213378257,38.731893957681926,0.4790444257828957,8399.0,19
213,25.50280010727764,35.75254810296494,0.3986456853204744,7405.0,19
214,26.471948133862433,36.39943160361551,0.3660889946185535,5889.625,19
215,26.451856226415075,36.058201727762814,0.3392287826957191,6264.0,19
216,25.5512210287834,34.16393440621942,0.3267021648506515,5953.0,19
217,28.564478195329666,38.61684165677657,0.35868634965505153,6676.0,21
218,29.494486331593407,42.02868699734433,0.4409880415197766,7586.0,21
219,25.14405622564103,33.57360166694139,0.2935862516426643,5424.0,21
220,27.403738549416914,37.733532126554906,0.3682624794537422,6974.0,21
222,28.48899484016173,40.469185906468994,0.41734193406100667,7275.0,21
223,29.362050044752184,45.2787840813897,0.5327888079030094,8589.0,21
224,29.77591632246181,42.970462607457314,0.4705128346086936,8028.0,21
225,29.75759639342041,44.27708854611927,0.5138370865080109,8910.0,21
227,29.34052075396825,40.68582583292181,0.38032530094032735,6727.0,21
228,28.05908833514286,44.41899472519048,0.4959132248282057,8150.0,21
229,26.766419354304038,38.80223721904761,0.42067411862465415,7317.0,21
230,26.96867871804029,37.23067778296702,0.33895111748448986,6142.0,21
231,26.53805245722739,36.08461742218231,0.3394085453393864,5918.0,21
233,26.260068479853487,37.29405107216118,0.4216867084861565,7916.0,21
234,27.166873286813182,40.150425865201456,0.4744418160667904,8178.0,21
236,26.105285082600737,36.31472878983517,0.3755168842980329,6355.0,21
237,26.750387714106026,39.85482460098832,0.4604221293001194,8209.0,21
238,27.37878858492639,40.18034011169398,0.4776514474694416,8435.0,21
239,27.871142988679253,40.50019721617252,0.4670693079321634,8074.0,21
240,26.572746956959712,36.164621774450566,0.36985176897641736,6438.0,21
241,25.822457678754567,33.455246091666666,0.2987251085254719,5692.0,21
242,25.42447148077268,33.1533057211141,0.3075764350852201,5883.0,21
243,26.36242213378257,38.731893957681926,0.4790444257828957,8558.0,21
244,25.50280010727764,35.75254810296494,0.3986456853204744,7404.0,21
245,26.471948133862433,36.39943160361551,0.3660889946185535,6757.0,21
246,26.451856226415075,36.058201727762814,0.3392287826957191,6304.0,21
247,25.5512210287834,34.16393440621942,0.3267021648506515,5929.0,21
248,28.564478195329666,38.61684165677657,0.35868634965505153,6384.0,22
249,29.494486331593407,42.02868699734433,0.4409880415197766,7464.0,22
250,25.14405622564103,33.57360166694139,0.2935862516426643,5319.0,22
251,27.403738549416914,37.733532126554906,0.3682624794537422,6805.0,22
252,29.383560797255026,45.3354274795061,0.5353675078003755,7617.0,22
254,29.362050044752184,45.2787840813897,0.5327888079030094,8471.0,22
255,29.77591632246181,42.970462607457314,0.4705128346086936,7985.0,22
256,29.75759639342041,44.27708854611927,0.5138370865080109,8745.0,22
260,26.766419354304038,38.80223721904761,0.42067411862465415,7248.0,22
261,26.96867871804029,37.23067778296702,0.33895111748448986,5796.0,22
262,26.53805245722739,36.08461742218231,0.3394085453393864,5796.0,22
263,25.868719653728657,36.706711160736745,0.4053518750245385,7287.0,22
264,26.260068479853487,37.29405107216118,0.4216867084861565,7774.0,22
266,26.602369914914647,39.037956016891286,0.43759734320472143,7535.0,22
268,26.750387714106026,39.85482460098832,0.4604221293001194,8085.0,22
269,27.37878858492639,40.18034011169398,0.4776514474694416,8271.0,22
270,27.871142988679253,40.50019721617252,0.4670693079321634,7955.0,22
271,26.572746956959712,36.164621774450566,0.36985176897641736,6392.0,22
272,25.822457678754567,33.455246091666666,0.2987251085254719,5561.0,22
273,25.42447148077268,33.1533057211141,0.3075764350852201,5753.0,22
274,26.36242213378257,38.731893957681926,0.4790444257828957,8378.0,22
275,25.50280010727764,35.75254810296494,0.3986456853204744,7289.0,22
276,26.471948133862433,36.39943160361551,0.3660889946185535,6639.0,22
277,26.451856226415075,36.058201727762814,0.3392287826957191,6191.0,22
278,25.5512210287834,34.16393440621942,0.3267021648506515,5871.0,22
279,28.564478195329666,38.61684165677657,0.35868634965505153,6705.0,23
280,29.494486331593407,42.02868699734433,0.4409880415197766,7867.0,23
281,25.14405622564103,33.57360166694139,0.2935862516426643,5506.0,23
284,28.48899484016173,40.469185906468994,0.41734193406100667,7378.0,23
285,29.362050044752184,45.2787840813897,0.5327888079030094,8783.0,23
286,29.77591632246181,42.970462607457314,0.4705128346086936,8397.0,23
287,29.75759639342041,44.27708854611927,0.5138370865080109,9163.0,23
289,29.34052075396825,40.68582583292181,0.38032530094032735,5999.875,23
290,28.05908833514286,44.41899472519048,0.4959132248282057,7300.125,23
291,26.766419354304038,38.80223721904761,0.42067411862465415,7419.0,23
292,26.96867871804029,37.23067778296702,0.33895111748448986,5933.0,23
293,26.53805245722739,36.08461742218231,0.3394085453393864,6127.0,23
295,26.260068479853487,37.29405107216118,0.4216867084861565,6849.428571,23
296,27.166873286813182,40.150425865201456,0.4744418160667904,8314.0,23
298,26.105285082600737,36.31472878983517,0.3755168842980329,5777.625,23
299,26.750387714106026,39.85482460098832,0.4604221293001194,7308.875,23
300,27.37878858492639,40.18034011169398,0.4776514474694416,7542.5,23
301,27.871142988679253,40.50019721617252,0.4670693079321634,8273.0,23
302,26.572746956959712,36.164621774450566,0.36985176897641736,6667.0,23
303,25.822457678754567,33.455246091666666,0.2987251085254719,5066.25,23
304,25.42447148077268,33.1533057211141,0.3075764350852201,5132.571429,23
305,26.36242213378257,38.731893957681926,0.4790444257828957,8774.0,23
306,25.50280010727764,35.75254810296494,0.3986456853204744,6641.25,23
307,26.471948133862433,36.39943160361551,0.3660889946185535,6916.0,23
308,26.451856226415075,36.058201727762814,0.3392287826957191,6396.0,23
309,25.5512210287834,34.16393440621942,0.3267021648506515,5237.142857,23
310,28.564478195329666,38.61684165677657,0.35868634965505153,3069.0,24
311,29.494486331593407,42.02868699734433,0.4409880415197766,4330.0,24
312,25.14405622564103,33.57360166694139,0.2935862516426643,2835.428571,24
313,27.403738549416914,37.733532126554906,0.3682624794537422,3639.428571,24
314,29.383560797255026,45.3354274795061,0.5353675078003755,4062.857143,24
315,28.48899484016173,40.469185906468994,0.41734193406100667,3862.857143,24
316,29.362050044752184,45.2787840813897,0.5327888079030094,4493.714286,24
317,29.77591632246181,42.970462607457314,0.4705128346086936,3720.0,24
318,29.75759639342041,44.27708854611927,0.5138370865080109,4062.0,24
320,29.34052075396825,40.68582583292181,0.38032530094032735,2628.428571,24
321,28.05908833514286,44.41899472519048,0.4959132248282057,4250.285714,24
322,26.766419354304038,38.80223721904761,0.42067411862465415,3329.0,24
323,26.96867871804029,37.23067778296702,0.33895111748448986,2793.0,24
324,26.53805245722739,36.08461742218231,0.3394085453393864,2689.0,24
325,25.868719653728657,36.706711160736745,0.4053518750245385,3421.0,24
326,26.260068479853487,37.29405107216118,0.4216867084861565,3618.5,24
327,27.166873286813182,40.150425865201456,0.4744418160667904,3198.0,24
328,26.602369914914647,39.037956016891286,0.43759734320472143,4037.142857,24
329,26.105285082600737,36.31472878983517,0.3755168842980329,2936.5,24
330,26.750387714106026,39.85482460098832,0.4604221293001194,2584.5,24
331,27.37878858492639,40.18034011169398,0.4776514474694416,3297.0,24
332,27.871142988679253,40.50019721617252,0.4670693079321634,4206.285714,24
333,26.572746956959712,36.164621774450566,0.36985176897641736,2512.714286,24
334,25.822457678754567,33.455246091666666,0.2987251085254719,2598.5,24
335,25.42447148077268,33.1533057211141,0.3075764350852201,2686.0,24
336,26.36242213378257,38.731893957681926,0.4790444257828957,4493.142857,24
337,25.50280010727764,35.75254810296494,0.3986456853204744,1979.0,24
338,26.471948133862433,36.39943160361551,0.3660889946185535,6192.0,24
339,26.451856226415075,36.058201727762814,0.3392287826957191,5757.0,24
340,25.5512210287834,34.16393440621942,0.3267021648506515,5460.0,24
341,28.564478195329666,38.61684165677657,0.35868634965505153,6438.0,25
342,29.494486331593407,42.02868699734433,0.4409880415197766,7519.0,25
343,25.14405622564103,33.57360166694139,0.2935862516426643,5400.0,25
344,27.403738549416914,37.733532126554906,0.3682624794537422,6951.0,25
345,29.383560797255026,45.3354274795061,0.5353675078003755,7837.0,25
347,29.362050044752184,45.2787840813897,0.5327888079030094,8627.0,25
348,29.77591632246181,42.970462607457314,0.4705128346086936,8041.0,25
349,29.75759639342041,44.27708854611927,0.5138370865080109,8869.0,25
353,26.766419354304038,38.80223721904761,0.42067411862465415,7345.0,25
354,26.96867871804029,37.23067778296702,0.33895111748448986,5969.0,25
355,26.53805245722739,36.08461742218231,0.3394085453393864,5781.0,25
356,25.868719653728657,36.706711160736745,0.4053518750245385,7465.0,25
357,26.260068479853487,37.29405107216118,0.4216867084861565,7883.0,25
359,26.602369914914647,39.037956016891286,0.43759734320472143,7803.0,25
361,26.750387714106026,39.85482460098832,0.4604221293001194,8277.0,25
362,27.37878858492639,40.18034011169398,0.4776514474694416,8444.0,25
363,27.871142988679253,40.50019721617252,0.4670693079321634,8265.0,25
364,26.572746956959712,36.164621774450566,0.36985176897641736,6559.0,25
365,25.822457678754567,33.455246091666666,0.2987251085254719,5692.0,25
366,25.42447148077268,33.1533057211141,0.3075764350852201,5888.0,25
367,26.36242213378257,38.731893957681926,0.4790444257828957,8496.0,25
368,25.50280010727764,35.75254810296494,0.3986456853204744,7369.0,25
369,26.471948133862433,36.39943160361551,0.3660889946185535,6777.0,25
370,26.451856226415075,36.058201727762814,0.3392287826957191,6305.0,25
371,25.5512210287834,34.16393440621942,0.3267021648506515,5957.0,25
372,28.564478195329666,38.61684165677657,0.35868634965505153,6450.0,26
373,29.494486331593407,42.02868699734433,0.4409880415197766,7391.0,26
374,25.14405622564103,33.57360166694139,0.2935862516426643,5286.0,26
375,27.403738549416914,37.733532126554906,0.3682624794537422,6790.0,26
377,28.48899484016173,40.469185906468994,0.41734193406100667,7000.0,26
378,29.362050044752184,45.2787840813897,0.5327888079030094,8395.0,26
379,29.77591632246181,42.970462607457314,0.4705128346086936,7556.0,26
380,29.75759639342041,44.27708854611927,0.5138370865080109,8085.0,26
382,29.34052075396825,40.68582583292181,0.38032530094032735,6564.0,26
383,28.05908833514286,44.41899472519048,0.4959132248282057,7951.0,26
384,26.766419354304038,38.80223721904761,0.42067411862465415,7146.0,26
385,26.96867871804029,37.23067778296702,0.33895111748448986,5965.0,26
386,26.53805245722739,36.08461742218231,0.3394085453393864,5751.0,26
388,26.260068479853487,37.29405107216118,0.4216867084861565,7699.0,26
389,27.166873286813182,40.150425865201456,0.4744418160667904,8009.0,26
391,26.105285082600737,36.31472878983517,0.3755168842980329,6197.0,26
392,26.750387714106026,39.85482460098832,0.4604221293001194,8019.0,26
393,27.37878858492639,40.18034011169398,0.4776514474694416,8217.0,26
394,27.871142988679253,40.50019721617252,0.4670693079321634,7846.0,26
395,26.572746956959712,36.164621774450566,0.36985176897641736,6277.0,26
396,25.822457678754567,33.455246091666666,0.2987251085254719,5521.0,26
397,25.42447148077268,33.1533057211141,0.3075764350852201,5710.0,26
398,26.36242213378257,38.731893957681926,0.4790444257828957,8255.0,26
399,25.50280010727764,35.75254810296494,0.3986456853204744,7165.0,26
400,26.471948133862433,36.39943160361551,0.3660889946185535,6564.0,26
401,26.451856226415075,36.058201727762814,0.3392287826957191,6124.0,26
402,25.5512210287834,34.16393440621942,0.3267021648506515,5758.0,26
403,28.564478195329666,38.61684165677657,0.35868634965505153,6173.0,30
404,29.494486331593407,42.02868699734433,0.4409880415197766,7397.0,30
405,25.14405622564103,33.57360166694139,0.2935862516426643,5364.0,30
406,27.403738549416914,37.733532126554906,0.3682624794537422,6938.0,30
407,29.383560797255026,45.3354274795061,0.5353675078003755,7778.0,30
409,29.362050044752184,45.2787840813897,0.5327888079030094,8475.0,30
410,29.77591632246181,42.970462607457314,0.4705128346086936,8032.0,30
411,29.75759639342041,44.27708854611927,0.5138370865080109,8812.0,30
415,26.766419354304038,38.80223721904761,0.42067411862465415,7341.0,30
416,26.96867871804029,37.23067778296702,0.33895111748448986,5915.0,30
417,26.53805245722739,36.08461742218231,0.3394085453393864,5509.0,30
418,25.868719653728657,36.706711160736745,0.4053518750245385,7350.0,30
419,26.260068479853487,37.29405107216118,0.4216867084861565,7786.0,30
421,26.602369914914647,39.037956016891286,0.43759734320472143,7796.0,30
423,26.750387714106026,39.85482460098832,0.4604221293001194,8214.0,30
424,27.37878858492639,40.18034011169398,0.4776514474694416,8344.0,30
425,27.871142988679253,40.50019721617252,0.4670693079321634,8240.0,30
426,26.572746956959712,36.164621774450566,0.36985176897641736,6578.0,30
427,25.822457678754567,33.455246091666666,0.2987251085254719,5662.0,30
428,25.42447148077268,33.1533057211141,0.3075764350852201,5851.0,30
429,26.36242213378257,38.731893957681926,0.4790444257828957,8354.0,30
430,25.50280010727764,35.75254810296494,0.3986456853204744,7261.0,30
431,26.471948133862433,36.39943160361551,0.3660889946185535,6795.0,30
432,26.451856226415075,36.058201727762814,0.3392287826957191,6261.0,30
433,25.5512210287834,34.16393440621942,0.3267021648506515,5952.0,30
434,28.564478195329666,38.61684165677657,0.35868634965505153,6233.0,32
435,29.494486331593407,42.02868699734433,0.4409880415197766,7438.0,32
436,25.14405622564103,33.57360166694139,0.2935862516426643,5365.0,32
437,27.403738549416914,37.733532126554906,0.3682624794537422,6910.0,32
438,29.383560797255026,45.3354274795061,0.5353675078003755,7766.0,32
440,29.362050044752184,45.2787840813897,0.5327888079030094,8152.0,32
441,29.77591632246181,42.970462607457314,0.4705128346086936,8002.0,32
442,29.75759639342041,44.27708854611927,0.5138370865080109,8807.0,32
446,26.766419354304038,38.80223721904761,0.42067411862465415,7364.0,32
447,26.96867871804029,37.23067778296702,0.33895111748448986,5894.0,32
448,26.53805245722739,36.08461742218231,0.3394085453393864,5637.0,32
449,25.868719653728657,36.706711160736745,0.4053518750245385,7361.0,32
450,26.260068479853487,37.29405107216118,0.4216867084861565,7807.0,32
452,26.602369914914647,39.037956016891286,0.43759734320472143,7741.0,32
454,26.750387714106026,39.85482460098832,0.4604221293001194,8172.0,32
455,27.37878858492639,40.18034011169398,0.4776514474694416,8291.0,32
456,27.871142988679253,40.50019721617252,0.4670693079321634,8240.0,32
457,26.572746956959712,36.164621774450566,0.36985176897641736,6565.0,32
458,25.822457678754567,33.455246091666666,0.2987251085254719,4955.125,32
459,25.42447148077268,33.1533057211141,0.3075764350852201,5849.0,32
460,26.36242213378257,38.731893957681926,0.4790444257828957,8389.0,32
461,25.50280010727764,35.75254810296494,0.3986456853204744,7302.0,32
462,26.471948133862433,36.39943160361551,0.3660889946185535,6732.0,32
463,26.451856226415075,36.058201727762814,0.3392287826957191,5462.625,32
464,25.5512210287834,34.16393440621942,0.3267021648506515,5950.0,32
465,28.564478195329666,38.61684165677657,0.35868634965505153,3674.857143,34
466,29.494486331593407,42.02868699734433,0.4409880415197766,4252.0,34
467,25.14405622564103,33.57360166694139,0.2935862516426643,2675.5,34
468,27.403738549416914,37.733532126554906,0.3682624794537422,3930.857143,34
469,29.383560797255026,45.3354274795061,0.5353675078003755,4471.428571,34
471,29.362050044752184,45.2787840813897,0.5327888079030094,4243.5,34
472,29.77591632246181,42.970462607457314,0.4705128346086936,4515.428571,34
473,29.75759639342041,44.27708854611927,0.5138370865080109,4380.0,34
477,26.766419354304038,38.80223721904761,0.42067411862465415,3613.0,34
478,26.96867871804029,37.23067778296702,0.33895111748448986,2565.857143,34
479,26.53805245722739,36.08461742218231,0.3394085453393864,2883.0,34
480,25.868719653728657,36.706711160736745,0.4053518750245385,3719.5,34
481,26.260068479853487,37.29405107216118,0.4216867084861565,3362.571429,34
483,26.602369914914647,39.037956016891286,0.43759734320472143,3879.5,34
485,26.750387714106026,39.85482460098832,0.4604221293001194,3449.0,34
486,27.37878858492639,40.18034011169398,0.4776514474694416,4185.5,34
487,27.871142988679253,40.50019721617252,0.4670693079321634,3501.428571,34
488,26.572746956959712,36.164621774450566,0.36985176897641736,2787.857143,34
489,25.822457678754567,33.455246091666666,0.2987251085254719,3230.857143,34
490,25.42447148077268,33.1533057211141,0.3075764350852201,2923.5,34
491,26.36242213378257,38.731893957681926,0.4790444257828957,3601.285714,34
492,25.50280010727764,35.75254810296494,0.3986456853204744,4175.428571,34
493,26.471948133862433,36.39943160361551,0.3660889946185535,6728.0,34
494,26.451856226415075,36.058201727762814,0.3392287826957191,6255.0,34
495,25.5512210287834,34.16393440621942,0.3267021648506515,5887.0,34
496,28.564478195329666,38.61684165677657,0.35868634965505153,6271.0,35
497,29.494486331593407,42.02868699734433,0.4409880415197766,7454.0,35
498,25.14405622564103,33.57360166694139,0.2935862516426643,5408.0,35
499,27.403738549416914,37.733532126554906,0.3682624794537422,6997.0,35
500,29.383560797255026,45.3354274795061,0.5353675078003755,7865.0,35
502,29.362050044752184,45.2787840813897,0.5327888079030094,8493.0,35
503,29.77591632246181,42.970462607457314,0.4705128346086936,8106.0,35
504,29.75759639342041,44.27708854611927,0.5138370865080109,8844.0,35
508,26.766419354304038,38.80223721904761,0.42067411862465415,7340.0,35
509,26.96867871804029,37.23067778296702,0.33895111748448986,6081.0,35
510,26.53805245722739,36.08461742218231,0.3394085453393864,5589.0,35
511,25.868719653728657,36.706711160736745,0.4053518750245385,7463.0,35
512,26.260068479853487,37.29405107216118,0.4216867084861565,7850.0,35
514,26.602369914914647,39.037956016891286,0.43759734320472143,7838.0,35
516,26.750387714106026,39.85482460098832,0.4604221293001194,7257.25,35
517,27.37878858492639,40.18034011169398,0.4776514474694416,7354.375,35
518,27.871142988679253,40.50019721617252,0.4670693079321634,8309.0,35
519,26.572746956959712,36.164621774450566,0.36985176897641736,6645.0,35
520,25.822457678754567,33.455246091666666,0.2987251085254719,4985.75,35
521,25.42447148077268,33.1533057211141,0.3075764350852201,5888.0,35
522,26.36242213378257,38.731893957681926,0.4790444257828957,7382.375,35
523,25.50280010727764,35.75254810296494,0.3986456853204744,7306.0,35
524,26.471948133862433,36.39943160361551,0.3660889946185535,6906.0,35
525,26.451856226415075,36.058201727762814,0.3392287826957191,5505.5,35
526,25.5512210287834,34.16393440621942,0.3267021648506515,5967.0,35
527,28.564478195329666,38.61684165677657,0.35868634965505153,3738.857143,37
528,29.494486331593407,42.02868699734433,0.4409880415197766,4302.857143,37
529,25.14405622564103,33.57360166694139,0.2935862516426643,2696.5,37
530,27.403738549416914,37.733532126554906,0.3682624794537422,2981.142857,37
531,29.383560797255026,45.3354274795061,0.5353675078003755,3347.571429,37
533,29.362050044752184,45.2787840813897,0.5327888079030094,3687.857143,37
534,29.77591632246181,42.970462607457314,0.4705128346086936,3411.857143,37
535,29.75759639342041,44.27708854611927,0.5138370865080109,4429.5,37
539,26.766419354304038,38.80223721904761,0.42067411862465415,3119.142857,37
540,26.96867871804029,37.23067778296702,0.33895111748448986,2677.285714,37
541,26.53805245722739,36.08461742218231,0.3394085453393864,2227.125,37
542,25.868719653728657,36.706711160736745,0.4053518750245385,2821.875,37
543,26.260068479853487,37.29405107216118,0.4216867084861565,3953.5,37
545,26.602369914914647,39.037956016891286,0.43759734320472143,3874.0,37
547,26.750387714106026,39.85482460098832,0.4604221293001194,3216.5,37
548,27.37878858492639,40.18034011169398,0.4776514474694416,4221.5,37
549,27.871142988679253,40.50019721617252,0.4670693079321634,3432.857143,37
550,26.572746956959712,36.164621774450566,0.36985176897641736,2752.714286,37
551,25.822457678754567,33.455246091666666,0.2987251085254719,2421.857143,37
552,25.42447148077268,33.1533057211141,0.3075764350852201,2195.25,37
553,26.36242213378257,38.731893957681926,0.4790444257828957,4230.5,37
554,25.50280010727764,35.75254810296494,0.3986456853204744,3141.0,37
555,26.471948133862433,36.39943160361551,0.3660889946185535,6746.0,37
556,26.451856226415075,36.058201727762814,0.3392287826957191,6274.0,37
557,25.5512210287834,34.16393440621942,0.3267021648506515,5147.625,37
558,28.564478195329666,38.61684165677657,0.35868634965505153,6488.0,38
559,29.494486331593407,42.02868699734433,0.4409880415197766,7486.0,38
560,25.14405622564103,33.57360166694139,0.2935862516426643,5347.0,38
561,27.403738549416914,37.733532126554906,0.3682624794537422,6892.0,38
562,29.383560797255026,45.3354274795061,0.5353675078003755,7886.0,38
564,29.362050044752184,45.2787840813897,0.5327888079030094,8543.0,38
565,29.77591632246181,42.970462607457314,0.4705128346086936,7876.0,38
566,29.75759639342041,44.27708854611927,0.5138370865080109,8802.0,38
570,26.766419354304038,38.80223721904761,0.42067411862465415,7142.0,38
571,26.96867871804029,37.23067778296702,0.33895111748448986,6300.0,38
572,26.53805245722739,36.08461742218231,0.3394085453393864,5931.0,38
573,25.868719653728657,36.706711160736745,0.4053518750245385,7446.0,38
574,26.260068479853487,37.29405107216118,0.4216867084861565,7839.0,38
576,26.602369914914647,39.037956016891286,0.43759734320472143,7739.0,38
578,26.750387714106026,39.85482460098832,0.4604221293001194,6342.0,38
579,27.37878858492639,40.18034011169398,0.4776514474694416,7793.0,38
580,27.871142988679253,40.50019721617252,0.4670693079321634,7629.0,38
581,26.572746956959712,36.164621774450566,0.36985176897641736,6412.0,38
582,25.822457678754567,33.455246091666666,0.2987251085254719,5599.0,38
583,25.42447148077268,33.1533057211141,0.3075764350852201,5803.0,38
584,26.36242213378257,38.731893957681926,0.4790444257828957,8363.0,38
585,25.50280010727764,35.75254810296494,0.3986456853204744,7238.0,38
586,26.471948133862433,36.39943160361551,0.3660889946185535,6716.0,38
587,26.451856226415075,36.058201727762814,0.3392287826957191,6201.0,38
588,25.5512210287834,34.16393440621942,0.3267021648506515,5819.0,38
589,28.564478195329666,38.61684165677657,0.35868634965505153,6374.0,39
590,29.494486331593407,42.02868699734433,0.4409880415197766,7507.0,39
591,25.14405622564103,33.57360166694139,0.2935862516426643,5390.0,39
592,27.403738549416914,37.733532126554906,0.3682624794537422,6924.0,39
593,29.383560797255026,45.3354274795061,0.5353675078003755,7737.0,39
595,29.362050044752184,45.2787840813897,0.5327888079030094,8674.0,39
596,29.77591632246181,42.970462607457314,0.4705128346086936,7277.0,39
597,29.75759639342041,44.27708854611927,0.5138370865080109,8443.0,39
601,26.766419354304038,38.80223721904761,0.42067411862465415,7396.0,39
603,26.53805245722739,36.08461742218231,0.3394085453393864,5794.0,39
604,25.868719653728657,36.706711160736745,0.4053518750245385,7421.0,39
605,26.260068479853487,37.29405107216118,0.4216867084861565,7888.0,39
607,26.602369914914647,39.037956016891286,0.43759734320472143,7723.0,39
609,26.750387714106026,39.85482460098832,0.4604221293001194,8183.0,39
610,27.37878858492639,40.18034011169398,0.4776514474694416,8358.0,39
611,27.871142988679253,40.50019721617252,0.4670693079321634,8136.0,39
612,26.572746956959712,36.164621774450566,0.36985176897641736,6498.0,39
613,25.822457678754567,33.455246091666666,0.2987251085254719,5647.0,39
614,25.42447148077268,33.1533057211141,0.3075764350852201,5837.0,39
615,26.36242213378257,38.731893957681926,0.4790444257828957,8435.0,39
616,25.50280010727764,35.75254810296494,0.3986456853204744,7315.0,39
617,26.471948133862433,36.39943160361551,0.3660889946185535,6696.0,39
618,26.451856226415075,36.058201727762814,0.3392287826957191,5719.0,39
619,25.5512210287834,34.16393440621942,0.3267021648506515,5817.0,39
620,28.564478195329666,38.61684165677657,0.35868634965505153,6419.0,40
621,29.494486331593407,42.02868699734433,0.4409880415197766,7480.0,40
622,25.14405622564103,33.57360166694139,0.2935862516426643,5390.0,40
623,27.403738549416914,37.733532126554906,0.3682624794537422,6932.0,40
624,29.383560797255026,45.3354274795061,0.5353675078003755,7944.0,40
626,29.362050044752184,45.2787840813897,0.5327888079030094,8544.0,40
627,29.77591632246181,42.970462607457314,0.4705128346086936,7958.0,40
628,29.75759639342041,44.27708854611927,0.5138370865080109,8813.0,40
632,26.766419354304038,38.80223721904761,0.42067411862465415,7290.0,40
633,26.96867871804029,37.23067778296702,0.33895111748448986,6047.0,40
634,26.53805245722739,36.08461742218231,0.3394085453393864,5742.0,40
635,25.868719653728657,36.706711160736745,0.4053518750245385,7451.0,40
636,26.260068479853487,37.29405107216118,0.4216867084861565,7836.0,40
638,26.602369914914647,39.037956016891286,0.43759734320472143,7817.0,40
640,26.750387714106026,39.85482460098832,0.4604221293001194,8260.0,40
641,27.37878858492639,40.18034011169398,0.4776514474694416,8377.0,40
642,27.871142988679253,40.50019721617252,0.4670693079321634,8289.0,40
643,26.572746956959712,36.164621774450566,0.36985176897641736,6560.0,40
644,25.822457678754567,33.455246091666666,0.2987251085254719,4962.125,40
645,25.42447148077268,33.1533057211141,0.3075764350852201,5863.0,40
646,26.36242213378257,38.731893957681926,0.4790444257828957,8410.0,40
647,25.50280010727764,35.75254810296494,0.3986456853204744,7320.0,40
648,26.471948133862433,36.39943160361551,0.3660889946185535,6820.0,40
649,26.451856226415075,36.058201727762814,0.3392287826957191,5479.25,40
650,25.5512210287834,34.16393440621942,0.3267021648506515,5910.0,40
