,Year,Month,Day,DNI,DNI Max,DNI Min,Dew Point,Wind Speed,Precipitable Water,Wind Direction,Relative Humidity,Temperature,Pressure
0,2019,1,1,722.4,952,45,-3.669999999999999,2.12,0.5549999999999998,47.75,43.413999999999994,8.555,1004.55
1,2019,1,2,714.1,925,67,0.7899999999999999,1.465,1.0,66.05,57.27749999999999,9.149999999999999,1004.4
2,2019,1,3,480.1,899,14,2.2399999999999993,2.04,0.9749999999999999,75.85,64.87450000000001,8.680000000000003,1001.75
3,2019,1,4,579.95,912,30,5.33,1.675,0.9850000000000003,111.3,73.46400000000001,9.970000000000002,994.65
4,2019,1,5,25.38888888888889,93,1,9.966666666666665,6.1944444444444455,1.9555555555555548,182.5,90.36555555555556,11.499999999999998,985.0
5,2019,1,6,6.333333333333333,9,1,9.333333333333334,5.033333333333333,2.0666666666666664,183.0,95.49333333333334,10.033333333333333,989.6666666666666
6,2019,1,7,123.1,294,6,8.950000000000001,1.6449999999999996,1.9350000000000005,142.15,79.384,12.530000000000003,999.45
7,2019,1,8,9.0,17,1,12.05,2.8,2.45,151.0,96.725,12.600000000000001,995.5
8,2019,1,9,118.05,332,9,11.625,2.7,1.7000000000000004,194.35,91.75299999999999,12.960000000000003,998.55
9,2019,1,10,391.05,786,28,9.705000000000002,1.2900000000000003,1.3400000000000003,126.05,84.0095,12.460000000000003,999.9
10,2019,1,11,41.857142857142854,174,2,9.921428571428569,2.8857142857142857,2.3285714285714283,106.0,84.86,12.421428571428573,991.8571428571429
11,2019,1,12,435.22222222222223,864,2,9.327777777777778,2.2499999999999996,1.7944444444444447,114.66666666666667,79.9827777777778,12.82777777777778,995.6111111111111
12,2019,1,13,316.0,539,43,8.399999999999999,2.475,1.3899999999999995,96.15,77.03699999999998,12.450000000000001,995.95
13,2019,1,14,48.75,180,1,7.3999999999999995,3.6437500000000007,1.75,112.5,76.98437499999999,11.312500000000002,991.9375
14,2019,1,15,37.27272727272727,116,1,9.390909090909092,3.8,2.0363636363636366,123.0,90.76454545454546,10.872727272727273,989.2727272727273
15,2019,1,16,6.0,14,1,11.5,5.659999999999999,2.3200000000000003,153.6,92.82399999999998,12.66,991.0
16,2019,1,17,88.53333333333333,201,2,10.673333333333334,4.16,1.5800000000000005,231.8,85.04933333333334,13.146666666666668,996.4
17,2019,1,18,171.5625,355,6,9.881250000000001,1.6687500000000002,1.9437499999999994,157.25,78.833125,13.618750000000002,1005.875
18,2019,1,19,193.7,581,14,11.8,0.835,1.8050000000000002,183.8,80.25750000000001,15.220000000000002,1006.0
19,2019,1,20,27.466666666666665,111,2,11.379999999999999,4.239999999999999,1.9466666666666663,251.06666666666666,91.42266666666667,12.760000000000002,997.0
20,2019,1,21,751.6,934,143,6.955,2.4150000000000005,1.0550000000000002,325.9,74.21,11.53,1003.45
21,2019,1,22,653.8,936,89,3.815,2.2,1.1799999999999997,249.3,59.9995,11.445,1009.55
22,2019,1,23,744.1,933,164,6.259999999999999,1.2400000000000004,1.2199999999999998,119.3,69.57900000000001,11.750000000000002,1009.4
23,2019,1,24,746.4761904761905,956,30,7.790476190476189,1.5,0.8571428571428574,180.47619047619048,73.95714285714287,12.47142857142857,1004.2857142857143
24,2019,1,25,715.2857142857143,957,27,7.166666666666667,1.9571428571428566,0.6095238095238094,43.476190476190474,71.98476190476192,12.276190476190477,1003.6666666666666
25,2019,1,26,290.8095238095238,486,22,7.519047619047621,2.2952380952380946,0.8333333333333337,46.38095238095238,75.29380952380953,11.857142857142858,1004.8095238095239
26,2019,1,27,449.95238095238096,909,22,10.199999999999998,1.6619047619047616,1.152380952380952,95.33333333333333,77.22761904761904,14.228571428571431,1000.9047619047619
27,2019,1,28,120.0,444,8,9.814285714285713,1.1666666666666667,1.3238095238095238,130.0952380952381,75.73666666666665,14.123809523809522,996.9047619047619
28,2019,1,29,352.0,636,4,10.75263157894737,1.0368421052631578,2.031578947368421,256.42105263157896,84.65684210526314,13.394736842105265,995.2631578947369
29,2019,1,30,585.047619047619,896,12,10.004761904761903,0.7952380952380952,2.0142857142857147,179.61904761904762,77.9947619047619,13.895238095238096,992.5714285714286
30,2019,1,31,349.6875,761,1,11.575,1.0374999999999999,1.9625,184.4375,91.265625,12.974999999999998,991.9375
31,2019,2,1,71.0,221,1,10.746666666666668,3.4933333333333336,2.266666666666667,154.4,90.78000000000002,12.219999999999999,989.6
32,2019,2,2,152.94117647058823,444,3,9.2,5.441176470588236,1.523529411764706,174.41176470588235,79.53352941176475,12.694117647058823,979.0588235294117
33,2019,2,3,69.47058823529412,343,1,8.670588235294119,4.68235294117647,1.517647058823529,241.1764705882353,86.69294117647061,10.823529411764705,985.7058823529412
34,2019,2,4,177.42105263157896,558,1,4.942105263157896,4.926315789473684,1.105263157894737,262.42105263157896,83.00947368421055,7.673684210526316,983.8947368421053
35,2019,2,5,665.2857142857143,974,31,0.9857142857142855,2.533333333333333,0.6619047619047616,319.8095238095238,66.3485714285714,7.004761904761906,992.8095238095239
36,2019,2,6,582.3333333333334,945,22,4.257142857142857,1.8999999999999992,0.9952380952380951,315.3333333333333,70.10666666666668,9.585714285714284,1001.7142857142857
37,2019,2,7,341.14285714285717,792,21,1.8904761904761906,1.919047619047619,0.8761904761904766,102.0952380952381,64.83190476190475,8.304761904761905,1004.7142857142857
38,2019,2,8,52.61538461538461,182,1,6.0076923076923086,3.130769230769231,1.4923076923076926,121.15384615384616,88.53923076923077,7.807692307692308,997.7692307692307
39,2019,2,9,133.88888888888889,327,1,6.377777777777778,3.938888888888889,1.3666666666666665,236.27777777777777,84.01833333333335,8.944444444444445,993.7222222222222
40,2019,2,10,474.1818181818182,919,1,3.063636363636364,3.386363636363636,0.8454545454545457,292.6363636363636,74.28590909090907,7.445454545454547,996.4545454545455
41,2019,2,11,403.54545454545456,932,4,3.5545454545454547,1.6636363636363638,0.9636363636363633,193.13636363636363,67.67636363636363,9.331818181818184,1002.3181818181819
42,2019,2,12,28.5,129,1,4.9,2.5562500000000004,1.29375,129.625,78.35249999999999,8.5375,993.5625
43,2019,2,13,7.875,30,1,12.312500000000002,4.8125,2.5625,155.625,94.48,13.1875,981.25
44,2019,2,14,238.21052631578948,737,1,7.884210526315789,5.268421052631578,1.2842105263157895,247.47368421052633,83.29473684210525,10.642105263157895,982.5263157894736
45,2019,2,15,380.94444444444446,763,25,6.038888888888889,3.8777777777777778,1.2055555555555557,246.94444444444446,84.14777777777778,8.577777777777778,995.1111111111111
46,2019,2,16,280.77272727272725,741,2,5.2272727272727275,4.9363636363636365,1.0272727272727271,292.45454545454544,76.89045454545455,9.136363636363637,1000.9090909090909
47,2019,2,17,680.8181818181819,954,12,4.154545454545454,3.4863636363636363,0.9045454545454544,314.8181818181818,75.61318181818184,8.354545454545455,996.7727272727273
48,2019,2,18,766.2727272727273,1004,62,1.0,3.5136363636363623,0.5181818181818181,132.0,58.42363636363635,8.963636363636363,1003.4090909090909
49,2019,2,19,722.0,972,21,2.3272727272727267,2.145454545454545,0.7454545454545457,204.45454545454547,61.757727272727266,9.590909090909092,1002.9545454545455
50,2019,2,20,545.4782608695652,934,15,5.643478260869567,4.2043478260869565,1.0999999999999999,305.4347826086956,76.49695652173914,9.708695652173912,992.0434782608696
51,2019,2,21,735.0434782608696,1000,27,2.221739130434783,4.5260869565217385,0.6391304347826086,233.56521739130434,62.99173913043479,9.143478260869564,989.0869565217391
52,2019,2,22,736.8260869565217,986,30,0.33913043478260874,1.973913043478261,0.7652173913043481,226.17391304347825,57.01913043478261,8.795652173913043,1000.2173913043479
53,2019,2,23,165.0,479,6,4.736363636363635,1.3999999999999997,1.4863636363636368,228.45454545454547,70.31272727272726,10.059090909090909,1006.3181818181819
54,2019,2,24,83.05555555555556,277,3,6.966666666666668,1.911111111111111,1.5555555555555556,228.05555555555554,75.68222222222224,11.177777777777777,1001.5
55,2019,2,25,38.4,123,2,9.166666666666664,4.986666666666667,2.0733333333333333,181.66666666666666,89.8,10.8,994.9333333333333
56,2019,2,26,12.4375,55,1,11.268750000000002,5.2437499999999995,2.6000000000000005,168.125,94.43624999999999,12.125000000000002,992.4375
57,2019,2,27,61.63157894736842,383,2,10.510526315789475,3.8947368421052624,1.5999999999999999,227.42105263157896,87.67052631578946,12.552631578947368,996.1052631578947
58,2019,2,28,477.95652173913044,921,12,5.721739130434783,1.6739130434782603,1.2913043478260868,268.3478260869565,71.85217391304347,10.695652173913047,1000.3913043478261
59,2019,3,1,82.1,298,1,5.110000000000001,0.945,1.58,123.65,67.3285,11.004999999999999,997.3
60,2019,3,2,86.13636363636364,498,1,11.913636363636364,1.1090909090909091,2.1500000000000004,198.95454545454547,94.61772727272728,12.76818181818182,990.1818181818181
61,2019,3,3,69.42857142857143,431,1,10.707142857142857,2.657142857142857,1.6714285714285713,258.0,92.87857142857145,11.842857142857143,997.2857142857143
62,2019,3,4,115.04761904761905,318,2,8.176190476190476,1.8904761904761902,1.1952380952380957,262.4761904761905,83.38238095238096,10.942857142857141,999.1904761904761
63,2019,3,5,38.18181818181818,128,3,9.51818181818182,2.8,2.0909090909090904,142.9090909090909,92.38636363636364,10.718181818181819,991.2727272727273
64,2019,3,6,178.2941176470588,755,1,9.829411764705881,4.711764705882353,1.6470588235294117,209.76470588235293,85.35176470588236,12.252941176470587,986.6470588235294
65,2019,3,7,185.5909090909091,424,10,5.972727272727272,3.140909090909091,1.163636363636364,277.22727272727275,79.14,9.445454545454545,996.3181818181819
66,2019,3,8,603.25,938,15,4.383333333333334,4.2875000000000005,0.9291666666666668,285.25,73.23625,8.987499999999999,997.8333333333334
67,2019,3,9,188.10526315789474,681,4,7.1421052631578945,3.8157894736842106,1.3578947368421055,191.78947368421052,86.42105263157893,9.33157894736842,992.7894736842105
68,2019,3,10,212.20833333333334,746,3,7.175000000000001,1.9666666666666668,1.3999999999999997,88.45833333333333,80.65916666666666,10.433333333333334,994.3333333333334
69,2019,3,11,798.4166666666666,994,103,6.779166666666666,1.9000000000000004,0.8250000000000001,217.83333333333334,69.21625,12.549999999999999,997.7083333333334
70,2019,3,12,710.9583333333334,961,92,7.691666666666669,5.5249999999999995,1.029166666666667,303.0,75.78958333333334,11.945833333333333,993.4583333333334
71,2019,3,13,815.375,1006,113,4.233333333333333,3.266666666666667,0.5791666666666664,283.75,62.41541666666666,11.408333333333337,1002.875
72,2019,3,14,787.375,995,149,5.116666666666666,2.066666666666667,0.7166666666666668,82.16666666666667,62.150833333333345,12.404166666666667,1004.1666666666666
73,2019,3,15,785.625,975,131,7.275000000000002,1.3916666666666668,1.054166666666667,113.08333333333333,65.03875000000001,13.979166666666666,1003.2083333333334
74,2019,3,16,790.1666666666666,974,154,9.45,0.9625,1.0541666666666671,207.58333333333334,69.23333333333335,15.387499999999998,1001.5416666666666
75,2019,3,17,585.125,966,50,10.445833333333333,0.9374999999999999,1.1166666666666663,44.625,69.29124999999999,16.3875,999.25
76,2019,3,18,773.0833333333334,964,182,11.158333333333333,1.3416666666666666,1.3624999999999998,137.16666666666666,66.91708333333331,17.604166666666664,994.5416666666666
77,2019,3,19,248.33333333333334,517,3,9.304166666666665,1.2875000000000003,1.4125000000000003,180.95833333333334,68.92625000000001,15.35,991.7083333333334
78,2019,3,20,498.3181818181818,930,5,9.072727272727272,3.3,1.55,245.9090909090909,82.87272727272726,11.945454545454545,996.1363636363636
79,2019,3,21,766.0416666666666,963,232,6.545833333333333,1.9000000000000004,1.0125,282.125,66.55000000000003,12.833333333333334,999.5
80,2019,3,22,29.266666666666666,125,1,9.813333333333333,2.9466666666666668,2.2466666666666666,165.0,87.05533333333332,11.94,1000.9333333333333
81,2019,3,23,597.24,922,7,8.323999999999998,2.9600000000000004,1.0879999999999996,278.68,74.96239999999999,12.74,1002.4
82,2019,3,24,393.9230769230769,752,4,7.953846153846154,1.2115384615384615,0.8807692307692309,139.07692307692307,73.89846153846153,12.64230769230769,1002.0
83,2019,3,25,41.421052631578945,141,1,11.315789473684207,3.8842105263157887,2.2526315789473683,191.31578947368422,89.02315789473685,13.1,998.5263157894736
84,2019,3,26,420.88461538461536,940,1,8.592307692307694,1.3923076923076918,1.4538461538461538,218.30769230769232,71.84346153846155,13.7,995.8846153846154
85,2019,3,27,366.5,914,6,10.070833333333335,4.070833333333334,1.3625,225.91666666666666,81.05958333333334,13.333333333333337,995.625
86,2019,3,28,202.70833333333334,732,2,8.954166666666666,3.0124999999999997,1.3874999999999993,225.125,78.50708333333334,12.725,1003.0416666666666
87,2019,3,29,702.5384615384615,974,41,8.407692307692304,2.3192307692307694,1.1807692307692306,303.38461538461536,74.72307692307693,12.988461538461538,1006.9230769230769
88,2019,3,30,731.8076923076923,956,38,9.184615384615384,1.9769230769230772,1.3346153846153845,309.8076923076923,71.88653846153846,14.453846153846152,1003.1153846153846
89,2019,3,31,621.4615384615385,953,3,10.003846153846155,1.2499999999999998,1.5653846153846152,306.88461538461536,67.27846153846154,16.623076923076926,1000.3461538461538
90,2019,4,1,103.52380952380952,311,2,11.747619047619047,1.0571428571428567,2.2571428571428562,259.1904761904762,81.97285714285715,14.861904761904757,995.4761904761905
91,2019,4,2,92.28571428571429,375,1,11.49047619047619,3.123809523809523,2.0476190476190474,228.47619047619048,89.25666666666665,13.23809523809524,991.952380952381
92,2019,4,3,28.304347826086957,205,2,10.913043478260873,1.6608695652173915,1.8782608695652163,235.43478260869566,83.66521739130434,13.673913043478263,996.9565217391304
93,2019,4,4,90.19047619047619,174,2,9.838095238095235,2.4095238095238085,1.7809523809523806,201.95238095238096,76.31428571428572,14.014285714285712,996.3333333333334
94,2019,4,5,83.72222222222223,499,1,11.47777777777778,2.505555555555556,1.8277777777777777,202.27777777777777,84.99055555555557,14.005555555555558,996.1666666666666
95,2019,4,6,135.70833333333334,656,1,11.783333333333333,2.2624999999999997,2.520833333333334,197.58333333333334,83.85708333333332,14.591666666666663,999.5
96,2019,4,7,327.6923076923077,839,6,14.265384615384617,1.4923076923076926,2.3884615384615384,226.92307692307693,83.10846153846154,17.276923076923076,1004.8846153846154
97,2019,4,8,246.7826086956522,666,1,14.286956521739128,2.4217391304347826,2.7478260869565223,251.1304347826087,87.5326086956522,16.41304347826087,1002.2608695652174
98,2019,4,9,756.2307692307693,962,72,8.55769230769231,4.673076923076923,1.073076923076923,312.34615384615387,69.87461538461538,14.192307692307695,1004.3076923076923
99,2019,4,10,740.0,974,84,8.330769230769233,3.565384615384615,0.9153846153846156,322.03846153846155,66.16192307692309,14.873076923076923,1005.8461538461538
100,2019,4,11,296.5,830,9,9.33846153846154,4.43076923076923,1.7884615384615379,307.65384615384613,77.06961538461539,13.357692307692306,1000.0
101,2019,4,12,735.8846153846154,955,80,9.515384615384619,2.9153846153846152,1.3576923076923075,319.61538461538464,68.625,15.53846153846154,994.1538461538462
102,2019,4,13,543.8148148148148,900,8,10.896296296296297,1.5666666666666667,1.62962962962963,267.74074074074076,73.25666666666667,15.996296296296297,995.8888888888889
103,2019,4,14,473.1111111111111,925,10,9.200000000000001,4.107407407407406,1.896296296296296,275.0,80.79074074074072,12.503703703703703,994.3703703703703
104,2019,4,15,188.47826086956522,801,1,7.943478260869565,2.739130434782608,2.052173913043478,240.43478260869566,80.24391304347824,11.34782608695652,991.8695652173913
105,2019,4,16,533.4074074074074,893,1,9.52962962962963,2.7481481481481476,1.211111111111111,301.5925925925926,76.30592592592592,13.818518518518514,997.7037037037037
106,2019,4,17,710.5185185185185,958,9,10.955555555555557,1.518518518518519,1.5814814814814824,279.48148148148147,74.06814814814814,15.885185185185186,1002.2962962962963
107,2019,4,18,702.4074074074074,939,18,13.38888888888889,0.9851851851851853,1.6629629629629632,159.22222222222223,71.08407407407407,19.107407407407408,999.1851851851852
108,2019,4,19,481.25925925925924,899,8,12.885185185185184,2.0444444444444443,1.5629629629629636,270.5925925925926,79.5325925925926,16.570370370370373,993.6666666666666
109,2019,4,20,671.2962962962963,954,18,10.040740740740743,5.2148148148148135,1.1851851851851851,278.0740740740741,81.47703703703706,13.229629629629628,993.9629629629629
110,2019,4,21,744.074074074074,967,7,11.162962962962963,2.744444444444444,1.2,301.51851851851853,76.20074074074074,15.537037037037036,999.2592592592592
111,2019,4,22,770.3333333333334,972,70,11.574074074074073,2.2814814814814817,1.1703703703703703,343.2962962962963,63.9374074074074,18.918518518518518,998.4444444444445
112,2019,4,23,715.3333333333334,924,22,13.881481481481485,1.3888888888888888,2.166666666666666,175.40740740740742,61.91703703703703,21.762962962962963,995.7777777777778
113,2019,4,24,706.6071428571429,929,9,16.16071428571428,1.614285714285714,2.2250000000000005,297.89285714285717,74.9175,20.996428571428574,994.0714285714286
114,2019,4,25,711.8928571428571,947,9,12.514285714285714,2.6535714285714294,1.1785714285714286,261.64285714285717,78.70142857142856,16.33214285714286,994.4642857142857
115,2019,4,26,485.92857142857144,883,11,12.964285714285717,1.7142857142857142,1.4464285714285712,268.5357142857143,74.6557142857143,17.803571428571434,994.0357142857143
116,2019,4,27,362.85714285714283,814,10,11.692857142857145,2.5714285714285707,1.0285714285714285,242.21428571428572,79.105,15.407142857142858,993.4642857142857
117,2019,4,28,532.4642857142857,928,6,10.12142857142857,1.942857142857143,1.1892857142857145,239.39285714285714,75.23392857142858,14.639285714285714,990.2857142857143
118,2019,4,29,627.5357142857143,884,9,11.403571428571428,2.8285714285714287,1.403571428571428,235.64285714285714,82.40285714285713,14.425,990.1428571428571
119,2019,4,30,592.0,935,2,9.477777777777778,2.9777777777777783,1.1555555555555554,263.2962962962963,72.99703703703703,14.3962962962963,994.4814814814815
120,2019,5,1,700.5,946,31,10.403571428571428,2.007142857142857,1.1035714285714282,264.82142857142856,69.68035714285715,16.26071428571429,997.0357142857143
121,2019,5,2,752.7142857142857,974,18,8.93214285714286,2.3035714285714284,0.5928571428571426,280.32142857142856,64.46035714285715,16.110714285714288,997.2857142857143
122,2019,5,3,694.8214285714286,951,18,10.057142857142859,2.103571428571428,0.8214285714285717,259.67857142857144,70.09857142857142,15.903571428571428,995.0714285714286
123,2019,5,4,588.1071428571429,943,2,8.782142857142857,2.8321428571428564,0.9535714285714283,260.57142857142856,73.39642857142857,13.63928571428571,992.8571428571429
124,2019,5,5,469.6666666666667,953,3,7.954166666666667,3.670833333333333,1.220833333333333,248.66666666666666,71.74458333333332,13.045833333333334,991.0416666666666
125,2019,5,6,101.76923076923077,295,1,9.423076923076923,2.911538461538461,1.6346153846153855,233.92307692307693,75.45961538461539,13.79615384615385,993.1923076923077
126,2019,5,7,407.74074074074076,900,1,10.866666666666665,2.392592592592593,1.8629629629629625,244.07407407407408,78.72407407407408,14.644444444444444,998.1851851851852
127,2019,5,8,431.5,900,6,12.480769230769234,1.946153846153846,2.2269230769230774,239.1153846153846,79.55846153846156,16.126923076923077,994.7692307692307
128,2019,5,9,152.7037037037037,542,3,12.170370370370373,2.714814814814815,1.833333333333334,236.2962962962963,83.10370370370372,15.088888888888889,989.1111111111111
129,2019,5,10,599.6538461538462,917,4,11.953846153846156,1.8538461538461546,1.4346153846153848,226.6153846153846,69.39423076923079,17.88076923076923,990.4615384615385
130,2019,5,11,588.8461538461538,920,3,11.549999999999999,2.403846153846154,1.3961538461538454,265.53846153846155,75.98653846153849,15.946153846153841,994.7692307692307
131,2019,5,12,563.6206896551724,933,2,10.93103448275862,3.2655172413793103,1.389655172413792,274.3448275862069,76.76,15.162068965517243,995.3448275862069
132,2019,5,13,404.6896551724138,880,14,11.43793103448276,3.310344827586207,1.7482758620689651,267.7931034482759,80.28758620689653,14.886206896551725,996.5862068965517
133,2019,5,14,89.70833333333333,236,4,10.066666666666668,2.8791666666666664,2.270833333333332,269.75,76.30666666666666,14.233333333333334,996.6666666666666
134,2019,5,15,11.0,45,1,12.699999999999996,4.261111111111112,2.761111111111111,174.61111111111111,81.05555555555554,16.01111111111111,989.5555555555555
135,2019,5,16,50.88,207,1,9.284,5.244000000000001,1.8439999999999994,245.36,82.21840000000002,12.255999999999998,991.96
136,2019,5,17,254.93103448275863,756,3,8.472413793103447,3.513793103448276,1.3103448275862064,274.8965517241379,71.95482758620692,13.60344827586207,999.7586206896551
137,2019,5,18,11.333333333333334,64,1,9.54,3.8199999999999994,2.226666666666666,181.26666666666668,81.36999999999999,12.7,993.0
138,2019,5,19,297.13793103448273,931,3,8.786206896551727,3.0068965517241377,1.5655172413793108,239.75862068965517,79.35206896551726,12.458620689655175,988.6206896551724
139,2019,5,20,501.9655172413793,934,54,9.324137931034484,3.1379310344827585,1.4241379310344822,271.58620689655174,77.3158620689655,13.306896551724135,995.1379310344828
140,2019,5,21,119.8076923076923,481,2,9.638461538461538,5.68846153846154,1.7192307692307698,286.65384615384613,78.70576923076923,13.33076923076923,992.8846153846154
141,2019,5,22,590.3333333333334,930,1,10.385185185185186,2.8481481481481485,1.8000000000000003,291.77777777777777,69.11037037037035,16.33703703703704,990.1481481481482
142,2019,5,23,509.8965517241379,932,3,12.582758620689654,1.5931034482758621,2.2724137931034476,274.8965517241379,73.91344827586208,17.52068965517241,990.2758620689655
143,2019,5,24,443.86206896551727,883,27,12.72758620689655,2.720689655172413,2.2379310344827585,240.3793103448276,82.54379310344828,15.762068965517244,995.551724137931
144,2019,5,25,451.82758620689657,926,24,10.479310344827585,2.793103448275862,1.2551724137931033,272.3103448275862,79.34379310344829,14.1,990.3103448275862
145,2019,5,26,84.55555555555556,325,1,8.066666666666666,4.633333333333334,1.5370370370370372,280.55555555555554,79.32407407407408,11.585185185185185,990.8518518518518
146,2019,5,27,626.3103448275862,866,43,10.520689655172413,2.986206896551724,2.127586206896552,268.0344827586207,82.95448275862068,13.410344827586206,998.2068965517242
147,2019,5,28,709.8620689655172,934,55,12.517241379310345,2.313793103448276,2.0275862068965513,275.86206896551727,77.56724137931032,16.56896551724138,995.6551724137931
148,2019,5,29,637.7,887,4,13.51333333333333,2.5600000000000005,2.2366666666666664,272.4,79.481,17.219999999999995,992.2666666666667
149,2019,5,30,407.26666666666665,883,7,10.800000000000004,2.5733333333333333,1.6266666666666674,257.53333333333336,79.00833333333334,14.526666666666662,993.0
150,2019,5,31,603.0333333333333,913,8,13.940000000000001,1.8133333333333337,2.1833333333333345,262.3666666666667,77.065,18.21333333333333,991.6666666666666
151,2019,6,1,406.13793103448273,898,7,13.337931034482759,1.893103448275862,2.3379310344827586,238.48275862068965,75.11103448275863,18.02413793103448,989.8620689655172
152,2019,6,2,83.21428571428571,378,5,12.282142857142857,2.4500000000000015,2.3571428571428568,238.21428571428572,77.09714285714288,16.43214285714286,991.6071428571429
153,2019,6,3,528.9642857142857,923,2,13.074999999999998,2.2321428571428577,1.9357142857142846,254.78571428571428,74.66785714285713,17.78928571428571,993.0
154,2019,6,4,722.6666666666666,928,16,14.66,1.6633333333333333,1.6866666666666665,295.03333333333336,68.37133333333333,21.06,993.0666666666667
155,2019,6,5,601.2,913,14,14.469999999999997,2.516666666666667,1.733333333333333,279.46666666666664,72.70066666666669,19.730000000000008,992.4333333333333
156,2019,6,6,741.0,944,22,9.75,5.123333333333334,1.65,282.4,70.596,15.276666666666667,994.9
157,2019,6,7,719.3666666666667,968,35,7.900000000000002,2.92,0.9200000000000004,322.73333333333335,56.470333333333336,17.220000000000002,996.5333333333333
158,2019,6,8,767.8333333333334,989,33,8.633333333333331,3.233333333333334,0.8066666666666668,345.1333333333333,49.158666666666676,20.073333333333338,996.2333333333333
159,2019,6,9,653.9666666666667,931,22,10.87,1.4533333333333334,1.5899999999999994,124.83333333333333,43.38033333333333,24.909999999999993,996.0
160,2019,6,10,608.2666666666667,920,8,13.41,1.2999999999999998,1.9066666666666663,138.0,47.00800000000001,26.60666666666667,996.1333333333333
161,2019,6,11,616.2,932,12,14.106666666666662,1.0799999999999996,1.7133333333333325,216.16666666666666,47.377,27.246666666666666,995.5333333333333
162,2019,6,12,635.1333333333333,924,35,13.48,1.9166666666666667,1.856666666666666,253.53333333333333,56.72233333333333,23.066666666666663,992.9666666666667
163,2019,6,13,303.55172413793105,775,2,12.2,3.451724137931035,1.6379310344827585,257.7586206896552,69.89172413793102,17.962068965517243,992.0
164,2019,6,14,388.56666666666666,908,13,12.893333333333329,2.993333333333333,1.5366666666666668,260.93333333333334,76.88900000000002,17.126666666666665,993.3333333333334
165,2019,6,15,230.2,652,4,10.423333333333336,3.5,1.4433333333333331,257.46666666666664,75.811,14.83,994.5333333333333
166,2019,6,16,280.0,895,9,10.593333333333332,2.813333333333333,1.5466666666666669,249.16666666666666,71.54399999999997,15.97,991.8
167,2019,6,17,678.8666666666667,928,37,12.390000000000002,2.23,2.0900000000000003,221.83333333333334,67.98100000000001,18.799999999999997,990.9
168,2019,6,18,604.5,934,62,14.673333333333334,2.6566666666666676,1.833333333333333,254.4,73.52666666666666,19.733333333333334,993.6333333333333
169,2019,6,19,327.2857142857143,941,5,12.332142857142856,2.560714285714286,1.5178571428571426,247.71428571428572,67.37035714285716,18.857142857142854,993.5
170,2019,6,20,626.0,936,39,12.516666666666667,2.3833333333333337,1.6700000000000006,256.1333333333333,68.82400000000001,18.706666666666663,992.0
171,2019,6,21,717.8333333333334,955,58,10.483333333333333,2.5900000000000007,1.06,278.6333333333333,58.666333333333334,19.4,992.9333333333333
172,2019,6,22,756.0333333333333,962,63,10.59333333333333,2.2833333333333337,1.2466666666666661,295.7,51.04966666666667,22.09333333333333,994.4333333333333
173,2019,6,23,753.7,946,68,11.999999999999998,1.7933333333333337,1.3366666666666662,252.7,54.27366666666668,22.51666666666667,994.2
174,2019,6,24,364.9,510,18,11.023333333333335,2.8399999999999994,1.0700000000000005,260.2,62.521,18.74333333333333,991.3333333333334
175,2019,6,25,712.3666666666667,945,70,11.866666666666669,4.083333333333332,1.3633333333333328,278.93333333333334,65.33933333333331,18.773333333333337,991.0
176,2019,6,26,745.1333333333333,947,67,10.82333333333333,4.38,1.5800000000000005,267.8333333333333,69.31899999999999,16.656666666666663,996.1
177,2019,6,27,478.76666666666665,878,14,10.766666666666667,3.573333333333333,1.4666666666666666,278.8333333333333,67.91866666666667,16.966666666666665,998.9
178,2019,6,28,692.4666666666667,943,19,11.313333333333334,2.65,1.063333333333333,267.1333333333333,68.4,17.529999999999998,997.4
179,2019,6,29,622.2666666666667,923,69,10.146666666666667,3.1966666666666663,0.8000000000000004,275.1666666666667,63.32833333333335,17.676666666666666,997.5666666666667
180,2019,6,30,730.2333333333333,940,62,11.190000000000003,3.2933333333333334,1.1333333333333333,265.73333333333335,67.64100000000002,17.566666666666666,997.2333333333333
181,2019,7,1,699.4,952,76,11.533333333333335,3.880000000000001,1.283333333333333,272.6666666666667,68.98700000000001,17.62333333333333,996.6
182,2019,7,2,636.9666666666667,942,48,11.933333333333332,3.793333333333334,1.5500000000000007,279.1666666666667,69.73233333333334,17.816666666666666,994.8666666666667
183,2019,7,3,746.9,948,70,11.620000000000003,3.1866666666666665,1.3133333333333335,278.93333333333334,66.15833333333333,18.430000000000003,993.2
184,2019,7,4,663.3,925,55,12.363333333333333,2.136666666666667,1.433333333333333,261.4,65.57966666666668,19.376666666666665,993.8
185,2019,7,5,690.9,929,27,12.106666666666666,2.9499999999999997,1.27,259.4,66.13699999999999,18.93333333333333,996.0
186,2019,7,6,587.5,913,34,11.379999999999999,3.1,1.45,265.26666666666665,65.23899999999999,18.430000000000003,995.0666666666667
187,2019,7,7,589.8,904,8,11.373333333333333,3.6799999999999993,2.0133333333333336,264.3666666666667,72.60366666666667,16.583333333333332,993.3
188,2019,7,8,390.8666666666667,886,21,12.093333333333332,4.066666666666667,2.1099999999999985,264.46666666666664,76.02133333333333,16.450000000000003,995.9666666666667
189,2019,7,9,461.5,912,11,11.65333333333333,3.0666666666666673,2.4699999999999998,258.6666666666667,69.43900000000001,17.543333333333333,997.6333333333333
190,2019,7,10,588.1111111111111,945,5,13.881481481481481,2.914814814814815,2.548148148148148,269.14814814814815,67.84,20.33703703703704,998.4444444444445
191,2019,7,11,735.0333333333333,939,38,13.933333333333335,3.276666666666667,2.0266666666666677,269.3666666666667,69.04266666666666,20.159999999999993,997.0666666666667
192,2019,7,12,741.0666666666667,942,45,13.416666666666668,3.0099999999999993,1.7700000000000007,270.6,67.46333333333332,19.96666666666666,992.7
193,2019,7,13,710.5,955,45,12.819999999999999,3.076666666666667,1.6033333333333328,269.76666666666665,66.54366666666667,19.576666666666668,992.2
194,2019,7,14,727.5666666666667,939,52,13.016666666666671,3.7533333333333334,1.603333333333334,270.3,69.80199999999999,18.893333333333327,995.6
195,2019,7,15,748.7333333333333,944,48,13.196666666666664,3.87,2.0466666666666677,279.73333333333335,63.896333333333324,20.713333333333335,995.8666666666667
196,2019,7,16,706.8,933,33,13.006666666666664,3.926666666666667,2.1133333333333337,276.6666666666667,65.42966666666668,20.206666666666663,992.4333333333333
197,2019,7,17,719.7333333333333,935,28,12.866666666666665,1.6266666666666665,1.8566666666666662,230.43333333333334,60.205,21.59666666666667,992.5333333333333
198,2019,7,18,237.86666666666667,710,1,13.296666666666669,3.1733333333333333,2.5300000000000002,249.53333333333333,70.472,19.03666666666667,993.0666666666667
199,2019,7,19,602.0333333333333,939,12,12.53,2.713333333333334,1.8866666666666652,235.23333333333332,67.60633333333332,18.966666666666665,992.6333333333333
200,2019,7,20,580.5,937,8,12.090000000000002,2.6366666666666663,1.5966666666666667,242.5,66.40333333333335,18.853333333333335,993.9333333333333
201,2019,7,21,481.9,917,16,11.393333333333333,2.5033333333333325,1.9300000000000002,254.93333333333334,61.913666666666664,19.40666666666667,993.6333333333333
202,2019,7,22,715.5666666666667,938,15,10.736666666666663,2.4866666666666664,1.7033333333333336,252.13333333333333,53.79966666666665,21.34333333333333,994.2
203,2019,7,23,710.2,937,19,11.886666666666674,3.3833333333333324,1.9266666666666665,270.06666666666666,60.38433333333335,20.33,995.7333333333333
204,2019,7,24,750.9,960,17,8.77,2.1566666666666663,1.41,270.6666666666667,43.53933333333332,23.18,994.9333333333333
205,2019,7,25,586.6,865,7,9.123333333333333,2.8066666666666666,2.3333333333333335,257.43333333333334,48.77333333333333,21.186666666666667,993.7333333333333
206,2019,7,26,439.9655172413793,942,9,11.441379310344828,2.7793103448275867,1.5448275862068959,258.9310344827586,59.732413793103454,20.13448275862069,996.6206896551724
207,2019,7,27,732.0,943,196,10.157142857142857,1.5392857142857144,1.1357142857142857,257.92857142857144,44.62357142857143,24.28214285714285,995.8928571428571
208,2019,7,28,748.3214285714286,938,164,11.871428571428572,2.689285714285714,1.4321428571428572,262.7142857142857,50.57964285714286,23.41785714285714,993.1428571428571
209,2019,7,29,678.5,949,83,12.749999999999998,4.457142857142857,1.239285714285714,271.42857142857144,69.18642857142858,18.732142857142854,993.4642857142857
210,2019,7,30,629.9285714285714,949,14,11.782142857142858,3.9249999999999985,1.242857142857143,267.89285714285717,67.24857142857142,18.18928571428571,994.3214285714286
211,2019,7,31,686.7857142857143,958,20,11.499999999999998,2.342857142857143,1.1214285714285714,242.60714285714286,59.10857142857144,20.310714285714287,994.4642857142857
212,2019,8,1,518.5,929,14,13.099999999999996,3.5571428571428574,1.5714285714285712,261.64285714285717,69.69999999999999,18.99642857142857,996.5
213,2019,8,2,758.5357142857143,955,168,13.089285714285712,2.832142857142857,1.4285714285714275,272.32142857142856,61.75107142857142,21.26071428571429,997.0357142857143
214,2019,8,3,760.1071428571429,945,136,12.253571428571428,2.2500000000000004,1.3678571428571424,255.46428571428572,55.42642857142856,22.389285714285712,993.5357142857143
215,2019,8,4,695.1071428571429,954,38,14.210714285714287,3.275,1.5642857142857143,263.2857142857143,66.36607142857143,21.05714285714286,994.5357142857143
216,2019,8,5,248.60714285714286,827,4,11.950000000000003,2.621428571428571,1.339285714285714,259.10714285714283,62.230357142857144,19.807142857142853,995.25
217,2019,8,6,623.3571428571429,936,35,12.246428571428577,2.8428571428571425,1.4714285714285704,258.67857142857144,61.779285714285734,20.321428571428573,993.2142857142857
218,2019,8,7,649.1428571428571,951,50,11.371428571428568,4.489285714285715,1.3999999999999992,270.89285714285717,64.58928571428574,18.560714285714283,994.3571428571429
219,2019,8,8,661.4642857142857,940,86,12.0,4.578571428571427,1.3607142857142855,266.4642857142857,68.27571428571427,18.17857142857143,995.1428571428571
220,2019,8,9,516.7857142857143,913,2,12.796428571428567,3.15,2.5714285714285725,266.92857142857144,62.91285714285714,20.55,994.4285714285714
221,2019,8,10,593.5357142857143,883,72,13.585714285714284,3.032142857142857,2.0571428571428574,265.5357142857143,64.88714285714285,20.71428571428571,995.8928571428571
222,2019,8,11,734.6071428571429,942,44,11.56785714285714,2.4857142857142867,1.7071428571428577,294.60714285714283,51.33571428571429,23.124999999999993,996.4642857142857
223,2019,8,12,756.6428571428571,941,92,11.39642857142857,2.271428571428572,1.4035714285714287,271.7142857142857,47.58892857142856,24.210714285714282,995.0357142857143
224,2019,8,13,760.6428571428571,958,41,10.939285714285713,1.7285714285714282,1.1750000000000003,248.78571428571428,44.47500000000001,25.203571428571426,994.8214285714286
225,2019,8,14,759.75,957,71,10.585714285714284,1.625,1.1785714285714282,251.71428571428572,38.743928571428576,27.521428571428572,994.6428571428571
226,2019,8,15,751.1428571428571,950,50,11.189285714285713,1.7750000000000001,1.2464285714285714,228.42857142857142,38.79607142857144,27.814285714285717,992.8214285714286
227,2019,8,16,739.9285714285714,963,25,10.207142857142857,2.164285714285715,1.1535714285714287,251.0,43.459642857142846,24.885714285714283,990.4285714285714
228,2019,8,17,597.1428571428571,925,27,14.0,3.1250000000000004,1.6107142857142853,243.57142857142858,69.06964285714285,20.089285714285715,990.0714285714286
229,2019,8,18,620.1071428571429,942,7,13.307142857142855,2.7928571428571423,1.4035714285714282,236.5,66.78892857142858,19.985714285714288,992.0357142857143
230,2019,8,19,313.75,878,3,12.383333333333335,3.1041666666666665,1.4541666666666664,251.75,63.845,19.708333333333336,995.1666666666666
231,2019,8,20,526.8461538461538,946,3,11.892307692307693,3.588461538461538,1.25,270.11538461538464,60.97346153846154,20.01923076923077,996.3076923076923
232,2019,8,21,645.4285714285714,910,9,13.000000000000005,2.978571428571428,2.3464285714285715,274.7857142857143,56.85714285714285,22.914285714285718,994.0
233,2019,8,22,646.2142857142857,915,7,14.192857142857147,2.414285714285714,2.0142857142857142,291.75,53.00678571428572,25.482142857142858,988.2857142857143
234,2019,8,23,497.0,908,12,13.72,2.4759999999999995,1.9760000000000002,232.44,60.1108,22.344,989.44
235,2019,8,24,537.2307692307693,894,1,11.569230769230773,2.6692307692307695,2.2038461538461545,254.46153846153845,54.653846153846175,21.676923076923075,993.7307692307693
236,2019,8,25,698.7307692307693,942,3,11.384615384615385,2.5000000000000004,1.8000000000000007,251.42307692307693,48.944615384615375,23.52307692307692,995.1538461538462
237,2019,8,26,666.1481481481482,942,1,10.266666666666667,2.262962962962963,1.3185185185185186,259.22222222222223,43.820740740740746,24.48518518518519,992.2222222222222
238,2019,8,27,576.5925925925926,909,11,10.155555555555557,2.6259259259259258,2.396296296296296,250.96296296296296,46.68074074074073,23.262962962962963,990.5555555555555
239,2019,8,28,142.84,403,3,13.452,3.4320000000000004,3.2319999999999998,256.28,63.21,21.06,993.92
240,2019,8,29,582.074074074074,939,4,14.35185185185185,3.3777777777777778,1.766666666666666,259.5925925925926,66.26999999999998,21.2037037037037,997.5185185185185
241,2019,8,30,683.4074074074074,950,18,13.514814814814816,2.733333333333334,1.1481481481481484,265.962962962963,61.30333333333333,21.951851851851856,996.3703703703703
242,2019,8,31,742.1923076923077,956,27,12.646153846153847,2.526923076923077,1.1884615384615385,260.5769230769231,51.0373076923077,24.369230769230775,993.4615384615385
243,2019,9,1,771.9230769230769,948,123,11.953846153846152,2.6538461538461537,1.7846153846153843,276.96153846153845,47.39192307692307,24.696153846153837,993.5
244,2019,9,2,747.4230769230769,919,82,13.861538461538457,3.276923076923077,2.0884615384615386,268.34615384615387,61.13884615384615,22.269230769230766,994.5384615384615
245,2019,9,3,725.1153846153846,960,96,13.011538461538462,3.3461538461538467,1.6153846153846154,272.96153846153845,59.31000000000001,21.80384615384616,994.5769230769231
246,2019,9,4,652.6923076923077,891,52,13.046153846153846,2.850000000000001,2.5999999999999996,268.5769230769231,58.30576923076924,22.111538461538455,992.1923076923077
247,2019,9,5,646.2692307692307,933,5,12.826923076923077,3.6653846153846157,2.046153846153846,270.1923076923077,63.47153846153845,20.40769230769231,995.8846153846154
248,2019,9,6,630.3461538461538,958,47,13.050000000000002,3.0346153846153845,1.1307692307692312,265.96153846153845,64.13115384615385,20.492307692307694,998.1923076923077
249,2019,9,7,233.43478260869566,721,9,13.904347826086955,4.9739130434782615,1.586956521739131,270.82608695652175,73.48782608695653,18.830434782608698,996.695652173913
250,2019,9,8,744.9615384615385,943,40,11.849999999999998,3.284615384615385,1.546153846153846,288.38461538461536,58.70000000000001,20.784615384615385,995.5
251,2019,9,9,709.3461538461538,925,18,12.376923076923077,3.746153846153846,1.6384615384615384,284.46153846153845,60.6703846153846,20.830769230769228,993.3846153846154
252,2019,9,10,714.0384615384615,928,14,11.519230769230766,2.896153846153846,1.6615384615384623,280.38461538461536,58.86692307692307,20.457692307692312,992.7692307692307
253,2019,9,11,718.9615384615385,932,18,10.346153846153848,1.7346153846153844,1.6115384615384618,204.96153846153845,47.169230769230765,23.423076923076923,997.0384615384615
254,2019,9,12,760.04,940,137,9.22,0.8999999999999999,1.4239999999999997,161.12,38.01639999999999,26.719999999999995,996.52
255,2019,9,13,757.8,948,128,5.916000000000001,1.344,1.0480000000000003,196.4,27.917199999999998,28.164,995.16
256,2019,9,14,787.04,966,137,11.58,2.492,0.9559999999999998,264.2,48.1216,23.916,993.56
257,2019,9,15,654.08,952,108,13.351999999999999,4.048000000000001,1.372,267.12,70.76759999999999,19.096,992.04
258,2019,9,16,631.7916666666666,882,2,11.512500000000001,3.3125,1.879166666666667,283.0416666666667,62.84,19.266666666666666,994.5416666666666
259,2019,9,17,764.32,953,105,9.159999999999998,2.2239999999999998,1.352,283.84,51.50800000000001,20.428,997.04
260,2019,9,18,264.5833333333333,760,2,13.4625,3.3375,2.1083333333333334,274.6666666666667,67.96708333333332,19.887500000000003,994.2916666666666
261,2019,9,19,760.48,965,97,9.727999999999998,1.8160000000000003,1.524,302.64,51.78159999999999,20.843999999999998,994.2
262,2019,9,20,728.32,930,60,8.687999999999999,2.12,1.8479999999999996,215.8,41.8192,23.035999999999998,994.12
263,2019,9,21,760.08,956,99,8.212,1.8440000000000003,1.4959999999999996,200.88,38.2376,24.284000000000002,993.56
264,2019,9,22,476.16,867,17,11.623999999999997,2.3400000000000003,1.9360000000000006,267.12,55.283999999999985,21.528,993.28
265,2019,9,23,726.24,935,53,10.224,2.1199999999999997,1.564,203.72,45.95080000000001,23.868000000000002,994.64
266,2019,9,24,742.24,944,59,7.272,1.82,1.8039999999999998,192.04,29.196399999999997,27.68,994.64
267,2019,9,25,675.8,925,47,12.844000000000005,1.3400000000000003,2.071999999999999,121.0,38.8272,29.031999999999996,988.12
268,2019,9,26,691.56,917,31,15.083999999999998,3.1319999999999992,2.268000000000001,221.44,63.630400000000016,22.635999999999996,992.8
269,2019,9,27,73.85,505,1,11.975000000000001,4.0,1.905,260.65,69.30850000000001,17.805,992.05
270,2019,9,28,698.92,937,14,7.059999999999999,4.852000000000001,1.0520000000000003,302.56,52.9252,17.623999999999995,987.8
271,2019,9,29,647.44,929,10,7.332000000000001,3.4360000000000004,1.2639999999999996,274.92,58.4424,15.968000000000002,993.52
272,2019,9,30,702.08,941,13,5.547999999999999,2.772,1.1079999999999997,292.12,53.633600000000015,15.660000000000002,995.52
273,2019,10,1,762.25,961,18,4.095833333333332,1.941666666666667,0.9249999999999998,319.5,45.03000000000001,17.23333333333333,995.0416666666666
274,2019,10,2,768.9166666666666,959,23,4.7666666666666675,1.3208333333333333,1.0,226.75,43.085,18.958333333333336,996.375
275,2019,10,3,748.5416666666666,940,22,9.208333333333334,3.6666666666666656,1.1666666666666667,279.0833333333333,61.887499999999996,17.041666666666664,995.4583333333334
276,2019,10,4,768.0416666666666,965,22,4.533333333333332,2.345833333333333,0.9458333333333337,212.66666666666666,44.22666666666666,18.254166666666663,1000.25
277,2019,10,5,791.5217391304348,963,218,3.178260869565217,1.5521739130434782,1.1913043478260867,269.0869565217391,32.39739130434782,21.434782608695652,999.1304347826087
278,2019,10,6,693.0,943,21,3.273913043478261,1.2956521739130435,1.217391304347826,116.6086956521739,28.50521739130435,23.743478260869566,996.7391304347826
279,2019,10,7,764.5217391304348,946,195,4.752173913043477,1.2347826086956522,1.1434782608695655,171.04347826086956,31.383043478260866,23.921739130434784,994.9565217391304
280,2019,10,8,565.9565217391304,929,133,9.79130434782609,1.660869565217391,1.0521739130434782,258.17391304347825,52.33043478260867,20.50434782608696,991.4782608695652
281,2019,10,9,819.4782608695652,994,184,-0.49565217391304356,3.421739130434782,0.3695652173913043,337.9130434782609,30.91173913043478,18.33478260869565,993.695652173913
282,2019,10,10,761.8695652173913,984,37,-4.991304347826087,2.71304347826087,0.28695652173913044,40.78260869565217,19.850434782608694,19.36956521739131,995.3478260869565
283,2019,10,11,672.4782608695652,886,67,-3.4173913043478246,1.4478260869565218,0.5695652173913043,119.73913043478261,20.413478260869564,20.900000000000006,996.0
284,2019,10,12,711.1739130434783,931,40,-0.9608695652173914,1.1173913043478259,0.508695652173913,156.08695652173913,26.385652173913044,20.465217391304346,992.6086956521739
285,2019,10,13,714.2608695652174,936,48,4.3,1.5869565217391308,0.7173913043478259,255.7391304347826,42.204347826086966,18.582608695652173,991.1739130434783
286,2019,10,14,725.4782608695652,948,86,6.426086956521737,1.2913043478260868,0.7086956521739127,230.91304347826087,49.948260869565225,18.0695652173913,994.4782608695652
287,2019,10,15,543.7,935,10,5.575000000000001,1.4849999999999999,0.8000000000000002,258.9,46.76900000000001,18.095,997.5
288,2019,10,16,206.56521739130434,418,3,10.169565217391305,2.252173913043478,1.4130434782608698,271.3478260869565,72.9404347826087,15.230434782608699,995.0869565217391
289,2019,10,17,693.1304347826087,941,4,8.2,4.030434782608696,1.2478260869565212,299.8695652173913,58.02478260869565,17.156521739130433,994.5652173913044
290,2019,10,18,579.8260869565217,886,27,11.060869565217391,3.0652173913043472,1.817391304347826,279.6521739130435,71.46652173913044,16.47391304347826,998.0434782608696
291,2019,10,19,240.82608695652175,827,3,12.930434782608698,2.7304347826086954,2.117391304347826,273.0869565217391,78.17391304347825,16.913043478260867,998.4782608695652
292,2019,10,20,713.5217391304348,916,21,6.595652173913043,2.534782608695652,2.2608695652173902,307.17391304347825,46.089130434782604,19.008695652173913,999.7826086956521
293,2019,10,21,745.0869565217391,964,27,6.3521739130434804,2.6608695652173906,1.182608695652174,341.9130434782609,40.28478260869564,21.886956521739133,1000.304347826087
294,2019,10,22,760.7272727272727,942,116,5.018181818181818,2.109090909090909,1.1863636363636365,153.63636363636363,31.250454545454545,23.545454545454547,1000.8181818181819
295,2019,10,23,743.2272727272727,925,101,8.200000000000001,2.327272727272728,1.4772727272727266,282.8636363636364,39.179545454545455,23.309090909090912,995.8636363636364
296,2019,10,24,700.9090909090909,930,81,1.1636363636363636,2.3954545454545455,1.1318181818181816,67.77272727272727,21.81045454545455,25.24090909090909,996.9090909090909
297,2019,10,25,713.7727272727273,914,78,1.2954545454545456,1.5454545454545452,0.8999999999999999,156.0,23.47863636363636,24.45,998.4545454545455
298,2019,10,26,585.5909090909091,916,32,6.172727272727273,1.5318181818181815,0.95,158.36363636363637,37.88863636363636,22.209090909090904,990.6818181818181
299,2019,10,27,764.7272727272727,956,76,-3.8454545454545452,6.340909090909093,0.2999999999999999,21.363636363636363,24.84909090909091,17.02272727272727,993.0909090909091
300,2019,10,28,728.1818181818181,963,28,-6.45909090909091,1.4227272727272726,0.49999999999999994,151.3181818181818,22.050454545454542,16.068181818181817,997.1818181818181
301,2019,10,29,715.2272727272727,930,34,-1.5909090909090908,2.7772727272727282,0.7727272727272727,26.227272727272727,34.37727272727273,15.959090909090905,993.9545454545455
302,2019,10,30,749.7727272727273,943,57,-5.968181818181819,2.1818181818181817,0.4772727272727273,101.68181818181819,22.71681818181818,15.54545454545454,1000.5909090909091
303,2019,10,31,736.7272727272727,953,26,-7.395454545454546,1.6681818181818182,0.3318181818181817,86.36363636363636,20.255454545454548,16.25909090909091,1003.0454545454545
304,2019,11,1,748.0909090909091,962,25,-2.7681818181818185,1.309090909090909,0.40000000000000013,65.81818181818181,29.229090909090907,17.32272727272727,1001.3181818181819
305,2019,11,2,733.7727272727273,950,22,-3.3909090909090893,1.6409090909090909,0.4136363636363638,91.5909090909091,25.552727272727278,17.65,999.8181818181819
306,2019,11,3,729.1363636363636,940,23,0.9636363636363636,1.0090909090909093,0.8999999999999999,157.72727272727272,32.420454545454554,19.013636363636362,995.7727272727273
307,2019,11,4,730.1428571428571,909,100,3.595238095238096,1.0142857142857142,1.0619047619047617,145.71428571428572,38.44619047619047,19.385714285714286,995.9047619047619
308,2019,11,5,713.6190476190476,917,95,3.814285714285714,1.0428571428571427,0.8000000000000002,141.38095238095238,40.9847619047619,18.785714285714285,997.1904761904761
309,2019,11,6,544.5238095238095,904,6,6.690476190476189,0.8904761904761906,1.190476190476191,234.85714285714286,54.339999999999996,16.923809523809524,996.047619047619
310,2019,11,7,415.42857142857144,877,1,7.452380952380953,0.7428571428571429,1.0619047619047621,141.23809523809524,57.200476190476174,16.64285714285715,999.4285714285714
311,2019,11,8,603.4285714285714,901,32,5.852380952380952,1.2857142857142854,1.0619047619047621,185.47619047619048,50.16571428571427,16.776190476190475,1001.7142857142857
312,2019,11,9,566.1904761904761,920,5,7.052380952380952,1.4047619047619047,0.8809523809523812,282.5238095238095,55.337619047619064,16.79523809523809,999.7142857142857
313,2019,11,10,616.2380952380952,896,15,5.914285714285716,1.004761904761905,1.6000000000000003,196.0952380952381,49.25238095238095,17.75714285714286,997.3809523809524
314,2019,11,11,416.6190476190476,826,17,5.228571428571429,1.0380952380952377,1.6428571428571435,103.80952380952381,39.258095238095244,20.523809523809522,997.1904761904761
315,2019,11,12,368.95238095238096,538,35,5.280952380952379,0.8476190476190476,1.190476190476191,106.76190476190476,42.392380952380954,19.157142857142855,997.2857142857143
316,2019,11,13,269.9047619047619,722,4,7.1,0.7619047619047619,1.4238095238095236,122.28571428571429,59.070952380952384,15.357142857142858,995.047619047619
317,2019,11,14,70.4375,371,1,10.256250000000001,2.1500000000000004,1.6749999999999994,216.25,77.95437500000001,14.23125,998.75
318,2019,11,15,631.8095238095239,854,25,10.919047619047618,1.395238095238095,2.2904761904761903,297.8095238095238,71.4504761904762,16.390476190476186,1002.047619047619
319,2019,11,16,432.3157894736842,894,2,8.568421052631578,1.431578947368421,1.5894736842105266,142.31578947368422,60.93263157894736,16.878947368421052,1000.421052631579
320,2019,11,17,709.8095238095239,913,31,7.009523809523811,1.6999999999999997,1.3142857142857145,50.19047619047619,49.00904761904762,18.633333333333333,998.4285714285714
321,2019,11,18,706.6666666666666,920,24,7.314285714285714,1.2857142857142856,1.2285714285714284,171.23809523809524,49.44095238095239,18.890476190476193,993.4761904761905
322,2019,11,19,683.5714285714286,902,11,8.466666666666669,3.5571428571428565,1.095238095238095,295.3809523809524,65.14047619047619,15.466666666666661,987.7142857142857
323,2019,11,20,698.2857142857143,919,22,3.923809523809523,3.7142857142857144,1.1380952380952385,349.23809523809524,44.48619047619047,16.419047619047618,980.8571428571429
324,2019,11,21,629.1428571428571,856,15,6.9428571428571395,1.1428571428571428,1.4904761904761905,122.19047619047619,62.276190476190465,14.576190476190478,991.7142857142857
325,2019,11,22,625.047619047619,856,12,8.471428571428572,1.1142857142857143,1.5238095238095237,173.28571428571428,67.84523809523809,14.738095238095237,1001.8095238095239
326,2019,11,23,693.95,890,52,5.805,1.3349999999999997,1.16,130.7,55.202999999999996,15.75,1003.0
327,2019,11,24,674.9,902,65,3.5299999999999985,1.2849999999999997,0.8650000000000002,154.65,47.575,15.425,1000.65
328,2019,11,25,732.05,927,66,1.5499999999999998,4.155,0.7200000000000002,330.25,45.775499999999994,13.745,999.05
329,2019,11,26,65.85714285714286,288,2,4.9642857142857135,3.0,1.5714285714285714,257.64285714285717,77.55285714285715,8.742857142857142,992.6428571428571
330,2019,11,27,257.5625,783,1,4.6375,3.1625,1.1625,269.3125,78.73,8.30625,979.9375
331,2019,11,28,329.3125,765,3,3.7125,3.0249999999999995,1.0999999999999999,31.6875,79.06187499999999,7.2124999999999995,982.4375
332,2019,11,29,481.65,894,23,3.5099999999999993,2.2399999999999993,1.025,258.3,71.29600000000002,8.599999999999998,989.65
333,2019,11,30,15.666666666666666,29,1,4.683333333333334,4.183333333333334,1.8333333333333333,116.33333333333333,88.07000000000001,6.516666666666666,995.3333333333334
334,2019,12,1,37.9,117,4,9.64,3.9199999999999995,2.37,146.5,93.745,10.61,992.6
335,2019,12,2,66.15384615384616,327,2,11.323076923076922,2.676923076923077,2.423076923076923,111.53846153846153,93.94923076923078,12.276923076923076,997.2307692307693
336,2019,12,3,473.26666666666665,825,5,10.573333333333334,2.2666666666666666,2.42,61.93333333333333,87.02933333333335,12.76,998.0666666666667
337,2019,12,4,98.36363636363636,280,2,10.863636363636365,2.1000000000000005,2.3272727272727276,58.81818181818182,95.1309090909091,11.618181818181817,990.3636363636364
338,2019,12,5,103.94117647058823,212,3,11.241176470588236,1.7117647058823533,2.0941176470588236,110.29411764705883,94.45823529411763,12.105882352941174,997.6470588235294
339,2019,12,6,392.0625,873,1,11.187499999999998,4.2625,1.8625000000000003,155.75,79.26625000000003,14.85625,996.4375
340,2019,12,7,67.6875,364,1,13.031249999999998,5.15625,2.21875,189.375,89.99812499999999,14.675,993.6875
341,2019,12,8,428.4736842105263,862,14,10.778947368421052,0.8842105263157893,1.8789473684210525,294.36842105263156,83.73578947368422,13.578947368421053,996.421052631579
342,2019,12,9,191.6153846153846,585,1,9.323076923076922,0.8153846153846154,1.192307692307692,243.92307692307693,84.34923076923077,12.0,1001.7692307692307
343,2019,12,10,286.7894736842105,804,1,8.84736842105263,1.2000000000000002,1.2842105263157895,112.6842105263158,81.50368421052633,12.026315789473685,1003.4736842105264
344,2019,12,11,10.833333333333334,36,1,11.558333333333332,1.8750000000000002,2.9499999999999997,139.16666666666666,94.94666666666666,12.341666666666667,1002.6666666666666
345,2019,12,12,67.0,453,1,13.6875,1.6812500000000004,2.687499999999999,247.125,95.99750000000002,14.325,1005.375
346,2019,12,13,10.818181818181818,52,1,10.336363636363638,1.4545454545454546,2.6909090909090914,246.0,81.69363636363636,13.490909090909089,1001.0909090909091
347,2019,12,14,700.3333333333334,906,13,7.388888888888889,4.0,1.0555555555555554,290.44444444444446,75.13888888888889,11.8,997.2222222222222
348,2019,12,15,643.8888888888889,902,30,6.444444444444445,2.6499999999999995,1.0888888888888886,319.05555555555554,73.65333333333334,11.2,1002.6666666666666
349,2019,12,16,729.1052631578947,930,38,2.3947368421052637,2.436842105263158,0.7421052631578945,58.473684210526315,62.29157894736843,9.636842105263158,1006.4736842105264
350,2019,12,17,285.36842105263156,503,40,3.526315789473684,2.5947368421052635,0.7157894736842105,85.26315789473684,67.4221052631579,9.41578947368421,1001.0526315789474
351,2019,12,18,201.77777777777777,580,1,9.91111111111111,3.5111111111111115,1.9388888888888889,177.66666666666666,90.48222222222223,11.444444444444443,995.6111111111111
352,2019,12,19,121.73684210526316,354,3,10.778947368421049,1.1736842105263159,2.0526315789473686,196.42105263157896,87.6178947368421,12.815789473684209,1002.5263157894736
353,2019,12,20,213.05263157894737,405,7,9.700000000000001,1.436842105263158,1.3684210526315785,133.52631578947367,82.67157894736842,12.68421052631579,1001.7368421052631
354,2019,12,21,100.0,239,11,10.726315789473682,2.884210526315789,1.1684210526315788,156.89473684210526,86.6521052631579,12.952631578947367,993.6842105263158
355,2019,12,22,73.94736842105263,280,2,8.168421052631578,3.573684210526315,1.5894736842105264,261.05263157894734,84.45947368421052,10.694736842105264,989.0
356,2019,12,23,675.2,902,18,5.5,1.855,0.8300000000000001,246.3,77.149,9.525,992.35
357,2019,12,24,292.35,688,9,6.039999999999998,2.1799999999999997,1.0100000000000002,285.35,82.68499999999999,8.905000000000001,992.75
358,2019,12,25,54.88235294117647,166,2,7.458823529411766,2.994117647058824,1.2411764705882349,116.88235294117646,86.45529411764706,9.647058823529411,989.1176470588235
359,2019,12,26,705.2,931,30,4.045,2.3550000000000004,0.6899999999999997,229.85,68.2695,9.885,994.6
360,2019,12,27,601.05,888,25,3.965,2.27,0.7550000000000003,305.25,67.6045,9.935000000000002,998.65
361,2019,12,28,661.4,903,14,4.744999999999999,1.185,1.285,170.35,68.86099999999998,10.4,1001.1
362,2019,12,29,38.42857142857143,100,1,9.807142857142855,1.964285714285714,1.9714285714285715,202.35714285714286,94.11857142857143,10.707142857142859,999.2142857142857
363,2019,12,30,666.35,883,59,7.885,2.1049999999999995,1.3000000000000003,252.45,82.48399999999998,10.879999999999999,1000.2
364,2019,12,31,478.1,754,45,6.195000000000001,1.7899999999999998,1.2449999999999999,128.05,72.00500000000001,11.264999999999999,1000.95
