(kW),12:00 AM,1:00 AM,2:00 AM,3:00 AM,4:00 AM,5:00 AM,6:00 AM,7:00 AM,8:00 AM,9:00 AM,10:00 AM,11:00 AM,12:00 PM,1:00 PM,2:00 PM,3:00 PM,4:00 PM,5:00 PM,6:00 PM,7:00 PM,8:00 PM,9:00 PM,10:00 PM,11:00 PM
1/1/2019,135.8587,138.875,131.6076,130.5356,129.7048,149.6876,145.6517,145.3248,135.9026,147.3391,145.2454,141.883,143.7841,139.9574,147.9641,,,,,,,,,
1/2/2019,147.684,147.3152,139.8871,144.4308,147.7103,147.7041,146.118,146.7463,150.0096,146.8994,140.3762,125.8695,124.1597,123.7539,127.2034,130.1986,129.219,132.7555,135.0351,137.1915,140.7905,138.8056,138.1185,141.4177
1/3/2019,135.9366,140.6108,135.5044,144.1717,141.4563,132.7757,142.02,140.4377,141.0281,128.116,133.4759,133.8466,130.3259,135.9207,140.429,141.8718,140.2612,145.101,133.4854,147.4905,143.7333,139.17,147.2527,142.8646
1/4/2019,139.1463,144.3695,140.1183,131.5056,138.6954,131.7272,139.8628,131.5018,138.3852,131.7856,127.2753,123.0017,132.8009,133.0599,138.0952,142.3846,145.0982,140.4319,147.6294,147.8012,149.7109,147.7333,147.334,145.0374
1/5/2019,148.4714,146.659,142.6853,134.4186,140.3988,138.2152,139.4486,140.3793,135.2966,137.3416,128.5489,124.8519,136.3861,124.5581,141.6209,142.6297,132.8027,138.2064,141.6723,131.2214,143.263,144.6282,144.1852,143.3765
1/6/2019,142.7144,143.3406,143.8526,146.9214,142.7451,139.3079,141.8311,140.4414,141.0852,138.1026,132.8197,131.5391,137.7329,124.7027,137.4944,136.3674,137.3468,140.6699,136.2434,138.4041,140.0195,136.6079,144.1143,135.9508
1/7/2019,135.0443,140.6893,135.3336,148.112,146.2787,144.5721,145.1128,146.453,143.4313,136.3973,123.668,121.0158,120.4405,120.5173,133.3747,144.4316,145.0663,148.3796,145.7992,153.3311,137.737,145.4448,154.7891,148.6855
1/8/2019,145.6276,145.3032,144.672,142.2014,140.4659,141.6799,143.2504,144.1406,149.4187,132.8804,137.2461,151.2801,134.896,134.9921,138.1433,149.0307,152.081,151.9621,144.0877,148.3023,143.9366,137.0906,139.7951,143.2734
1/9/2019,139.0464,144.2711,136.8086,135.9451,136.9868,135.7702,139.7238,145.1027,143.7076,134.6555,128.2112,130.1136,132.215,129.4492,140.3681,137.7867,147.2694,152.6953,155.2031,156.1571,157.4503,161.2326,155.0797,154.4482
1/10/2019,156.2359,156.2359,156.2359,156.2359,156.2359,156.2359,156.2359,156.2359,156.2359,156.2359,156.2359,156.2359,156.2359,156.2359,156.2359,156.2359,156.2359,156.2359,156.2359,156.2359,156.2359,156.2359,156.2359,156.2359
1/11/2019,160.7286,166.746,157.7759,153.9693,155.176,142.4724,169.1861,157.1111,160.2324,148.519,148.4595,136.9943,139.0257,137.07,150.7315,153.5598,155.84,157.2627,161.7051,159.0712,159.4847,161.0727,157.7525,160.1555
1/12/2019,163.1174,165.3114,164.5311,161.563,157.6374,152.3372,158.7016,154.2481,152.755,164.6472,124.1603,141.1526,141.5026,148.9697,148.0451,150.6396,149.4885,148.5598,145.6698,148.1449,150.7504,150.4467,147.6088,153.2961
1/13/2019,159.9906,155.7487,143.8477,164.2193,148.2375,155.6717,155.4877,148.5619,146.7847,150.5851,139.7382,152.3423,148.6927,143.1441,155.8584,157.9782,152.8166,155.602,139.8513,140.283,140.2424,140.4044,142.0172,140.5201
1/14/2019,140.8321,141.0868,139.8811,153.5803,140.5594,157.2297,147.6671,159.1419,145.5637,140.244,124.5381,134.8123,140.5856,121.7393,147.1209,149.2339,148.0516,146.1235,148.2608,154.7641,154.7743,144.8759,154.1509,145.7963
1/15/2019,146.561,145.917,144.5281,141.2411,149.3785,148.4657,145.2258,144.0147,158.7257,152.4041,154.2,150.5889,136.8059,144.9318,136.531,156.5572,160.4114,164.705,167.513,168.2401,161.2697,147.6704,145.123,156.5597
1/16/2019,149.7076,144.9106,137.4008,135.1419,143.5123,140.0709,143.5127,145.8135,151.1989,143.7268,140.8468,133.4727,136.0091,147.4517,154.7364,157.7714,160.1166,164.8416,153.0793,154.1192,150.0916,162.9977,147.0896,154.5162
1/17/2019,152.4328,158.6908,145.6977,144.9117,143.8013,140.9101,140.9318,141.9162,140.31,141.0877,132.1952,147.5209,135.4653,136.5958,138.9984,142.1497,146.9548,152.1569,149.4101,149.7411,150.5469,163.5411,154.896,154.8625
1/18/2019,161.5339,148.6617,144.4238,145.0004,152.0922,148.5778,147.5164,150.2174,147.7913,144.611,129.1299,139.8315,142.9583,131.8798,136.9816,148.6145,150.5293,139.4515,147.2418,150.3702,143.6398,153.915,144.732,142.9138
1/19/2019,146.7462,141.1869,137.7786,134.2875,134.9838,130.8768,137.3104,142.7506,140.3166,140.9418,140.1838,137.3054,139.9315,139.0422,128.0993,140.375,131.0089,127.8388,129.4711,129.6881,136.3617,140.4765,135.5964,138.7833
1/20/2019,144.8372,138.1673,136.0591,143.3701,136.5382,139.7029,144.4661,144.8316,142.9245,134.2698,132.3811,134.2743,134.1017,123.1262,139.5896,141.7005,146.6574,149.66,137.2633,143.1857,134.1057,143.2811,142.4066,144.3676
1/21/2019,143.1551,145.9585,144.6936,144.8849,146.2898,157.5958,156.7778,156.5164,157.6052,156.228,144.5935,143.2243,141.8863,139.7519,157.0854,158.8627,154.3168,157.5678,146.7019,152.136,157.8961,156.2869,155.26,156.5789
1/22/2019,147.8093,146.6553,146.1896,147.7789,149.3382,150.2444,148.9729,153.1791,155.7968,146.7672,141.8856,140.4103,141.5271,140.9404,157.458,158.275,157.4985,163.3583,163.2284,164.5121,174.3579,169.2751,159.8116,162.5312
1/23/2019,166.7995,155.985,143.9928,145.4818,151.4127,143.1655,146.8944,146.3395,151.6833,137.8069,139.9187,131.1429,133.061,140.2264,155.4442,142.9254,157.1949,155.8504,145.4634,149.8,148.6809,157.6298,152.218,155.9724
1/24/2019,153.6242,150.7747,147.5629,131.7684,140.9104,144.1668,133.4524,136.0632,134.575,129.5614,123.6091,123.5812,120.264,130.8067,128.2135,131.6574,135.2458,141.5874,140.9454,145.9649,142.8885,138.6387,141.5011,146.3036
1/25/2019,149.8141,143.808,143.9218,140.3537,140.2642,141.4635,142.626,141.6176,146.6531,136.5086,123.9316,119.0637,138.727,136.1772,141.2157,145.4062,144.1095,158.7009,157.2221,160.1793,153.222,159.7542,148.3909,157.7357
1/26/2019,155.0995,151.8556,151.0329,149.7907,140.06,150.8839,153.4764,144.8908,152.4647,138.9952,138.3052,130.551,135.7811,125.2285,147.2218,145.0111,149.7301,145.1774,144.2556,148.5979,146.0112,142.3528,140.6671,138.213
1/27/2019,134.9384,147.922,141.9199,151.4167,150.2884,154.6932,151.5679,155.3659,156.9037,148.5123,140.6251,141.2025,141.1509,139.6921,143.3679,144.6428,142.1211,148.4688,145.5317,144.7828,139.3139,141.6924,139.9988,139.5453
1/28/2019,140.0762,139.2887,139.3819,142.827,143.502,138.5289,139.2521,148.8108,144.5513,149.8504,143.2493,150.6425,142.3927,145.6423,149.4222,145.6595,156.2618,151.2319,148.6018,154.1255,146.1795,153.9673,160.3751,150.0543
1/29/2019,147.1155,148.0073,146.7512,139.588,145.3307,138.755,141.5065,145.4031,143.6005,135.2423,128.645,132.0513,134.3839,128.1304,134.2601,131.7476,135.9634,134.0532,139.6804,136.6338,139.4303,141.0238,137.9355,140.1061
1/30/2019,152.9405,141.4808,140.489,144.0198,160.8586,151.9549,143.8917,152.093,152.426,141.6348,135.0673,135.3203,137.3968,137.7308,151.2552,144.7117,148.7746,155.6951,162.2387,158.7144,158.1971,157.171,144.9851,150.7727
1/31/2019,151.8432,149.2913,149.629,145.4496,152.7667,148.4827,149.3903,151.6448,153.5527,141.0828,138.7457,136.6664,137.8018,138.3192,141.2427,147.1982,154.7526,158.1856,152.6459,162.6687,150.9521,161.7112,155.4902,156.397
2/1/2019,157.8006,150.744,153.695,146.8347,133.4442,143.3746,144.1891,148.0299,145.4282,129.8199,129.8118,130.0608,129.6614,124.5561,142.7702,146.7751,145.2822,155.1642,149.4887,154.1445,148.7283,162.5568,159.4851,158.5352
2/2/2019,152.9556,154.5354,151.7485,153.9326,143.8111,144.1109,148.9478,144.5358,134.5159,144.2999,128.4541,135.3304,132.386,133.6589,137.2669,137.6134,148.2646,145.9142,141.3069,141.2058,146.2782,145.1945,149.5111,148.6648
2/3/2019,146.6147,143.5778,143.1912,141.2853,131.0616,134.5704,141.5154,142.9354,145.0435,142.4055,135.9356,124.3725,127.6128,123.2857,129.3389,130.3056,130.1404,128.761,125.9803,129.7647,128.7539,128.781,129.3666,130.1844
2/4/2019,124.7039,135.9501,130.7608,145.4222,135.2689,133.9255,145.1018,143.1209,140.5473,133.8596,126.3749,128.2928,126.255,126.6342,132.0163,139.621,135.9503,141.0245,140.8017,141.2395,139.7899,139.0611,136.0556,135.1917
2/5/2019,135.8564,137.8575,138.8057,145.1819,141.2787,140.2286,141.5706,139.8778,145.7138,139.2383,131.2141,132.7797,129.3528,133.6597,139.2505,136.1456,143.5951,146.9153,147.2643,150.0124,149.3264,141.6053,150.0329,148.2734
2/6/2019,144.5693,142.1281,148.09,142.2103,139.0151,138.7401,139.5753,138.3726,139.8148,132.9532,142.4636,132.8295,133.9978,134.6362,138.8545,140.2773,142.5354,146.4102,149.1166,147.095,151.5058,141.7034,149.6595,143.1913
2/7/2019,150.6763,142.4558,138.7473,136.2528,137.2762,140.9151,141.9917,136.2847,142.6863,135.6133,145.5536,144.2179,137.1039,136.1405,139.7843,143.5299,142.1576,149.9452,149.1593,150.3845,153.0559,149.4676,150.8578,148.2269
2/8/2019,149.8954,153.115,144.0549,144.8056,145.2207,136.6737,146.0439,142.6958,141.5157,134.2002,126.313,123.9897,124.1711,135.6856,136.9508,139.1071,141.6035,140.7505,142.6486,150.2543,144.6499,152.8075,146.3408,149.8401
2/9/2019,148.6384,157.0824,144.4535,148.5409,145.3511,144.0288,148.0933,146.2744,141.5793,144.3209,135.4393,125.3932,127.426,135.2234,139.0125,153.7893,149.2217,150.1875,140.5822,153.8327,141.5689,138.3006,159.1824,143.0169
2/10/2019,153.2761,146.1789,146.5051,145.6212,145.6149,148.0299,148.7828,146.3338,147.9672,145.9691,130.9038,136.1466,135.4638,124.426,147.7582,142.0392,145.3842,143.364,144.1803,138.432,146.8212,139.0748,140.1828,139.5171
2/11/2019,139.3477,140.6236,137.2989,140.567,141.3813,142.6703,138.3099,134.7382,133.4882,135.2127,132.9184,132.8329,122.2991,132.1758,138.7536,133.02,145.5044,141.1151,148.0242,142.9462,136.749,143.4693,147.2916,144.0476
2/12/2019,146.9056,145.721,146.2508,132.5373,134.5688,132.6916,129.8058,140.0945,135.6342,132.5481,130.4605,121.4487,121.8025,123.7336,133.4102,141.3409,144.0899,148.1348,149.08,150.2742,147.2862,148.2782,147.9414,148.3071
2/13/2019,146.5705,146.4746,146.0193,139.618,150.9861,140.6429,140.5219,143.1397,141.2585,141.3464,125.9047,135.9459,135.1559,134.2671,132.7632,140.5202,145.9783,147.8583,150.8555,149.4837,150.3316,150.7204,159.5866,161.7375
2/14/2019,156.01,154.199,146.41,142.6019,146.3697,146.8676,146.1898,142.6366,133.8907,133.9712,127.5856,129.4881,127.3251,126.6687,143.7114,144.8065,146.8221,152.3618,147.8658,151.0903,153.6364,141.1978,149.4388,160.1269
2/15/2019,150.2975,158.3789,153.3838,149.5618,143.002,153.2961,144.1122,148.3627,144.2646,144.8792,128.9934,130.8086,130.3965,140.5902,137.3053,135.6552,144.0654,142.713,140.0087,137.8025,136.0181,135.059,139.2266,135.9271
2/16/2019,145.1719,137.5291,132.1838,140.7057,137.5651,136.1047,138.4804,138.6939,146.7263,138.7996,134.4471,132.3209,135.5996,134.7712,140.5592,139.0146,139.3024,140.6437,138.5927,130.5549,132.9052,140.8963,138.099,134.51
2/17/2019,130.2584,129.3543,132.535,129.2241,145.2243,138.5478,133.7899,147.1489,134.0151,130.9442,133.978,128.1357,136.1395,137.5528,139.9279,133.7144,132.882,142.9118,142.7203,146.3269,128.146,126.5902,138.9933,144.2706
2/18/2019,142.5538,135.6817,143.5562,135.8431,137.8888,125.6082,131.9521,130.7539,131.878,130.3523,128.4977,124.4845,133.9785,128.9083,135.6766,134.8589,150.3262,146.5143,143.3526,144.5145,149.2462,149.1591,147.8459,160.1656
2/19/2019,157.7848,157.3732,144.8358,145.2686,146.0447,139.5768,144.7871,144.6271,141.4669,134.5446,136.1836,135.0764,130.2279,136.2878,139.9411,135.6038,150.0405,152.4875,142.8121,148.8262,140.5891,142.4409,143.9975,153.0844
2/20/2019,144.5665,147.6096,144.4907,144.798,143.1045,143.3353,141.8638,144.0822,144.5366,140.4734,135.3304,133.8281,133.4359,135.4493,140.4921,142.1196,146.1021,147.66,149.8057,148.1067,146.4977,141.8283,141.3905,141.8263
2/21/2019,141.9167,139.1435,131.1054,140.371,135.8282,133.6159,135.9302,129.5277,133.4491,123.1027,122.7759,124.5612,125.2044,123.5769,134.2744,140.1931,146.9363,132.6757,134.4974,134.7732,143.6097,142.4602,131.3587,141.1202
2/22/2019,136.7529,137.8986,135.8941,138.2853,129.1305,136.8209,136.5979,148.1449,137.695,138.723,133.387,132.7374,124.6767,132.2524,138.7795,131.3884,134.0293,133.4829,139.9911,135.0883,143.2649,140.7087,141.1666,140.1665
2/23/2019,142.266,144.5324,133.1486,129.4053,128.1085,127.6418,128.7862,130.6882,129.3212,127.356,123.2001,121.7219,130.069,130.1136,129.0248,129.1321,127.2575,129.2975,130.453,129.0334,129.6931,131.8568,136.3762,141.3688
2/24/2019,137.9456,134.8693,132.3007,134.4492,132.5735,130.4895,130.9854,130.8715,129.603,126.2627,126.2461,126.524,126.553,121.6267,131.8947,138.3145,124.9604,134.0807,128.6664,139.1252,141.2142,142.1622,140.565,138.3486
2/25/2019,148.7248,142.4648,142.7549,143.7122,146.9952,140.2984,145.5642,145.5965,145.688,128.5444,135.106,122.5255,136.6793,118.7305,145.8816,145.5038,144.6641,148.1731,148.39,158.812,149.3746,158.9494,150.2732,165.0524
2/26/2019,159.4082,156.9866,152.6669,149.4005,142.3711,150.9435,142.1355,151.8391,140.6329,141.3895,127.5958,128.5021,130.4319,126.0521,141.5562,135.978,144.5377,146.1661,141.173,155.2692,150.5334,147.1732,153.2367,155.6547
2/27/2019,154.919,148.6356,142.938,148.032,147.6088,149.2024,144.5511,144.6506,148.064,137.5441,133.1449,136.0404,132.3191,123.1877,130.2609,128.2514,131.4344,141.3251,146.5387,145.5633,151.2944,148.755,146.5197,145.2644
2/28/2019,142.8713,145.4119,140.7583,138.9607,137.8528,142.6421,137.719,136.7081,136.7227,143.3146,122.9135,133.3396,123.4064,133.8586,138.2952,141.8799,148.4589,144.1846,143.7025,145.741,148.2407,155.382,147.9923,150.5979
3/1/2019,144.5919,142.5679,141.8278,138.1889,144.536,147.5698,145.1951,148.6834,137.4335,139.2245,121.9954,122.8058,124.1603,121.5998,135.4633,136.089,135.6368,138.8694,137.1255,139.7365,142.9492,140.8966,147.1242,144.2721
3/2/2019,146.6822,142.4013,147.1789,148.5645,145.1356,148.267,139.8342,148.2139,140.2175,130.8163,131.3033,134.7737,131.7701,123.4031,129.7002,129.4707,133.203,125.4663,138.8631,140.4852,136.8248,142.6888,134.4315,135.3986
3/3/2019,129.03,132.1413,128.7799,135.6188,129.3223,137.2333,130.3659,138.6132,129.8767,131.6694,125.7723,132.1173,133.3242,122.58,136.2066,129.9604,131.2983,129.083,141.1994,128.7835,138.1233,127.3763,127.1289,134.8817
3/4/2019,139.2628,137.3223,136.0766,139.3973,137.7744,129.4799,134.3853,133.407,134.9145,132.1604,124.2937,127.3715,136.3006,134.1843,130.9819,134.7473,141.6718,148.1698,149.327,146.6961,156.021,145.9384,147.3626,150.2499
3/5/2019,148.9392,151.9379,150.1662,143.4239,139.8508,147.815,152.5405,141.4398,148.407,145.2589,140.9471,138.4334,139.6727,137.939,134.9646,156.1715,152.4884,151.6092,157.858,161.431,162.1742,163.7341,153.6869,151.9305
3/6/2019,151.7973,151.5076,146.108,142.3789,143.6713,144.0149,147.9318,146.5862,147.813,148.2895,133.0426,140.9299,139.6896,139.9091,141.5144,155.4012,155.5717,150.4583,161.584,162.2744,166.3225,161.6674,161.6924,166.6567
3/7/2019,155.1188,167.892,156.6489,150.8745,147.9845,144.1104,148.914,158.0461,156.562,139.0172,127.9249,141.4359,136.4359,139.4334,139.6378,149.3104,146.9039,156.4701,151.7266,153.9416,153.3978,150.3878,156.0805,146.2288
3/8/2019,147.8119,145.0854,152.7284,146.0926,152.7601,150.9815,148.3921,160.2882,154.618,133.1995,133.5656,133.1996,132.2297,134.104,137.3105,139.9601,141.4937,148.619,147.3477,148.0698,142.1438,139.0745,136.9809,133.3683
3/9/2019,140.4072,150.1584,134.3421,138.1811,134.4301,141.1073,127.2631,133.6759,137.5935,132.6581,128.8407,125.4998,126.1242,124.6374,130.4133,128.1757,129.5081,137.6429,129.1371,125.511,130.4677,128.8402,125.6119,123.7282
3/10/2019,125.6633,133.1281,134.0813,125.7307,137.4511,123.4559,135.249,126.1803,134.9433,121.0584,117.8429,119.8071,128.3416,126.6116,133.7637,133.8805,133.9888,136.843,136.1688,137.5637,135.3263,137.0771,137.0473,134.8447
3/11/2019,136.9743,136.023,136.1917,139.7856,136.7006,137.9385,135.8459,136.6202,128.3508,128.5024,121.7975,122.6182,129.5864,136.0096,126.8899,132.9972,142.8185,143.6738,134.4306,137.9346,134.8772,139.9875,143.7406,142.605
3/12/2019,135.272,130.9627,126.904,132.9808,127.1837,137.4783,139.6716,138.1668,126.864,130.322,130.5744,123.7925,123.2008,136.8374,129.0847,139.0014,140.6937,138.2153,146.7117,141.6888,147.367,138.8895,147.8324,143.8394
3/13/2019,147.8856,146.2698,133.354,143.812,142.1735,137.7597,136.832,144.1192,139.0508,137.1151,127.6114,125.8706,133.3044,130.4336,135.7564,130.0874,136.5604,145.8119,145.8598,143.5729,141.9431,null,null,null
3/14/2019,null,null,null,null,null,null,null,null,null,null,null,null,null,null,null,null,null,null,null,null,null,null,null,null
3/15/2019,null,null,null,null,null,null,null,null,null,null,null,null,null,null,null,null,null,null,null,null,null,null,null,null
3/16/2019,null,null,null,null,null,null,null,null,null,null,null,null,null,null,null,null,null,null,null,null,null,null,null,null
3/17/2019,null,null,null,null,null,null,null,null,null,null,null,null,null,null,null,null,null,null,null,null,null,null,null,null
3/18/2019,null,null,null,null,null,null,null,null,null,null,null,null,null,null,null,null,null,null,null,null,144.4345,159.6862,153.8704,155.5106
3/19/2019,152.239,143.1552,149.0252,143.2266,152.6145,147.4305,144.6322,147.4034,141.7225,130.4643,131.0454,129.1908,128.4733,143.994,151.5597,154.1282,148.1253,167.9068,150.6392,158.5735,157.0619,160.37,158.7177,148.3493
3/20/2019,152.1245,153.2264,154.2265,150.7192,152.0796,151.5987,140.8312,147.6746,144.4097,128.939,130.0934,139.742,128.9406,146.9062,146.4263,151.3201,155.8559,144.22,144.1272,151.8138,160.1804,158.1994,156.1997,151.2611
3/21/2019,162.046,157.6187,151.3662,152.5031,151.849,144.5683,149.4252,140.4082,136.3773,136.9888,137.1486,131.9097,134.1982,134.9262,135.8855,144.5901,143.112,138.8202,138.4828,142.0588,145.212,142.4469,142.4974,142.6729
3/22/2019,139.7561,140.4308,142.3696,139.7563,143.0826,144.7666,140.1965,141.3033,140.3234,135.2779,133.3692,137.7578,122.8443,130.6638,143.1783,147.4779,156.4484,152.3361,150.7458,145.2693,146.3422,149.3453,141.8139,145.4398
3/23/2019,146.9322,147.6693,142.9036,146.2696,144.0127,136.7032,139.8491,144.8793,135.5879,128.0974,133.3766,135.9457,136.4572,141.811,143.1582,139.6341,141.5535,138.9289,151.2759,148.8674,150.1051,150.2431,149.9899,153.7134
3/24/2019,144.6762,150.7986,150.4554,143.7948,145.0996,146.4172,144.4567,142.6458,137.8264,128.0379,136.5625,136.5687,134.8176,145.6621,146.8444,138.6945,141.9124,140.5689,138.8929,152.2657,143.4121,145.6976,143.8172,146.3476
3/25/2019,148.5082,145.4128,142.1108,140.5691,144.0031,142.7168,142.664,142.608,137.6856,126.7946,122.1872,128.2692,121.5354,137.9416,135.2784,133.7003,137.1594,132.936,139.1598,145.1348,132.392,137.8842,137.7634,134.7797
3/26/2019,146.8924,138.5061,143.4776,135.998,146.3224,147.1122,144.9945,138.6391,127.3979,127.697,125.4325,131.21,123.8059,136.019,131.4415,139.2336,130.4699,136.4269,145.5233,136.0866,137.8016,147.1233,137.8193,137.3229
3/27/2019,140.034,138.7923,135.633,134.3817,136.9263,126.9144,137.3514,139.2055,127.1858,124.6972,125.2972,123.3812,124.9482,141.3336,138.2383,141.2418,149.6861,139.6174,144.8954,154.0926,148.6622,140.4093,141.4909,150.0222
3/28/2019,157.4744,152.851,149.1827,150.5918,148.7481,143.5326,143.4993,145.6217,145.1477,136.9432,137.9543,138.2627,135.9014,140.002,145.214,145.4706,140.8533,144.0713,158.5678,156.0262,145.7931,152.5614,154.058,155.2453
3/29/2019,153.4749,152.1704,147.4946,153.0371,143.3933,151.9341,142.2063,144.2093,137.7901,138.1353,133.6924,141.4669,138.8235,147.6365,144.6,143.5323,146.5648,153.1588,155.3564,152.8555,146.2974,149.3565,146.4173,146.5328
3/30/2019,149.8451,139.0159,135.988,142.0743,146.1274,146.2988,134.01,133.2611,135.1542,126.1564,130.0743,129.7072,141.448,146.7737,136.8869,146.2435,142.5774,141.2709,140.8147,148.9943,147.4388,132.7957,150.9358,149.6836
3/31/2019,138.1044,146.1432,136.8853,143.3022,140.3564,142.0731,140.4035,136.9124,133.7355,124.5326,128.5257,125.943,125.9108,143.2112,133.849,141.2785,143.017,137.3909,138.5198,135.907,136.2065,140.7471,142.5396,145.5232
4/1/2019,144.7625,148.5525,149.9832,151.301,143.3207,144.0459,154.984,146.137,140.1994,137.4857,139.1082,139.3678,138.2109,144.9747,146.6433,150.0183,156.2701,157.1967,160.7882,154.2976,153.9039,152.8099,154.3326,153.0013
4/2/2019,151.5236,151.9807,148.1256,146.72,152.1665,150.4022,151.0503,145.1232,154.5558,137.4982,140.0904,143.1472,131.5619,142.4807,147.5637,155.3429,149.9091,161.0048,168.3842,159.5866,156.2272,153.4385,152.3941,145.7687
4/3/2019,151.8312,152.9173,144.1791,143.7772,145.5208,144.3584,136.9659,137.4052,136.154,138.666,128.9969,138.1153,129.9019,144.408,146.489,134.3294,145.7057,155.0113,155.4994,154.7804,161.8641,148.9755,161.0785,164.1058
4/4/2019,150.79,160.6189,152.0889,144.002,141.8991,142.3316,141.9083,135.4957,131.5306,130.8461,129.7623,127.8401,128.7779,136.159,133.895,146.4619,142.9186,142.608,147.3556,142.8433,146.908,147.0406,149.3971,150.3785
4/5/2019,149.7651,147.8535,145.3732,141.4736,143.2839,138.8967,130.3042,131.5952,128.6418,120.1119,128.5726,133.1406,136.3938,129.9779,142.9286,139.4588,141.9787,144.2041,140.7883,142.5757,145.1544,144.6854,151.0595,145.0248
4/6/2019,143.4279,130.5949,138.6174,136.7294,138.3127,139.2876,134.7405,136.2813,130.4616,124.0116,141.577,133.414,134.8387,142.0229,138.4988,142.1456,136.5403,137.811,138.0809,146.07,140.2778,137.9948,131.919,137.4208
4/7/2019,138.9372,139.7086,135.4609,136.4507,137.7762,129.9975,139.6712,130.3906,132.2571,125.228,124.3212,125.734,126.5882,133.2237,129.4227,136.6903,133.6983,127.8906,148.9681,130.9027,140.1473,150.0311,141.2689,143.1609
4/8/2019,143.6731,134.4368,138.9727,140.0163,141.1935,131.6165,136.7799,138.8598,147.076,133.8421,130.9075,130.9982,142.8658,129.0291,130.169,131.5596,136.294,155.9829,144.4222,156.4116,144.2414,146.9382,146.9178,147.1224
4/9/2019,135.563,143.9456,140.8599,140.0065,144.2558,142.5132,140.9621,141.3278,145.5694,141.9177,143.9525,137.4152,135.3992,134.4627,140.2531,145.0835,141.3547,135.651,149.5478,142.4798,141.5563,140.1853,157.3491,153.8533
4/10/2019,153.4622,140.6287,129.8455,136.2159,139.9219,130.9742,131.1223,130.7787,129.8622,125.1121,128.4036,124.1329,136.2118,132.3294,139.0413,135.6295,140.4551,146.7056,141.337,144.372,147.9106,144.3835,152.8295,139.4979
4/11/2019,147.4402,138.0387,137.1686,143.8113,141.06,137.1101,143.8481,139.4574,134.6095,127.9561,125.0754,126.4025,126.0551,138.5605,132.1913,141.5268,142.697,136.913,140.1455,138.724,135.3316,139.7286,140.521,138.7325
4/12/2019,140.7044,136.7596,141.076,133.1216,139.5773,131.0463,141.421,132.8549,129.7284,127.2991,126.9059,126.0256,125.7849,131.7273,129.9961,138.515,142.8469,136.7614,147.6899,146.6937,139.6957,132.1973,145.1035,130.5255
4/13/2019,141.9624,141.4968,133.9776,141.0676,142.0632,138.6544,139.1624,137.3356,127.8585,122.8999,124.6319,126.8158,124.135,128.8668,139.5151,137.4155,130.6676,135.4588,140.2144,142.5274,139.0006,143.5166,140.4973,130.8515
4/14/2019,137.7938,132.8824,136.5481,129.345,130.9614,138.0945,143.4658,133.4083,135.1809,124.1663,127.1074,127.304,126.2605,131.7512,130.943,129.7857,136.8743,131.4108,126.5473,133.6682,127.9648,129.5546,129.4738,140.5273
4/15/2019,140.4154,138.737,135.8485,138.5901,129.563,142.9491,131.973,142.0232,126.8431,134.9686,129.6211,131.3299,126.3796,141.6265,146.4763,150.4748,147.2699,149.0386,155.7424,145.8545,141.7709,142.8721,156.0863,148.0874
4/16/2019,146.9012,147.2959,143.7312,143.5584,147.1237,138.8906,149.2438,142.8129,139.3855,129.3413,130.5877,135.6536,139.2491,133.8189,137.3283,145.5357,150.431,152.0479,152.6746,158.0194,147.0881,160.1937,151.7942,152.7573
4/17/2019,152.035,150.1693,145.2021,133.7756,129.9938,144.8663,142.8156,133.962,131.4258,137.2717,131.6124,131.8988,129.6422,137.8248,135.908,137.8003,139.4071,127.8147,144.2312,145.1468,143.7419,139.9063,151.1972,138.313
4/18/2019,154.6071,147.1089,140.6193,140.4949,137.3354,145.8513,147.885,149.4449,137.7839,139.4696,138.8957,132.1005,135.2817,135.4853,139.3261,136.655,146.8952,145.9715,137.502,137.4138,138.3158,140.5748,141.7736,140.7929
4/19/2019,138.6891,139.0654,120.1846,140.8358,145.3051,142.4363,143.2558,132.3347,138.2718,125.7328,125.8145,125.5301,133.65,138.3342,140.5714,130.8995,133.0607,133.8319,135.7415,139.4128,135.9314,143.7666,135.3842,140.9139
4/20/2019,150.8123,145.416,142.1398,136.7444,145.343,145.4073,133.8085,136.3204,136.3597,133.1326,129.28,129.7438,128.2015,140.6397,133.3563,143.4865,136.2648,141.7596,142.8009,145.4512,145.4861,138.6325,141.5067,143.6232
4/21/2019,136.7846,133.3234,134.5441,125.3667,137.9182,144.2085,138.0942,145.1571,128.9677,126.9553,124.2717,138.7747,138.5445,157.3513,144.944,147.1732,141.293,142.7735,141.243,141.5568,141.1999,143.0305,142.2199,144.896
4/22/2019,143.5637,148.2702,145.5858,144.3097,141.1292,137.4298,141.5329,130.7057,130.1955,132.6385,138.5963,121.2116,131.9908,143.6492,137.9009,139.0453,145.7943,134.6879,138.2106,160.6509,151.8236,154.4493,164.0598,138.1253
4/23/2019,139.379,137.1366,149.2551,144.952,145.2967,130.4536,138.399,143.5558,139.7682,129.6485,131.4587,129.8226,138.89,140.4122,146.7559,144.5521,141.1332,138.6578,143.7533,150.2378,145.8088,147.4573,147.3788,146.0283
4/24/2019,151.2527,146.0769,139.8514,138.902,139.6876,139.3385,141.1441,138.5943,136.1164,136.1719,139.0991,138.3175,140.8926,148.1104,148.4942,146.2388,148.7793,143.0517,151.1212,153.3878,153.7225,144.6423,145.2417,147.0318
4/25/2019,145.5284,149.0734,139.2579,143.8147,146.3059,148.2279,149.3419,144.9903,131.501,138.8086,134.526,133.1021,131.9113,143.4637,137.5034,136.7183,142.0427,141.1023,142.64,141.373,143.6508,144.2218,141.9951,141.8179
4/26/2019,144.786,142.7017,139.5106,135.633,137.4609,145.4207,138.3223,146.9544,143.9628,134.1574,134.2409,132.8696,131.3047,138.5379,134.728,136.6837,150.4389,144.7999,141.1664,144.1767,145.2023,144.5173,142.5265,151.3301
4/27/2019,148.9312,138.2591,146.0037,133.6682,137.4863,140.0656,134.1047,137.8547,131.4279,131.6137,129.8217,134.0925,134.357,134.7277,137.6339,138.9928,132.7223,133.9722,136.5027,146.7059,140.9236,148.2078,147.8396,137.2924
4/28/2019,139.496,137.2957,145.3932,146.0426,145.7104,143.7144,143.1625,148.1296,142.0485,132.0935,129.6901,131.308,139.2091,145.1114,136.1621,137.6906,141.0823,136.8676,137.6652,135.4412,135.2941,136.454,135.7068,135.7095
4/29/2019,136.2254,138.8231,137.332,136.7554,138.3038,138.9624,137.3399,138.5697,137.7844,131.0372,133.6473,133.1133,129.8174,137.0627,135.606,134.8195,141.9329,140.6211,147.3424,146.0485,148.3167,144.965,146.6362,148.9325
4/30/2019,151.2218,144.7034,139.1144,137.6114,139.5398,139.3652,139.5767,138.2292,137.1549,131.4564,132.1133,130.8299,133.5652,135.0519,135.2599,134.534,140.741,147.4348,149.46,145.4021,147.7335,149.4719,153.1734,147.5312
5/1/2019,151.1814,144.0529,141.3789,140.5892,139.7211,139.7106,140.7813,139.2164,139.0777,132.9684,133.5776,132.8292,133.7149,138.7561,138.8401,138.4146,145.2488,145.7432,147.936,146.8413,152.9734,149.9689,147.9928,149.4205
5/2/2019,146.4722,146.5786,147.3053,134.3813,138.2353,138.1942,137.4873,138.5363,136.6998,132.431,133.7717,133.6381,132.39,139.6957,138.5404,136.8822,144.6053,146.4217,147.7516,147.9111,151.9263,144.8346,144.4697,149.6129
5/3/2019,148.4867,146.58,140.8387,138.9461,138.0087,140.5067,137.0093,137.8645,134.1157,130.7423,131.9669,131.6692,133.4821,138.6874,138.6831,137.9254,142.0032,145.2524,147.642,148.9127,145.8948,150.1839,150.4938,143.6098
5/4/2019,151.6781,140.6838,136.8555,136.3556,137.9405,139.4346,136.8038,137.0059,132.6436,129.2637,135.3366,133.0314,130.9751,136.6336,138.1235,136.5656,147.3963,138.0819,146.3613,144.9578,144.6225,141.5117,144.9755,134.5155
5/5/2019,134.7939,141.058,137.1128,136.0719,135.0808,134.8396,136.0848,142.3038,134.326,131.7806,132.2424,130.1538,132.4306,140.978,139.4258,138.7381,139.4194,145.0733,144.9443,143.9429,145.0048,146.0749,137.8134,135.954
5/6/2019,141.1497,142.0112,135.4608,139.7435,141.0586,142.8454,141.2962,146.1452,132.0755,129.8962,128.636,131.4973,131.9039,139.2687,137.9948,140.5659,149.0018,132.3222,141.8711,150.1447,154.5316,153.7421,149.802,145.0167
5/7/2019,144.3979,141.1703,139.3746,138.9621,144.1169,153.1928,143.199,141.1301,128.6298,134.7156,130.3159,130.6942,130.1159,136.1039,134.1594,136.3498,140.569,156.934,158.9537,147.1306,145.0025,144.5307,144.7165,147.8899
5/8/2019,145.8388,138.866,136.997,136.6307,139.3209,143.13,142.1899,137.4189,139.103,135.3403,130.5519,129.4412,133.8591,144.4101,151.8806,150.6177,153.4801,144.1061,140.8104,152.9379,158.9537,160.6896,159.3942,155.8553
5/9/2019,156.6253,144.3172,144.1617,142.5195,142.1384,142.4332,142.0442,142.9458,139.0657,140.3878,138.6839,138.5104,138.3412,136.4865,136.1933,138.9756,142.2374,140.4813,142.2561,140.8715,151.0584,141.289,145.9176,159.6237
5/10/2019,147.679,145.6701,147.6028,147.6093,147.9682,153.6577,147.8647,152.4174,140.2251,127.9547,130.0685,129.9288,131.4851,134.5338,138.2259,138.1211,141.435,144.5053,145.072,159.7337,156.0103,163.6772,148.6738,150.6746
5/11/2019,149.7463,150.896,143.2135,141.9097,144.4628,142.6854,138.2038,141.7784,149.3507,141.9071,153.1673,149.3976,150.2089,149.714,150.8648,149.7602,150.7497,153.1109,148.6485,148.7425,148.4021,147.9892,150.1066,151.2126
5/12/2019,150.4261,150.3814,150.6613,141.6185,141.2318,143.7586,143.4276,143.6492,152.5399,149.3438,149.762,150.1247,149.4517,151.601,146.28,148.2401,148.844,150.2637,149.909,147.0928,146.7928,147.3383,150.1987,149.1666
5/13/2019,148.7282,148.1675,149.4059,148.7151,147.9202,150.6602,150.5367,149.0111,153.2129,152.0434,150.2792,157.9532,161.185,152.0494,156.3747,138.8005,147.1441,146.5511,143.5772,149.3869,145.4472,147.2453,149.8602,145.6692
5/14/2019,154.1535,151.3038,142.1867,142.4998,139.8097,142.1681,142.2462,141.4743,141.893,140.7474,142.6284,148.6842,146.6567,149.13,139.0942,141.3284,152.1797,157.693,148.8023,159.4287,156.8846,142.6485,145.6522,146.9342
5/15/2019,150.8893,141.7571,139.6708,137.2982,142.6642,140.1073,133.4352,137.5425,138.6786,139.2421,139.5613,138.9329,142.7465,138.1665,135.6938,138.4618,158.8034,163.3165,147.3884,156.0791,155.9564,154.4377,145.3049,147.3496
5/16/2019,155.7067,150.9279,150.0393,137.4134,151.1537,147.8332,139.167,142.5017,141.0392,143.049,145.618,144.4735,140.9946,140.6638,139.4342,143.7647,145.5992,143.3956,144.4284,145.3276,143.4713,152.1127,149.2483,149.635
5/17/2019,154.895,145.5187,141.4155,143.7739,145.5351,145.5464,145.3284,145.8981,145.6703,147.3942,154.2005,159.4638,162.2835,145.5966,141.1772,140.2881,143.8101,145.5676,147.7368,153.6055,149.1046,151.7414,152.8425,152.6878
5/18/2019,152.19,145.8312,146.7654,143.7748,142.1623,150.9576,147.4641,149.9161,151.0076,135.1023,137.033,140.2081,129.6462,141.1029,140.9775,143.4086,142.6027,139.8486,137.1666,138.2671,138.6295,143.0255,144.2825,143.3784
5/19/2019,144.2414,144.0157,142.2407,144.7995,146.527,149.8213,145.9323,146.0864,144.6243,147.3873,144.1762,145.1999,146.3263,154.8244,143.2753,139.3953,141.1769,140.3438,143.7295,137.4558,139.9983,142.7834,140.5055,143.3689
5/20/2019,144.0209,143.094,145.2949,145.2911,143.843,143.6716,141.0419,142.3365,142.4755,144.9226,142.7835,142.3602,138.9983,141.7916,143.2493,140.6686,145.8906,148.9737,144.9819,145.9948,146.1401,147.4329,153.8468,154.4759
5/21/2019,155.4714,147.7576,147.7679,143.7763,146.9413,148.6559,148.1795,153.3946,151.5633,153.1782,140.3962,141.2944,142.394,141.4952,140.7328,147.0781,148.2684,150.1482,155.1307,154.8653,154.6711,156.1345,154.7885,155.349
5/22/2019,155.5356,149.9056,146.6676,148.4802,147.673,147.5512,144.1922,140.1537,138.7132,137.6201,139.7737,137.3764,138.246,136.7532,140.2455,139.9665,153.0983,158.1088,160.844,152.6972,154.7153,155.3121,156.5442,152.7468
5/23/2019,156.0568,146.44,149.5672,144.0996,141.4205,142.9042,140.5735,138.7386,138.8048,139.8957,141.2099,145.5302,155.224,158.1552,152.1481,160.3241,146.6604,149.8616,151.5098,152.3017,153.9646,152.0928,150.8448,151.5042
5/24/2019,149.1182,143.1587,142.0466,143.7319,144.0852,142.021,140.701,142.7866,152.3745,145.6297,161.5653,152.2302,154.4678,146.8232,141.8639,149.0297,150.0547,153.2029,147.0468,146.8972,151.5677,150.07,152.2202,148.7591
5/25/2019,158.2616,145.8271,143.8454,148.9667,146.6505,149.6287,146.4107,147.1075,144.9839,146.9977,143.2957,146.4814,152.6091,142.1369,142.5381,141.8613,139.3502,139.2817,139.7271,140.6794,138.0153,151.4392,143.1134,147.5261
5/26/2019,148.9955,145.6978,145.8856,147.3602,146.0807,147.801,147.7352,147.232,150.735,154.3966,137.2752,137.3976,136.1004,137.5073,136.3111,136.1283,136.2136,137.7417,136.9049,143.7993,149.1537,145.6458,149.5343,151.4102
5/27/2019,142.5908,147.9537,147.7467,145.1144,148.8203,142.4133,140.4513,139.8447,139.0053,139.2532,141.056,139.4483,140.7952,141.3904,138.9432,147.8519,149.6381,148.5858,147.9565,153.0706,153.8318,150.8078,153.8006,154.1876
5/28/2019,152.3159,153.7174,140.6033,140.2905,143.0807,141.393,142.5409,139.8066,141.8901,142.5457,141.9492,142.1137,143.1856,141.942,161.1217,150.3733,149.8214,151.0012,151.9297,150.664,152.4068,150.9767,149.4577,150.2883
5/29/2019,160.7888,157.064,152.1169,151.3305,143.2465,139.6024,140.569,144.7349,144.4006,144.4579,142.2713,143.1939,140.7404,151.3789,143.4946,153.4693,159.4304,148.6329,148.2113,149.7198,150.389,153.1255,149.0978,161.1969
5/30/2019,160.9939,154.7181,155.1795,150.7924,147.2751,143.5876,162.3465,145.8755,146.8732,146.3174,148.8225,143.613,142.9556,139.519,142.5232,140.6056,150.2236,150.1544,147.0275,150.163,150.3364,149.9168,158.7275,158.8202
5/31/2019,153.665,149.3651,150.4158,145.2929,154.2881,145.319,145.1156,145.4287,143.2667,142.9142,141.0087,139.2079,140.5926,137.2884,137.6001,139.0225,144.88,147.7537,145.1944,149.2343,150.1316,151.9884,150.7542,161.9574
6/1/2019,152.7039,146.318,158.7665,144.0388,145.6313,147.5807,138.3805,138.6543,138.2466,138.5269,139.2642,138.2297,137.3891,137.0379,137.556,146.4506,147.8156,153.6902,144.6551,147.7816,145.7808,145.4592,145.5781,141.0182
6/2/2019,146.8449,142.8706,148.9599,141.9701,139.1418,142.9238,141.1012,140.7789,139.3375,139.992,137.6603,149.4194,149.2708,159.1966,157.3145,151.5245,149.4024,147.8366,151.7753,153.2128,151.7688,152.0995,139.6467,142.3185
6/3/2019,138.7561,141.1333,138.2464,137.2854,138.2656,143.4537,140.8415,151.9931,150.2705,153.0702,151.6312,152.2356,158.4445,152.673,152.2101,152.539,155.553,155.6276,146.5081,150.5611,148.2486,147.0405,148.2369,147.9907
6/4/2019,148.1327,147.5419,142.2109,143.3902,144.5351,144.3159,153.4674,143.0154,141.5808,150.7786,143.7916,145.0226,147.7475,149.8309,137.4563,137.7469,145.0146,144.8939,146.5531,145.3151,146.7648,148.9306,144.6615,146.3732
6/5/2019,150.6632,157.5642,144.6355,148.0738,145.5112,142.9308,141.7035,148.4255,148.3826,143.2388,139.2988,138.9814,137.694,136.6478,136.5634,143.0435,144.5646,144.8658,146.9705,143.1695,150.9819,155.1296,153.7076,158.9937
6/6/2019,153.98,140.9826,143.8164,143.6555,141.4094,142.6999,142.0334,142.78,136.7616,138.3796,137.8311,137.6435,138.7814,136.9459,135.4135,139.9417,145.8475,150.2295,150.5564,153.2407,153.9469,152.7884,153.9476,152.8159
6/7/2019,150.3309,145.6446,144.8981,145.2694,137.6585,142.4149,150.0683,148.4686,147.3575,137.3354,139.2007,145.6247,139.5807,137.6897,151.5915,149.6582,154.7063,150.2879,149.1201,151.7142,148.1761,148.2437,148.0487,146.5612
6/8/2019,148.0773,141.7591,137.9266,142.9106,145.9003,146.7708,142.4629,143.8624,144.3462,143.6366,156.6479,150.4315,143.8486,146.5602,151.6611,146.4637,146.5177,144.3206,142.7825,145.0349,144.4884,140.4747,139.0474,139.9864
6/9/2019,141.9187,139.2148,137.9326,139.0793,139.5662,139.0866,153.979,149.9961,152.071,144.4888,154.9819,145.6552,143.6627,145.5223,154.8462,148.4895,147.8492,141.4824,137.5874,140.3015,138.7767,137.4425,142.7494,140.1601
6/10/2019,143.4189,141.6087,144.9955,157.5376,152.7829,161.4898,144.7678,153.1299,153.3854,149.7563,150.9456,151.4103,150.0441,139.573,136.4575,138.2371,147.348,149.1513,151.0948,151.4142,150.3468,151.2136,150.51,153.6485
6/11/2019,156.5325,151.3417,144.5197,145.9067,148.6558,146.9487,148.5507,143.4803,145.3756,141.744,139.6165,140.3599,138.4252,136.3921,137.3807,141.2245,147.0752,147.6721,162.4116,156.4662,154.7023,159.072,156.9184,159.5079
6/12/2019,156.2261,151.0199,147.075,145.1773,145.3405,141.9131,141.9105,139.446,149.1884,140.1123,139.6252,139.5427,138.5499,137.2989,138.5922,152.1021,156.836,148.4975,151.6467,152.9565,152.1213,153.1113,149.7422,152.1292
6/13/2019,150.0764,141.455,140.1855,144.1326,144.8379,142.8111,142.7182,141.3329,149.6547,143.0193,149.0769,154.1006,152.4439,160.7557,152.0601,155.3807,155.3018,146.9616,152.6439,150.764,148.0694,147.6068,148.4918,150.0289
6/14/2019,145.7853,139.3561,138.2902,135.3551,134.7698,137.8501,135.0103,148.4859,138.4837,142.9158,141.0336,141.4583,139.0456,141.2088,141.7006,142.3933,147.6868,149.0045,146.1058,146.3899,145.3505,147.2301,148.0124,151.988
6/15/2019,151.246,141.1392,145.4641,140.9187,140.3388,139.1057,139.6723,139.9826,138.5507,150.0401,147.81,145.9541,144.2543,142.9773,149.29,141.8442,147.53,146.3557,152.3049,143.4025,143.5591,149.4838,146.4181,146.0507
6/16/2019,145.9874,146.1816,145.5736,147.8795,143.2551,141.7034,141.0626,138.4447,148.2551,138.3199,147.0323,149.8204,139.7165,139.0983,161.7347,148.293,140.7782,147.0804,145.2057,140.7309,144.4493,143.1482,154.0682,146.4154
6/17/2019,138.9519,140.9318,140.4591,142.5011,140.073,140.0343,139.2162,141.6414,138.5808,140.548,154.0948,149.4009,144.0902,144.9717,140.982,143.3391,146.3568,149.0842,147.4106,153.9463,144.5231,147.5144,145.1105,150.6012
6/18/2019,149.7461,145.6793,142.57,144.0145,145.7216,152.8633,152.8327,150.0385,141.1483,150.5927,143.838,144.3189,142.6975,142.4538,144.2781,142.958,152.204,142.9754,149.2978,150.6377,147.4276,149.1603,150.8939,148.7779
6/19/2019,143.8385,140.1241,140.9762,145.815,142.6963,147.5762,141.1743,144.2366,144.0992,142.6326,141.3865,143.0347,144.4099,140.015,141.6994,139.2433,152.933,144.6835,141.5638,145.3058,145.7635,144.6393,152.5198,149.4182
6/20/2019,158.021,149.0232,153.0641,143.8199,140.799,144.5227,144.0856,143.2745,144.0095,142.8926,138.5782,137.1096,139.7784,148.8681,137.6584,137.2476,141.9332,142.9681,145.3974,148.6854,147.4084,148.5659,151.1833,138.2292
6/21/2019,149.8871,143.6587,142.8147,140.1003,144.6338,144.4247,138.7256,140.1351,140.4328,137.3081,149.3514,147.916,147.0091,145.8409,143.5464,148.603,163.9293,147.4432,148.2193,154.1654,154.7453,156.4713,155.3601,151.7811
6/22/2019,150.7305,147.1497,144.2428,142.4258,143.1976,141.7123,139.4512,145.1503,142.0547,139.139,138.7694,138.2312,151.5461,151.2171,152.318,146.1031,142.7382,147.5704,144.0008,145.059,147.1444,146.7926,147.8381,147.054
6/23/2019,141.1873,143.2446,144.7188,139.8403,137.3601,141.4599,139.9114,138.1235,143.9077,142.1345,145.1655,140.3401,139.4572,143.6506,141.9246,142.1809,142.2062,142.3757,140.6005,142.4856,141.6283,143.5179,139.3413,140.5379
6/24/2019,141.4026,143.5298,139.9561,139.9944,145.3632,143.3434,143.7337,143.9315,153.1286,144.9978,151.9549,142.5538,138.3138,142.4273,139.8567,135.9522,142.951,146.4434,149.1229,148.8464,150.5112,152.1768,150.4626,147.7499
6/25/2019,151.6981,146.5331,146.7981,144.9682,142.8984,144.0714,146.0677,142.0272,143.4433,141.9122,140.1216,139.8809,144.4373,145.0128,133.9933,137.0536,144.3092,153.8066,145.849,145.3922,157.4539,151.191,151.5686,157.2912
6/26/2019,153.4688,144.2813,144.1975,153.761,147.4598,146.359,143.8951,139.2355,140.9131,138.4753,139.801,137.4796,146.3675,144.5176,138.6326,148.7566,160.2077,164.4111,151.6099,150.0152,137.9478,152.3886,147.1553,154.2336
6/27/2019,167.5032,151.2759,145.2478,142.1533,143.1789,140.5822,144.0186,146.7512,144.3437,143.4009,139.4892,141.3584,150.7191,152.5816,147.0193,144.2808,146.6192,155.8772,155.9876,151.6502,152.5776,155.9508,155.1343,152.7091
6/28/2019,152.796,146.3378,141.7679,142.98,141.319,141.8021,143.2324,141.4552,142.0243,150.9628,143.8709,141.1727,140.3223,142.1548,141.8767,145.0374,150.7828,147.5066,156.2517,150.8954,153.3889,151.7697,147.8345,151.0879
6/29/2019,145.5844,143.2486,142.1957,137.9315,140.2643,143.6116,144.6181,143.5292,145.0685,140.5183,141.8568,137.398,138.7903,140.819,138.4826,135.5429,135.84,136.6184,135.6725,138.3974,136.417,140.5605,140.1028,139.3616
6/30/2019,153.3535,143.9796,141.9711,140.8961,150.3265,141.8653,143.5684,141.9588,145.6544,140.035,141.9568,137.9525,137.0065,135.5493,142.2481,144.6058,136.2532,139.907,136.356,139.8513,150.5831,140.4286,146.2048,139.8736
7/1/2019,148.2504,142.8502,145.7834,144.8077,150.2496,143.0423,147.3071,139.6599,137.201,136.7208,137.6227,138.8642,135.8736,136.9707,135.454,149.1042,154.3013,157.8663,153.104,155.4565,156.9443,150.2579,155.5589,148.4025
7/2/2019,150.5062,147.48,156.425,145.0782,150.5294,143.1352,139.453,139.184,140.01,138.5634,137.5952,136.1556,139.7849,135.3851,148.5206,148.3141,148.7033,152.411,154.9424,161.2641,154.6179,151.0795,162.1502,157.1505
7/3/2019,157.0535,143.0088,144.7247,142.6042,140.2619,140.581,135.0965,140.7368,138.2201,138.8795,138.524,149.5472,143.8319,140.2495,141.7225,142.1644,151.2787,151.5002,151.3797,153.1788,158.9428,154.3026,149.1625,150.1609
7/4/2019,150.0488,143.9639,141.7149,143.4454,141.3802,143.9517,140.1898,136.9602,141.1408,143.2678,145.5779,141.2585,140.0583,140.1652,143.0901,132.9973,143.2093,140.8239,139.8966,140.5163,146.9263,146.2274,139.5904,142.2827
7/5/2019,145.7402,142.4496,141.7927,141.4543,145.493,140.5672,141.9695,141.8325,135.2673,143.1024,143.6314,141.4569,138.1377,143.1171,135.2986,133.4888,142.0594,141.0127,143.4479,141.9487,146.1635,145.8415,144.8521,145.6576
7/6/2019,149.5012,155.1407,148.6676,141.9057,146.5047,144.72,139.6132,144.6587,141.1308,141.8385,146.5505,140.3223,138.3089,146.9561,142.852,135.8606,144.2624,135.9415,144.8101,135.8442,147.0232,150.0176,147.7858,141.5136
7/7/2019,146.4106,151.6407,144.9277,144.0094,142.8939,145.102,145.3955,138.7435,138.0401,140.531,137.2903,144.5291,139.7125,136.3368,136.2172,137.0766,136.2147,143.2863,144.8778,143.7279,140.5344,145.5011,147.1502,146.0788
7/8/2019,142.1979,146.0992,140.0576,142.013,139.0395,139.4507,140.471,139.7154,137.0071,143.4158,136.1452,135.7203,149.4348,151.7476,143.0715,131.3044,147.4823,153.416,143.8655,147.996,152.1282,154.8051,148.3704,149.1386
7/9/2019,147.4731,141.6121,141.0976,140.1611,143.1299,141.1758,143.4616,139.2446,140.6257,145.9819,143.7822,148.0214,142.239,141.9352,142.1066,146.2243,148.3687,155.1571,152.2213,154.8564,153.1113,155.0462,149.8516,151.4844
7/10/2019,153.666,144.8217,142.1013,142.9983,142.6396,149.6734,154.7076,151.0487,148.8835,145.1243,152.6348,143.5963,145.0286,140.8945,141.7223,155.7509,156.7292,150.6523,153.5626,162.484,147.1901,147.7979,150.5849,151.182
7/11/2019,150.4435,144.8475,152.902,160.5367,157.6915,157.3961,151.0606,148.9884,155.0591,149.4765,147.5956,151.2978,151.9065,141.1904,139.9133,146.9402,156.2242,151.4699,152.9884,153.7719,160.4715,153.7085,149.1588,152.6208
7/12/2019,162.0427,150.2824,154.8542,152.5336,147.3731,145.4532,151.6938,145.5204,135.6046,148.4733,142.3463,142.2999,147.655,145.3248,141.2663,139.9925,140.0897,150.1227,144.4883,150.0326,145.0443,159.6399,148.8976,146.3835
7/13/2019,152.1304,144.36,142.3782,140.181,139.2361,138.2869,134.7712,137.0822,138.6306,137.0384,149.4009,142.4591,141.5739,139.32,142.4829,135.6781,136.6437,142.7401,144.4359,140.5626,139.6235,140.0613,140.6976,137.9026
7/14/2019,137.8374,142.5715,138.4048,136.2871,135.8659,143.3861,149.3004,154.9277,140.1262,142.6842,139.0929,138.1647,139.0222,140.3715,138.8945,141.2641,137.3296,135.8299,136.5992,136.4321,141.153,137.2086,138.4238,138.6465
7/15/2019,139.4144,138.2016,154.7214,141.7626,141.5523,143.0926,139.7874,141.2764,142.7859,141.0405,140.8745,139.2705,137.4505,137.6375,135.6637,136.8555,146.0494,146.2905,153.9084,145.7624,152.5727,146.0567,152.8263,149.6182
7/16/2019,153.5093,150.4866,146.7992,142.1848,141.6786,146.2554,146.3829,145.0865,140.6047,141.2341,137.0178,140.5886,138.4211,138.1144,134.6892,149.8345,148.3442,150.5601,142.6606,145.4221,161.6797,160.2467,161.4322,164.3393
7/17/2019,150.7372,148.6087,145.5542,146.1792,149.6918,148.3372,140.8493,140.9461,139.2058,138.3246,141.3375,138.7346,135.562,140.8027,137.3029,136.6856,160.2008,143.9882,149.5377,157.3575,158.1292,153.6364,144.5669,149.8282
7/18/2019,154.2091,143.9447,141.5774,142.5331,135.131,139.9634,139.9646,139.8525,138.185,137.9666,136.2763,137.6111,137.7652,134.1337,149.761,145.8711,146.408,146.9645,147.1636,154.3116,152.7973,147.1222,149.7405,155.2229
7/19/2019,150.2613,142.6235,137.9222,138.4586,138.7484,138.6502,137.4661,144.9766,144.232,139.1053,151.2912,150.2534,148.8034,139.424,139.5291,143.152,144.7318,148.3733,146.2407,141.8814,144.9103,141.2127,142.0882,140.7127
7/20/2019,147.6429,140.2529,145.2777,145.6557,137.6174,146.0222,151.4892,152.321,144.1271,140.2893,141.3404,138.8228,145.1223,139.9433,143.4852,141.8396,137.4687,135.106,135.1888,135.4305,144.2722,138.0331,137.4745,137.369
7/21/2019,135.8443,139.4368,137.3181,137.4231,134.6801,137.9007,141.1764,142.5833,144.3697,138.7389,142.2903,140.1977,141.7381,138.0426,135.3565,144.2955,135.532,140.7921,145.9468,145.2142,136.6758,138.6343,146.0215,151.9519
7/22/2019,150.1022,151.2338,147.921,142.369,141.6902,141.3916,142.2221,141.1812,140.8395,137.5718,137.0407,135.5338,135.903,135.5107,144.3661,144.3283,151.8928,148.3929,152.727,153.956,153.4556,148.1509,152.8401,154.6373
7/23/2019,148.4323,151.1676,null,null,null,null,null,null,null,null,null,null,null,null,null,null,null,null,null,null,null,null,null,null
7/24/2019,null,null,null,null,null,null,null,null,null,null,null,null,null,null,null,null,null,null,null,null,null,null,null,null
7/25/2019,null,null,null,null,null,null,null,null,null,null,null,null,null,null,null,null,null,null,null,155.8189,154.3992,144.6507,146.8953,148.511
7/26/2019,145.4106,142.9539,143.4409,140.6771,138.8995,137.7222,139.4503,143.7982,140.1795,145.1542,140.1212,138.9637,141.511,144.2856,149.5159,147.8056,143.0587,144.9729,147.0681,147.0681,147.0681,147.0681,147.0681,147.0681
7/27/2019,147.0681,147.0681,147.0681,147.0681,147.0681,147.0681,147.0681,147.0681,147.0681,147.0681,147.0681,147.0681,147.0681,147.0681,147.0681,147.0681,147.0681,147.0681,147.0681,147.0681,147.0681,147.0681,147.0681,147.0681
7/28/2019,147.0681,147.0681,147.0681,147.0681,140.1389,137.9208,137.6959,136.9931,151.7737,140.6699,141.9136,141.1785,143.0032,143.6602,145.3929,141.7605,140.6558,144.4328,138.8752,144.0228,137.7054,141.1579,144.7284,139.0674
7/29/2019,139.3355,139.6352,141.0117,141.5908,153.4158,144.8428,144.1039,146.0668,142.3782,141.2633,143.6366,144.549,146.0121,138.3095,139.1868,149.4924,149.2844,147.0501,148.1584,151.9307,148.9952,146.2015,148.8353,149.6489
7/30/2019,155.7838,146.7613,145.891,147.4998,146.5193,145.549,145.362,144.2986,142.2948,137.4637,143.4669,137.8035,137.7582,138.5567,137.954,138.1934,148.6437,147.2582,150.5705,149.5232,144.6292,155.3742,156.06,162.7691
7/31/2019,153.5111,153.3536,150.6923,153.1815,151.4342,155.9474,152.8053,138.9017,138.7847,137.8942,138.8183,137.941,145.164,156.3355,151.5997,145.4993,152.0867,153.8234,138.6744,153.534,165.6907,153.7284,156.0429,154.9176
8/1/2019,153.8128,156.3778,148.4087,147.6711,153.597,157.154,152.7915,154.033,153.0502,156.2272,156.0997,153.9735,152.837,152.2082,153.7479,146.4539,148.927,149.7382,151.2469,155.3414,152.1966,155.9325,157.3621,149.6976
8/2/2019,148.0953,144.8999,141.0896,139.5461,142.93,139.8999,139.2991,138.2901,137.4848,136.2137,137.6949,137.2085,137.0084,138.0325,138.2913,140.0387,148.7436,153.0502,139.0528,155.2791,148.9621,147.2773,147.2261,149.2204
8/3/2019,148.207,147.9882,142.9164,142.2473,143.1936,143.9105,144.5404,143.3282,141.2056,147.0749,136.6347,138.0827,145.8216,138.6072,137.4372,148.3039,145.1121,137.6189,145.9934,151.0331,142.8729,145.3463,143.8617,145.1688
8/4/2019,143.0691,142.1442,144.0859,143.961,148.2417,139.0168,139.6317,146.4927,145.1963,137.552,140.3389,148.6532,140.9903,147.2388,137.8185,149.1628,141.2432,141.6302,141.9532,141.6326,142.8336,140.418,148.0777,143.1293
8/5/2019,144.5678,140.4576,142.3389,139.0624,137.7848,153.2453,137.7407,137.1104,142.1964,140.964,139.2164,152.535,153.2691,144.6622,143.0393,146.0516,152.6973,150.2477,149.5196,152.3378,159.3275,145.7746,145.6752,144.8795
8/6/2019,153.9289,152.0664,149.5377,140.213,138.4945,150.6877,142.1044,140.1237,153.9141,151.9377,151.1898,149.237,153.3026,151.3664,149.5409,147.3613,157.1787,160.8032,158.976,146.7518,150.8998,149.5004,147.9302,159.6045
8/7/2019,160.284,158.1435,151.1793,152.3094,151.2819,147.2298,153.7067,144.8512,151.6857,149.375,155.1879,153.1206,145.5985,146.181,149.1763,137.9724,145.1044,141.8779,146.7324,148.7599,148.5941,147.9978,160.8648,159.8925
8/8/2019,164.3931,149.613,145.9433,145.3305,145.4256,153.7089,147.0909,146.5907,146.9594,146.7357,150.8286,136.9096,138.4591,137.1292,137.7916,141.1531,144.1865,146.2224,148.6385,148.683,151.6861,153.4669,153.2699,160.5634
8/9/2019,154.4972,152.709,147.5817,143.2362,152.3712,155.7254,151.8184,140.2228,139.0572,139.5032,141.3787,140.101,143.6361,137.4,139.7394,142.8539,155.8264,152.4755,153.8622,151.1516,153.3177,157.1675,155.4944,154.9208
8/10/2019,153.0961,151.8995,152.6874,136.8418,140.5104,140.8571,141.6577,136.9884,136.0935,136.8868,137.0617,136.474,153.6643,149.0343,150.3443,149.8297,140.3819,151.0049,150.2649,152.8028,153.0913,152.2398,150.8302,144.282
8/11/2019,140.538,141.558,143.8786,140.1163,140.237,139.7828,139.5271,138.8022,147.7624,146.5083,151.1144,152.2787,140.8204,149.7377,153.0461,150.2599,140.291,153.6159,142.4895,140.388,139.2645,142.9257,143.0868,140.3299
8/12/2019,141.2477,142.8344,153.8794,153.8804,150.2702,158.1392,150.1075,146.3438,148.1678,146.2066,150.4524,155.8496,153.8373,144.0086,142.6651,137.5864,146.3833,147.8492,147.0729,159.8169,163.6253,159.4573,159.009,165.5213
8/13/2019,154.0515,156.6527,147.4917,147.6731,150.1994,153.6797,147.5592,156.8241,155.7799,149.962,145.1457,157.6315,152.1254,144.3934,152.4963,154.6132,156.6504,160.0083,160.7646,155.7296,156.5983,155.6321,157.0317,167.7081
8/14/2019,157.5157,155.767,153.2759,154.2045,148.4572,151.0665,151.8183,153.9527,147.3425,145.7087,147.8592,150.0939,150.207,145.2199,147.0076,154.808,155.3895,160.2341,152.8326,149.7186,153.5,152.6319,152.6421,152.7887
8/15/2019,154.7364,152.728,144.1336,153.6786,154.0612,150.6477,155.189,153.748,151.9355,157.2314,153.9921,152.1799,150.6416,157.1176,154.2291,154.0533,156.4869,159.207,164.1569,161.0761,158.6817,155.8176,163.0202,152.6717
8/16/2019,156.6896,151.7899,147.4963,152.2404,142.3102,150.1533,150.4615,148.6289,153.9827,150.7908,147.9606,147.101,150.3582,151.4288,147.8055,152.3369,156.3184,151.6551,161.4736,158.8613,158.1608,157.4909,147.2375,149.0141
8/17/2019,151.6035,147.9073,142.7644,147.0287,143.2373,145.7978,152.7521,149.5041,149.7713,153.0912,148.7462,151.5741,150.011,147.8319,152.6554,146.5646,146.7065,148.3127,150.603,151.3693,148.1295,149.3524,151.4417,152.9501
8/18/2019,152.7127,147.0205,140.4907,139.3591,145.3915,145.1273,144.2114,141.8263,140.8473,152.0399,152.5304,149.0386,150.59,150.3122,151.2464,152.0583,149.5447,148.6892,151.2709,143.3857,150.1188,151.4499,151.836,153.926
8/19/2019,149.1258,145.51,150.8891,149.8062,150.2033,152.233,154.0416,153.1987,153.7594,150.5676,150.4876,151.7087,152.425,153.6497,157.6955,159.8584,159.2116,159.0303,156.8198,149.2547,152.3097,160.4407,160.5414,154.1057
8/20/2019,157.1913,151.7055,151.8452,151.0833,152.2538,153.1346,150.5388,148.6164,150.3449,147.2234,149.4851,150.239,150.3358,150.3843,151.3656,155.0357,162.265,168.5987,160.8995,162.7605,160.4733,154.4779,154.0849,156.6326
8/21/2019,154.0801,158.4999,147.3914,148.4495,145.9391,152.8609,152.2087,151.9085,153.1401,154.2203,149.4437,152.8252,151.0788,148.7557,148.398,151.2436,158.1733,160.3285,161.3232,164.181,155.9489,166.2097,155.776,156.1134
8/22/2019,152.7083,148.9383,152.4093,148.9392,151.5226,145.4021,146.5904,152.5006,144.1292,148.8321,153.6899,154.6619,151.5976,152.8217,149.9798,157.3985,158.6243,160.3824,163.017,158.4497,160.0372,158.1112,156.062,156.5997
8/23/2019,159.5714,156.0461,144.6853,154.0729,153.1304,155.7251,154.8611,147.618,141.5014,142.2998,151.9627,151.0952,152.7246,149.9107,148.9901,144.2128,156.4512,147.0292,150.8559,159.1103,153.0293,159.739,155.2243,151.2864
8/24/2019,146.6216,144.8007,143.0211,151.2785,151.2783,149.3491,149.2149,151.5808,150.343,153.328,151.4429,147.9271,157.678,151.6446,151.0851,148.4084,152.5493,153.7818,152.5775,153.1401,152.6294,154.0625,152.2654,152.7622
8/25/2019,153.3759,153.4924,153.7388,152.4055,152.4818,150.3314,149.3646,149.5906,146.9272,145.6043,148.1372,148.8369,149.6818,151.7668,152.243,145.6061,146.199,147.6071,148.5792,157.6312,148.4108,150.9162,162.2918,149.5933
8/26/2019,158.61,151.6281,157.7204,147.7484,151.8339,155.8085,153.4331,155.9588,164.5748,154.0659,149.6816,152.7957,149.4224,149.8275,150.0379,150.0725,157.8215,156.3961,157.4576,156.4964,155.4039,156.1975,156.4779,159.858
8/27/2019,161.2083,154.2538,149.948,157.6494,160.9228,160.705,158.1701,156.1014,160.1896,160.8929,151.5171,153.5396,151.9268,149.0153,158.1244,163.1153,164.5722,168.284,157.2597,159.4453,157.9438,162.3045,160.6977,166.7045
8/28/2019,163.7537,145.1737,151.2105,154.5457,160.2767,160.9104,151.8183,151.8389,156.0058,150.0525,158.7657,160.9533,164.7191,160.0132,159.7787,161.9135,160.3566,164.5587,165.232,143.948,151.5562,154.8301,157.6677,159.7394
8/29/2019,162.3872,151.5213,154.3893,150.6809,160.0974,148.2505,144.8817,142.2834,151.3672,143.0329,143.2755,151.3535,144.1912,149.6455,147.79,149.7629,163.8721,154.9598,158.3426,155.5659,157.6919,154.7614,161.1365,154.9989
8/30/2019,154.8354,150.0116,151.4109,144.5209,149.7991,143.9778,152.4779,152.764,153.5302,149.3041,152.0016,155.3415,139.7589,140.8237,146.842,155.7814,154.0087,155.3262,160.1424,165.2022,174.4341,161.7919,165.8819,164.9376
8/31/2019,157.3474,169.6882,149.838,152.482,154.8201,153.202,150.3667,149.6874,149.2335,148.302,147.4926,149.4748,149.01,152.3916,150.5752,151.0115,148.1691,147.2514,152.3179,153.0096,153.6687,154.6509,152.6968,152.172
9/1/2019,160.4931,153.1249,153.8683,156.1657,151.2375,154.1081,150.7596,151.0289,153.1409,153.5426,153.8181,151.808,149.4824,152.2899,152.1387,149.7973,150.5801,149.2877,147.6666,151.2879,150.8599,155.6212,164.9644,150.3107
9/2/2019,164.2875,159.401,162.1682,161.5922,159.6028,151.7236,152.0033,152.3924,151.0829,153.5775,148.5001,148.8328,147.109,145.1967,147.7785,146.4119,145.1625,149.0229,150.7596,154.718,154.818,158.5082,163.8848,165.174
9/3/2019,167.0497,167.4147,161.4874,161.5369,160.8215,151.2584,152.5479,153.5916,150.5547,152.1953,148.6367,147.6867,145.9975,148.8951,152.5717,152.5223,157.7591,159.3292,160.3309,157.6545,170.1366,167.115,160.4666,160.52
9/4/2019,157.5493,158.5906,168.8385,152.8088,155.7669,150.334,154.6504,154.1293,150.8695,152.2793,151.7084,149.0574,150.4751,148.8827,146.9013,152.1923,156.213,153.2211,157.6549,161.8223,157.7264,171.2681,170.5022,170.808
9/5/2019,172.4968,171.5676,168.6523,165.1836,155.4657,154.701,153.0726,157.0278,155.6494,155.5897,153.3317,154.5291,150.9912,153.4342,152.0854,150.6679,154.7131,153.4351,146.5574,149.9063,148.136,158.8332,151.2471,152.7465
9/6/2019,147.2489,147.7212,146.448,157.5184,156.2753,152.8873,154.6631,155.0773,156.4151,152.4718,154.7956,156.7847,150.0852,145.3362,139.4231,142.6446,145.6638,146.1703,148.8086,147.3982,143.9959,146.6345,156.8801,169.6741
9/7/2019,159.0414,162.0246,155.0251,157.5667,155.5564,152.2608,153.6716,155.6717,150.9288,151.9137,143.2924,141.5383,141.6926,140.4003,142.4045,140.6609,140.9227,142.5509,143.8015,156.546,150.9204,154.0462,153.712,155.7512
9/8/2019,154.6207,156.3023,156.0802,151.1852,153.752,151.4761,143.7253,144.885,141.6432,140.5705,140.1009,141.1797,140.4595,140.698,142.2242,149.8767,148.4924,154.6496,155.7927,153.0615,151.5046,154.31,154.1799,156.4755
9/9/2019,156.3951,151.0666,145.0779,152.1608,142.5226,144.8336,148.6418,143.5864,139.4972,142.5915,142.2956,148.1111,150.1318,149.3914,151.7912,156.2283,162.4673,162.3527,159.8848,160.2665,162.3673,163.0829,166.6134,174.5649
9/10/2019,164.8278,172.0339,172.3248,167.0775,159.6006,155.1972,149.6298,153.27,155.1215,155.034,155.1373,156.2877,155.7197,150.4095,152.7413,157.0898,158.7982,152.4994,166.0631,162.3137,164.9742,171.082,162.722,160.1721
9/11/2019,158.945,156.0559,150.5035,149.8384,151.3105,152.5051,150.039,154.0995,157.0856,153.2522,154.3234,157.0916,153.544,154.8224,151.327,158.3193,162.3159,159.3807,160.3854,164.0798,165.0069,175.2719,166.9796,159.2302
9/12/2019,159.397,155.7432,152.132,153.5764,152.1336,151.6718,150.034,149.1719,150.7102,148.9671,154.3181,148.8122,147.4454,157.8398,145.4767,153.7016,160.8595,162.8487,165.5512,165.2972,155.5981,156.2523,158.7556,158.5861
9/13/2019,168.5478,156.6502,152.7798,152.0889,152.4979,151.9072,151.6336,150.1376,149.9262,149.6741,153.6334,159.0005,154.6699,154.7862,156.1136,147.2437,158.7241,163.7532,160.5207,164.3542,159.5692,154.789,184.7993,160.0408
9/14/2019,160.0325,156.538,153.8003,157.8487,158.9902,151.3243,148.978,146.1108,146.1108,146.1108,146.1108,141.0352,149.6664,151.5675,152.8573,148.9522,150.3792,151.0768,149.6654,151.6238,150.7919,152.6202,140.6754,148.5325
9/15/2019,148.5162,148.5042,149.5768,149.0044,151.4015,143.2695,147.069,152.159,153.6881,153.7377,154.9603,152.1163,148.4893,147.374,152.579,150.1344,148.7382,148.868,134.8669,144.7357,138.824,151.5318,147.6558,148.6711
9/16/2019,138.1309,140.1834,149.6749,149.1844,153.6474,153.0832,153.6015,157.3696,153.162,151.8331,150.0794,150.7946,151.6259,149.3218,136.6652,146.5973,145.2629,147.6406,151.3517,147.374,157.6163,159.469,164.2463,170.0312
9/17/2019,160.0614,160.4333,158.8339,147.3645,147.9099,155.3991,152.6719,152.953,152.5589,153.6971,139.9112,138.6003,142.1411,140.1415,138.5958,140.5572,143.9661,145.6991,145.2511,149.8531,156.5527,164.0966,164.737,163.6684
9/18/2019,163.1622,161.6569,157.4796,146.4919,155.8477,153.5844,141.2916,141.6144,144.3065,139.0785,140.5087,139.2677,139.7685,138.4745,140.0666,153.2081,158.1566,158.76,160.7014,154.0617,157.9296,151.2242,160.4807,159.3727
9/19/2019,160.533,146.8236,140.7178,140.3184,140.4344,141.0979,149.9173,146.3451,139.2533,141.2146,136.9003,150.4249,151.3459,149.8769,142.8096,141.7963,157.4103,147.1105,153.0773,160.4275,150.0839,159.3465,149.0181,148.2937
9/20/2019,144.7186,143.6618,143.5233,139.2329,147.1713,142.286,138.6215,154.4419,133.3307,142.9474,144.5361,142.8771,146.9922,147.7986,137.5056,148.5277,156.7066,159.5221,150.6618,154.4376,153.5598,153.0725,156.8137,156.76
9/21/2019,156.7238,151.0436,154.1775,141.2742,153.6949,146.5645,145.3499,144.3185,142.0468,147.5876,144.4987,143.7744,149.5287,156.3805,147.9499,147.8277,134.9776,146.852,138.2727,140.2206,143.2011,143.9099,143.5109,142.7114
9/22/2019,145.3483,152.6754,149.2094,145.5664,147.1255,151.6494,144.0018,147.9403,142.5163,140.3067,143.5474,137.8315,137.2723,149.1212,138.6889,144.8824,135.0098,136.8691,140.5568,138.6253,141.3799,152.2761,155.1626,153.8051
9/23/2019,146.7137,142.3568,156.5454,153.4287,153.0076,149.4651,151.8654,137.3009,136.4718,136.3938,144.0983,144.4036,139.5961,147.3524,146.0031,138.9675,152.3331,159.5652,158.9906,160.9823,160.0328,155.8743,155.5838,154.6539
9/24/2019,164.2923,164.2404,157.1228,152.3745,142.246,152.8923,153.967,143.4237,144.7043,143.242,143.5584,143.3605,141.2212,153.8625,154.5587,155.8012,165.0562,162.6491,164.6462,176.309,163.1288,163.0345,163.7798,162.5441
9/25/2019,162.1108,154.0027,150.7488,148.7595,141.3026,140.4911,149.9906,142.2372,142.7095,153.2191,142.3305,143.8496,143.3763,141.4025,149.9961,141.416,150.1485,151.6007,158.9911,150.4247,150.4968,150.8205,159.0401,167.5784
9/26/2019,158.4979,155.8979,153.2023,153.4134,144.3239,156.2958,154.2723,155.8185,155.2501,151.1775,154.8913,151.256,152.8576,154.4319,154.4894,150.4599,149.5356,148.1412,149.128,157.7235,152.52,160.8217,162.5534,161.2132
9/27/2019,159.7525,161.0415,153.0744,148.9826,148.8543,149.9616,147.0561,153.4207,152.1592,154.7532,151.9803,145.1839,140.5397,139.5179,139.8036,141.0581,147.8117,153.8358,151.9597,156.3199,150.495,162.443,164.0401,164.8941
9/28/2019,153.8066,155.7816,159.746,166.2254,155.4903,153.3352,153.3031,152.1931,142.4972,141.4364,142.7939,141.388,139.8271,142.0596,140.5219,141.6591,139.3828,154.6329,152.4171,150.4653,154.3817,152.0678,154.5268,145.5368
9/29/2019,152.748,151.1746,156.7455,150.0737,142.4555,139.8107,140.0663,146.8079,145.5242,142.6024,140.4117,143.3209,141.7114,153.1081,153.9335,153.3241,154.2431,152.7054,152.0392,153.4507,155.5241,150.4627,154.6459,150.5282
9/30/2019,154.3309,152.2554,152.5162,150.5895,143.7223,141.2048,143.2012,142.4801,141.2624,155.798,153.2309,153.6332,159.1154,153.0643,154.2114,159.1366,160.1314,161.3865,158.554,148.5555,157.4119,149.8969,161.3816,161.7472
10/1/2019,160.4706,156.2815,153.9961,152.0092,142.6927,156.4868,152.4835,152.6627,145.3443,151.9076,154.3856,157.3837,155.4447,150.1842,153.4139,146.7335,148.1908,148.4956,149.8916,149.9552,151.4208,152.2896,151.987,159.824
10/2/2019,159.4309,160.3213,151.4469,149.0923,148.0707,148.4447,148.0836,153.2095,151.7355,154.1062,154.0564,141.3092,139.2251,140.4784,139.486,141.2289,145.0587,146.7057,149.3627,147.712,148.2923,161.2174,157.8774,157.032
10/3/2019,168.8783,153.0284,152.5657,148.0762,147.8858,149.0482,150.2238,138.2982,139.3459,139.2127,139.9894,140.3595,137.2092,137.3862,136.3672,140.7312,147.9572,161.222,160.4724,165.7017,155.1567,157.198,153.812,172.0073
10/4/2019,166.2706,158.1199,162.7455,148.5661,145.2931,151.1745,154.2257,139.9993,141.0537,142.2427,140.923,144.2567,139.6395,153.2533,152.8285,155.4921,157.2626,151.8186,154.2016,162.8968,160.8716,165.0511,175.0798,165.8926
10/5/2019,151.6834,153.2439,146.2933,153.6871,144.5325,153.5899,146.3712,139.1305,140.2828,154.4806,152.3552,152.9306,155.2656,147.0402,142.7005,153.358,148.8247,154.7047,145.6049,144.1699,138.5102,141.7335,142.0362,142.3981
10/6/2019,138.3703,139.7892,138.7651,149.5106,149.8017,154.4069,149.9782,151.6025,146.9827,152.6554,146.9292,142.1914,149.5238,153.7101,150.6126,149.7594,137.0828,140.8928,137.2228,142.0761,150.2001,139.0513,138.696,140.7416
10/7/2019,139.2326,154.3854,155.7899,151.7817,175.0435,154.6281,151.644,150.8119,150.8432,153.5285,149.7644,147.8952,136.2861,137.9585,138.6488,139.6535,149.0093,146.6898,148.9521,158.4285,150.4998,161.9608,163.1647,156.2403
10/8/2019,160.0901,155.4169,154.9635,151.7127,147.4917,154.6753,153.6297,148.0799,139.6983,139.2335,138.4287,138.2245,145.5724,137.4376,149.3107,148.7808,147.065,158.5918,156.5832,154.3665,151.5722,154.1274,152.1924,156.2838
10/9/2019,157.7392,156.3377,155.5088,152.5112,139.3779,142.8964,140.6808,140.2467,139.1625,142.0034,140.0293,140.7212,145.8578,151.8937,150.6244,143.6602,153.9336,155.713,152.6521,156.2363,156.2957,165.0932,166.0824,151.8073
10/10/2019,157.0515,150.5903,148.7584,145.6927,144.3057,150.3065,144.5301,142.7444,142.9402,154.0968,144.9421,146.7527,144.6122,145.1106,145.6584,149.2846,149.6737,149.8877,161.7688,146.7403,149.677,148.0343,152.3522,149.7734
10/11/2019,154.026,146.6315,143.7484,141.2556,140.9949,154.0022,153.4247,146.2093,145.6438,147.243,144.7565,147.0074,142.6196,141.8756,142.4708,139.9219,150.7412,146.1906,158.0375,157.4521,153.7404,158.1386,157.6996,155.3971
10/12/2019,154.8543,156.198,155.6764,146.4448,147.3335,146.5473,144.0278,144.4243,142.3614,141.6675,144.3512,140.6278,141.8447,148.5836,148.6617,138.9863,138.2769,141.6191,138.756,149.2139,141.559,155.4875,153.9909,150.9487
10/13/2019,152.1811,150.6088,141.9977,142.1076,146.1471,153.4376,150.2275,146.4362,146.5196,139.6985,141.3917,141.8575,139.3792,148.0898,147.2456,147.4004,136.6791,151.2263,149.4762,152.1403,151.7519,148.4141,151.0044,147.3275
10/14/2019,153.332,153.4288,153.043,153.3879,146.2514,138.3405,140.5526,138.5621,139.0617,146.9176,146.8685,146.7826,140.1894,139.9552,148.0041,139.912,147.5388,160.7996,157.8254,161.04,159.629,164.3187,161.0304,153.9221
10/15/2019,157.316,152.6045,162.9461,160.1876,142.6516,140.7347,146.2809,146.7858,146.0825,150.2491,148.1387,143.8668,140.2432,151.9988,144.8539,152.1336,151.7727,152.3078,149.4639,155.002,152.5346,154.743,151.0426,153.8018
10/16/2019,145.3886,141.7072,140.64,139.9979,141.7324,140.7224,144.3211,140.7753,141.0102,152.3474,151.9767,156.6789,153.485,155.0786,154.9866,158.6845,148.6934,153.5828,148.6105,154.1465,158.4122,155.7389,149.3323,146.6397
10/17/2019,148.4635,151.107,145.334,152.1337,147.5537,146.2507,138.8962,155.1302,137.9193,142.9315,149.287,152.4521,151.5371,139.9146,139.7204,142.4207,146.9267,145.9633,148.8092,147.7086,149.4075,155.5699,154.8244,161.1877
10/18/2019,162.1299,156.445,149.9325,149.7514,150.1328,152.4003,154.2151,150.1682,148.4398,150.8831,148.7859,125.2326,141.8361,153.034,151.0475,155.9964,155.4896,149.6751,151.0504,150.2655,145.1066,150.6993,148.5464,148.5515
10/19/2019,142.1973,144.6939,146.3046,148.5186,154.2193,147.3555,151.8014,141.7669,147.0728,148.9063,139.7477,151.2347,148.7894,147.1085,146.7412,150.0374,145.5566,142.2086,145.2694,143.1213,141.1858,139.8918,133.5405,134.6339
10/20/2019,135.0174,138.8109,146.7856,138.7799,154.7691,136.7082,139.0458,133.651,146.0556,143.8661,138.2271,134.7157,133.1961,134.4173,133.1167,132.5484,132.3968,139.1283,140.1122,139.1416,131.2197,144.9065,148.4164,137.0658
10/21/2019,137.0726,146.2835,136.3318,136.7972,138.303,139.1905,143.4298,136.0036,144.2869,142.8671,143.6841,144.0031,142.9195,142.9817,144.5287,150.0897,154.8458,156.8523,146.694,147.2546,148.7051,157.2306,160.0212,158.5286
10/22/2019,148.9188,149.626,146.7557,143.0241,142.2455,146.4624,140.1859,134.222,143.6743,142.3362,144.409,141.9024,148.2624,149.8397,146.2101,140.8034,147.9281,135.1185,149.8138,148.4422,149.9974,151.4993,144.5823,149.0895
10/23/2019,153.6439,143.1612,140.1954,144.2854,139.7074,134.7959,139.7532,138.6796,147.5777,134.3371,146.3816,145.8568,147.163,146.9039,142.2391,145.551,145.5549,142.6743,154.247,156.8757,157.2176,158.114,155.9782,151.9379
10/24/2019,153.1191,149.5905,138.41,140.0224,135.5245,148.5788,139.2888,137.8576,137.0642,145.1261,127.0488,127.0488,127.0488,127.0488,127.0488,127.0488,127.0488,127.0488,127.0488,127.0488,127.0488,127.0488,127.0488,160.7621
10/25/2019,164.117,145.0487,152.6333,148.5892,150.0979,140.3496,137.0314,138.5281,138.948,139.7836,141.719,136.7481,140.8266,144.1543,140.1745,142.5086,157.5971,146.4978,151.0354,153.7525,142.9497,139.7879,140.2028,140.1304
10/26/2019,138.5033,136.7527,132.1807,150.6591,140.294,142.7263,148.162,147.969,146.5901,139.0309,137.6941,139.4932,156.4174,155.4269,157.7891,153.6279,140.8035,138.1626,139.6926,141.2204,141.9003,131.4822,140.7646,139.2246
10/27/2019,134.1561,132.2491,146.4526,147.309,145.3824,147.832,145.4986,149.1764,151.8892,148.058,145.6079,146.9069,139.3069,138.0733,140.021,139.4592,138.8587,139.196,129.2343,134.6002,133.7533,132.2622,138.6663,136.6799
10/28/2019,136.8683,138.0325,135.2583,138.3704,133.7155,136.819,137.6629,137.8537,133.0551,139.9884,132.5544,131.7676,133.525,130.3588,134.3899,135.3149,143.0804,142.7252,144.9293,146.7218,149.0083,142.0782,146.5751,148.2584
10/29/2019,142.7114,142.9281,140.0786,136.3934,134.8578,141.6947,143.7721,142.1673,141.5875,140.9862,145.363,141.015,145.2194,143.4944,134.2447,142.4417,144.3172,145.7453,142.2742,146.8385,145.2776,143.9823,134.3292,146.1659
10/30/2019,140.9945,144.2754,138.5729,139.7749,142.0408,141.4771,144.6048,141.5851,139.9309,143.4901,143.4476,146.1549,156.1608,138.4089,142.5113,132.0585,145.7539,145.9497,147.9856,149.8767,151.1305,154.7751,149.5693,147.8428
10/31/2019,155.4517,144.9072,142.1779,142.8303,141.6463,145.126,158.2864,146.5615,153.2232,156.5419,155.6689,148.0771,159.0422,149.9845,154.134,156.577,144.8556,151.21,147.8351,149.3022,149.1702,144.9276,146.162,138.67
11/1/2019,141.4487,131.1641,134.1004,134.7502,130.4437,145.3002,137.3456,137.3608,137.2607,137.5659,136.2576,137.9391,144.9929,144.7909,148.2027,144.7444,154.6531,158.0708,157.2622,157.8425,155.5622,156.7299,156.6799,152.3083
11/2/2019,157.1455,151.077,141.534,146.7095,147.9429,134.1069,147.4901,137.3354,146.2529,148.6714,143.5455,137.3214,138.3774,138.0685,138.0036,137.7734,137.1352,135.5777,141.6436,143.537,142.1358,144.1242,141.6862,143.7612
11/3/2019,140.3889,145.3118,142.3121,132.0867,134.4045,148.3862,144.5888,144.6998,143.3074,144.833,143.5552,143.79,143.5346,144.9674,149.2313,142.6352,137.3324,138.6269,136.9701,142.0771,135.0579,139.9059,135.5939,144.2356
11/4/2019,143.3208,146.6015,148.5061,132.2426,143.884,146.6777,147.7866,148.4256,145.6413,145.3075,148.7904,136.4598,147.1752,147.2397,154.9245,138.2545,150.3407,155.3002,157.3891,154.4863,146.7153,156.7909,152.1919,151.6705
11/5/2019,145.9473,142.64,138.2034,138.0168,136.9814,134.0569,143.7466,148.7716,145.0038,143.7548,142.9498,147.3343,143.5908,140.8183,137.2397,144.1184,147.079,151.9913,154.9906,153.9606,156.7636,147.5441,155.8286,154.7113
11/6/2019,150.315,145.0707,140.4826,136.4215,137.1764,141.2169,139.9919,137.9971,138.6374,132.6954,139.585,131.915,137.8178,133.1174,138.592,144.6605,145.5558,158.0654,144.827,153.525,152.2912,154.0056,149.68,151.4168
11/7/2019,153.4898,145.5652,142.6515,139.5951,133.0381,146.1932,138.5163,140.7377,144.717,139.1884,133.5526,133.0113,132.909,134.9302,132.8525,131.9779,133.4653,145.9568,149.9141,153.2532,149.1387,149.3636,147.8103,144.5668
11/8/2019,140.9801,152.4975,148.0935,146.2892,137.7226,134.9453,134.8785,134.9795,138.0027,134.0196,135.6178,135.2163,132.5095,129.9015,133.5696,132.1454,143.4761,147.6351,149.3043,144.0697,146.0164,143.5356,143.8116,147.0201
11/9/2019,147.2396,142.8953,139.5858,143.9278,141.1589,146.0759,146.0138,146.4679,146.3486,146.9234,151.3792,146.6135,146.554,147.7769,142.8632,146.3938,152.452,147.9592,146.9047,145.2653,159.4554,142.4581,152.0694,148.4962
11/10/2019,144.5873,149.668,138.4521,132.2374,138.9113,138.5974,137.3866,137.8339,139.991,138.806,137.4898,137.7862,150.3653,145.6687,148.0106,147.5374,141.8835,142.3125,135.0497,148.2368,141.9299,143.3502,150.1369,150.3505
11/11/2019,143.4419,145.4905,145.0281,148.1217,147.8785,144.3436,148.7722,145.6887,143.6528,141.8379,146.2437,145.8454,137.0974,138.6938,137.8205,138.1447,139.3592,153.1782,156.0302,150.081,135.8661,146.0413,150.0685,158.2782
11/12/2019,157.123,149.7608,153.0082,148.5848,142.9118,144.8925,142.7116,144.5753,143.8397,146.5818,140.9706,154.0017,152.0981,136.2438,134.5983,136.735,142.1116,149.229,151.6747,148.674,148.6057,153.2584,158.2214,161.6987
11/13/2019,164.6646,157.4323,149.3502,148.7395,155.5591,155.9754,146.0784,155.6852,156.0299,155.4493,150.3976,155.066,156.2702,152.7102,156.3956,154.1661,154.3754,162.8512,153.2765,165.5506,170.8602,158.3414,156.2358,160.5821
11/14/2019,156.0887,159.7098,152.8671,155.8286,147.7212,159.4232,154.9922,139.8954,161.5196,158.5826,148.2971,145.9449,147.9332,159.4904,144.1005,157.345,164.7824,153.1012,168.2403,165.6934,160.7581,151.4523,154.101,164.5833
11/15/2019,163.5023,165.5751,150.3039,149.7873,148.0411,149.5322,147.1484,159.125,145.7524,145.7428,147.2277,145.362,145.9484,137.0165,138.7628,138.8576,139.8428,146.4195,146.3996,146.6006,150.2146,152.2061,153.5367,149.9004
11/16/2019,139.6962,153.5639,144.5426,148.3533,149.8334,143.6729,146.356,147.5963,127.4459,143.5018,150.2733,147.0613,150.2032,148.5731,149.4226,143.7906,150.9263,147.514,141.8129,137.1008,136.6039,137.0004,136.3999,138.6593
11/17/2019,136.0748,135.0495,137.5363,141.1567,143.72,151.8013,149.1778,142.5409,147.0865,134.31,138.5196,148.2844,143.9431,148.5089,151.2691,148.2206,142.3329,123.239,142.2496,142.7715,134.2257,143.0572,147.6191,148.8117
11/18/2019,148.4102,131.4405,131.531,130.9029,129.8642,130.9236,130.2008,131.0492,131.3654,126.618,137.4527,137.201,129.7931,141.49,134.5891,144.4042,142.4448,148.8251,153.2312,138.873,150.6284,156.2986,142.4919,155.4427
11/19/2019,158.1227,151.4882,151.8419,154.7946,142.68,142.2975,141.4704,146.1985,143.8183,146.8521,143.5281,141.2578,141.964,148.0261,144.6522,147.3676,150.3243,156.5032,151.3989,147.8902,164.0372,158.0164,163.2151,164.315
11/20/2019,155.0069,149.4837,149.5003,150.2899,146.704,142.9285,144.0608,145.2883,145.9259,145.472,145.1231,130.9779,144.5549,139.5356,139.4672,137.6847,140.9018,142.8631,148.4322,148.2582,141.965,151.5042,158.9401,151.0372
11/21/2019,153.5784,152.5723,150.5865,143.9395,145.6741,144.8359,145.4711,145.3965,144.8398,145.294,143.7371,150.4514,149.1004,146.9012,146.7044,156.6432,145.2082,149.273,146.5409,147.6432,146.6491,149.7175,144.1887,138.9216
11/22/2019,142.3877,144.1385,143.1789,146.4852,145.9389,148.2074,140.0522,145.636,130.4779,146.156,152.6036,140.2531,152.3671,150.7816,145.4174,149.5703,144.125,155.137,139.7478,141.578,143.9452,137.9543,146.405,142.3153
11/23/2019,142.5023,139.2882,132.6182,130.8075,130.4667,131.9845,129.8607,140.0603,137.1954,143.4946,135.5097,132.4657,135.1069,133.8842,132.7615,135.8084,133.2818,129.6945,137.2509,132.0071,140.0034,140.8557,139.8114,141.9726
11/24/2019,142.4527,140.3542,139.8636,140.1731,132.4925,139.9351,145.2016,130.714,142.5755,134.869,144.1036,136.5416,136.7417,137.7391,135.491,148.6017,141.8113,143.8521,145.7254,142.755,142.354,143.8622,147.7785,122.9415
11/25/2019,131.8842,153.5081,152.8993,147.593,144.0341,147.4812,143.1789,148.4729,155.3918,145.7989,156.7502,145.2162,145.2502,139.0987,139.8354,137.4247,138.0129,146.6306,147.3849,148.8432,156.7888,156.9284,154.2592,152.1271
11/26/2019,152.31,140.6918,144.5356,142.7811,140.9667,143.7375,149.5238,143.2543,142.7106,137.9483,144.5466,142.3786,146.3313,145.2219,144.627,145.4895,145.028,143.7088,154.8196,148.0793,145.17,147.1875,150.8605,145.508
11/27/2019,146.2507,157.5852,144.5682,144.3059,144.698,151.3409,140.5409,146.2315,143.8842,146.9558,152.0293,140.6352,145.4402,137.1851,142.5318,145.1165,140.4624,143.3627,145.3376,143.2149,141.8709,145.7437,138.5612,138.6405
11/28/2019,138.3612,140.4775,139.1256,138.673,139.7494,137.689,136.046,137.3232,136.8289,144.5806,146.1599,145.8427,137.1488,138.3143,141.2937,144.2742,143.1889,141.5266,142.6371,141.7009,143.1192,143.076,141.9335,143.1701
11/29/2019,142.219,148.576,143.161,146.5513,147.5253,137.0965,137.5807,132.2678,141.2919,145.3036,146.4103,145.3202,147.6948,139.7979,137.7975,138.8018,137.9101,134.999,135.9252,136.1353,142.4221,144.0643,151.0557,130.9958
11/30/2019,143.5274,144.702,148.8892,142.6833,141.5364,150.3697,144.6336,143.8188,138.515,150.6066,146.3961,150.811,150.3078,151.4381,143.955,149.675,147.5907,137.1111,135.9936,136.4412,137.6969,138.2181,137.3342,143.1209
12/1/2019,141.8408,148.5031,144.47,146.3262,148.079,150.1057,146.3019,155.8445,153.5116,157.798,153.4047,151.982,147.9245,148.1141,142.0332,148.6789,147.3726,136.5435,139.4335,136.7735,146.1523,139.8569,141.4792,139.4109
12/2/2019,137.0894,147.7897,140.0161,138.8864,140.3441,145.9001,145.5228,146.2614,144.3453,151.3114,143.7513,149.7839,146.6125,144.4798,155.2877,151.4476,146.9801,152.684,162.6857,155.1217,153.0356,162.4012,159.5883,153.4415
12/3/2019,161.7312,166.8039,149.9331,152.4934,147.3684,156.3717,142.601,158.6533,161.493,153.3092,147.8319,151.3764,149.5462,147.9906,148.3247,139.7024,150.4643,157.1609,164.1588,160.9553,153.0323,155.9052,152.6389,166.7239
12/4/2019,154.898,150.6973,147.3042,146.2351,139.5983,150.522,150.8851,150.511,149.5402,147.856,147.0603,153.634,149.4264,147.9442,155.9843,157.7314,148.5976,159.7011,149.4507,157.8401,160.7058,151.356,159.9041,151.12
12/5/2019,161.4546,155.6268,149.7368,153.0542,148.394,150.7161,150.3183,150.2594,156.8888,146.5757,148.2196,156.2355,148.9641,151.7021,151.6286,155.0945,154.366,157.9023,152.5139,156.6525,160.9415,157.1428,153.332,159.5323
12/6/2019,156.2935,154.386,153.5772,152.9028,150.3384,152.005,148.4562,148.4021,152.7284,163.1662,159.5901,150.8188,149.4103,147.8148,163.2292,149.5894,158.371,154.4826,155.9559,149.6984,152.0215,149.045,150.1372,143.7674
12/7/2019,142.7769,144.7511,144.2508,141.3398,146.973,146.5538,148.8463,146.7454,146.4092,148.1951,148.0179,147.8871,148.0452,148.0572,146.2591,152.0444,148.2672,146.1834,145.2338,148.4942,147.9765,146.7446,146.7621,154.3834
12/8/2019,145.3105,145.737,145.0197,146.8756,144.8829,147.7113,139.7178,140.1953,139.46,141.089,140.966,142.7318,140.334,144.5919,140.9968,147.7132,145.8484,148.8116,145.4934,145.7556,149.5523,146.7243,150.9589,148.5682
12/9/2019,148.017,147.5484,150.923,149.6868,150.5424,144.8025,151.2241,146.9298,152.0102,150.5906,147.6522,159.1369,142.3788,141.9318,153.9851,144.4243,150.4306,147.5658,149.7325,150.4573,153.0666,146.3251,146.9874,157.7003
12/10/2019,153.956,154.3195,149.3346,152.1124,149.6429,142.4625,150.2927,151.5609,148.758,149.6642,152.4302,149.2038,149.9964,150.3657,150.4856,142.7833,150.2511,154.7723,151.1343,152.7935,153.6381,149.5775,152.9792,155.3183
12/11/2019,151.5387,152.683,151.0688,154.0481,149.6467,148.4055,148.8187,153.7046,147.8766,146.7192,147.3505,147.3501,147.2522,148.0714,148.9071,147.1381,150.2097,156.0664,158.2156,153.7538,158.9423,160.7831,151.7255,152.0123
12/12/2019,162.6697,157.1073,154.1904,147.1871,154.1334,156.8745,146.502,148.9108,146.5194,146.6565,146.9125,148.2612,145.2488,146.5423,147.9411,145.074,146.7379,161.1974,156.5753,168.0344,155.4116,149.9285,155.1596,152.1185
12/13/2019,164.6346,163.4306,159.0534,147.507,158.5538,147.0023,145.434,151.356,148.3591,147.0872,145.1295,149.2821,150.9614,150.0077,149.5033,148.0418,152.2235,152.4329,154.1948,153.1178,153.7584,147.05,150.6479,144.5538
12/14/2019,150.6666,149.5348,142.621,143.0453,145.5339,143.2403,146.9819,145.7672,146.4533,149.1905,150.0543,147.1812,134.662,161.6912,151.5594,151.6453,144.731,149.0459,145.1267,144.6849,144.1188,142.5509,144.8457,144.7778
12/15/2019,144.3603,146.4391,144.0345,146.2023,146.1222,151.0852,143.9196,149.67,151.817,144.9226,146.8358,139.5706,147.274,149.575,147.011,139.7244,145.8063,139.53,144.5214,136.4271,136.99,137.1562,138.3887,139.2796
12/16/2019,144.0903,142.9651,147.1802,146.8827,144.9883,146.2682,147.9901,141.317,141.0075,140.8793,146.1925,143.3466,145.5492,142.0181,142.5156,143.9489,139.0205,150.1947,149.9578,150.0136,150.174,149.2155,143.5255,144.2625
12/17/2019,144.412,141.7846,140.5397,141.7231,139.8164,136.813,133.6765,133.4149,132.15,132.9475,133.1535,133.6012,133.004,133.8846,144.7159,146.1452,139.9954,142.545,142.9233,143.0048,143.3983,142.0567,146.0489,144.1558
12/18/2019,145.279,147.6615,141.3946,144.6655,141.8905,149.4042,147.9761,148.1303,146.772,150.8639,148.6904,148.39,148.3287,149.2424,147.8818,150.1158,151.7233,153.1767,154.1449,161.4313,158.4824,150.9634,157.6564,150.8752
12/19/2019,160.7304,160.8447,156.0724,147.5799,155.9886,147.9218,146.5056,146.1467,154.4689,147.1305,156.1041,157.1146,153.4169,156.0983,155.4475,161.1538,153.6572,158.3423,155.8786,160.7665,158.8603,156.204,158.468,153.9096
12/20/2019,141.7247,148.0196,161.9244,160.4863,154.3174,143.9688,148.5348,152.9184,151.9818,159.9002,156.338,157.8496,156.1866,161.2481,155.4819,150.9827,156.512,160.079,163.7238,157.6107,153.4693,160.1914,148.7742,154.8447
12/21/2019,153.1689,152.8088,147.731,146.7357,147.0909,148.5466,147.1919,148.0494,149.7188,153.1688,148.031,156.5276,146.9624,154.6481,145.7409,152.9269,147.8409,149.8116,146.4293,144.0915,143.6741,144.7852,142.664,140.0076
12/22/2019,143.8371,141.9968,145.9572,146.9594,144.012,146.9866,146.9411,148.9444,144.1078,145.1401,145.364,144.9424,138.6129,140.5572,138.9892,138.16,140.1464,139.3838,138.5942,143.3863,142.4241,146.9881,144.6626,149.4531
12/23/2019,150.2962,143.5012,145.8967,145.3776,145.3575,145.4271,144.5121,146.4133,147.6674,145.7236,147.4423,137.7949,145.9913,136.0117,142.6776,143.7724,139.6029,135.4309,130.6656,136.7332,139.4117,142.1888,131.1057,132.903
12/24/2019,131.7508,129.1231,129.2632,134.1911,133.1946,130.8179,132.6289,134.0182,137.527,136.2368,136.0953,132.5596,135.3884,131.2844,134.1124,137.2055,135.7546,134.4168,133.2768,137.913,129.905,130.0339,131.4023,133.8865
12/25/2019,130.4784,131.6879,131.1863,132.0304,130.1493,133.0739,144.7805,131.349,143.1937,145.3579,143.097,142.989,137.9018,149.6977,142.1646,144.8974,143.0758,141.0352,135.5139,135.4052,135.5834,136.3706,142.918,134.8618
12/26/2019,141.9693,137.1752,139.5402,146.8593,152.7795,143.379,145.1869,141.4059,145.2888,145.2271,147.026,142.6537,148.1416,140.8845,141.6588,142.7031,141.7625,141.3747,142.8056,140.5774,141.434,150.7639,140.8143,143.1974
12/27/2019,135.2798,134.6841,139.5558,133.3446,136.1833,147.3661,137.2473,145.7305,144.044,144.8048,148.8026,148.0169,143.7668,147.7136,146.4794,146.0352,146.9921,151.8416,150.664,133.4018,143.9232,142.4547,144.5125,145.3902
12/28/2019,143.7053,142.9928,142.9425,140.4729,138.9912,131.8503,133.7255,131.7196,131.9485,133.2596,131.551,132.5778,134.4969,140.4339,139.2044,147.4415,149.4998,146.9938,148.3936,144.6495,146.6878,140.8487,131.6041,128.8581
12/29/2019,138.0456,138.0678,138.1703,131.4713,131.5576,132.4417,132.4685,133.1056,142.9219,135.8356,134.5408,136.6208,135.6698,135.3356,135.1003,137.5422,135.5864,135.0277,133.6594,130.3608,131.478,130.7075,129.4008,132.6003
12/30/2019,132.0075,141.3786,132.2407,131.8303,130.3361,145.6549,139.0277,137.8022,137.9994,137.1032,133.3833,135.3013,140.39,132.471,133.455,140.1821,137.7263,128.5575,133.6284,144.5314,147.9245,143.9901,143.3946,145.8338
12/31/2019,138.3714,145.8098,141.1601,135.5959,135.9697,137.3811,137.4007,136.769,135.9477,135.997,138.0133,143.2461,144.7168,149.6592,148.7529,148.9073,147.64,148.6467,147.9048,149.1909,146.7473,148.5777,145.4359,143.7101
