Year,Month,Day,DNI Mean,DNI Max,DNI Min,Wind Speed,Precipitable Water,Wind Direction,Relative Humidity,Temperature,Pressure,Power Consumption,Weekday
2019,1,1,576.3636363636364,849,105,1.4090909090909092,2.4454545454545458,186.63636363636363,71.56181818181818,25.14545454545454,1017.0,4631.294825601817,1
2019,1,1,576.3636363636364,849,105,1.4090909090909092,2.4454545454545458,186.63636363636363,71.56181818181818,25.14545454545454,1017.0,6301.517531226409,2
2019,1,2,349.6363636363636,848,12,1.3727272727272728,2.354545454545454,119.81818181818181,70.55272727272727,24.727272727272727,1017.0909090909091,8303.404328419241,2
2019,1,3,262.8181818181818,667,53,2.1545454545454548,2.836363636363636,225.0,73.30272727272727,25.38181818181818,1014.0,7783.903941478014,3
2019,1,4,316.0,888,3,4.8090909090909095,3.1181818181818177,206.63636363636363,72.36909090909091,25.3,1010.2727272727273,7703.588416647622,4
2019,1,5,547.6363636363636,932,6,4.154545454545455,1.4181818181818182,291.27272727272725,68.39181818181818,17.927272727272726,1013.0,8002.9462670090625,5
2019,1,6,729.8181818181819,964,154,1.4727272727272729,0.9727272727272727,90.54545454545455,61.22818181818182,17.072727272727274,1017.4545454545455,8829.305900269492,6
2019,1,7,617.5454545454545,903,153,2.0999999999999996,2.0090909090909093,93.72727272727273,66.63181818181819,21.85454545454546,1018.9090909090909,8295.302787514389,0
2019,1,8,433.8181818181818,904,63,1.0999999999999999,1.6636363636363634,273.1818181818182,63.87999999999999,22.28181818181818,1017.5454545454545,8097.7645825158215,1
2019,1,9,425.90909090909093,816,3,3.563636363636363,1.3909090909090909,307.45454545454544,62.9209090909091,19.218181818181815,1014.5454545454545,8583.25836843893,2
2019,1,10,753.6363636363636,978,210,3.0545454545454547,0.7,235.72727272727272,50.95454545454545,11.700000000000001,1015.5454545454545,9591.55319734184,3
2019,1,11,574.4545454545455,872,113,3.4181818181818175,1.8363636363636366,64.72727272727273,61.46727272727273,18.51818181818182,1017.8181818181819,9460.227820584934,4
2019,1,12,579.5454545454545,871,134,3.3,2.1,115.36363636363636,59.805454545454545,21.681818181818183,1018.5454545454545,8158.376307192001,5
2019,1,13,615.9,901,121,2.54,2.52,239.0,67.188,22.809999999999995,1016.0,8099.564925787042,6
2019,1,14,542.0,929,144,2.690909090909091,1.0636363636363635,271.27272727272725,68.60363636363637,16.981818181818184,1017.5454545454545,8529.848081710119,0
2019,1,15,472.7,892,2,3.06,1.15,293.7,59.614,13.829999999999998,1018.3,9475.3307485777,1
2019,1,16,330.6363636363636,899,2,2.790909090909091,1.2090909090909092,269.27272727272725,61.95636363636363,13.545454545454543,1019.6363636363636,9990.930403210948,2
2019,1,17,676.6363636363636,925,156,1.4636363636363634,1.3636363636363635,142.63636363636363,58.28818181818181,18.81818181818182,1018.4545454545455,9535.642385518511,3
2019,1,18,671.8181818181819,937,87,1.0545454545454545,1.6818181818181814,202.8181818181818,46.680909090909104,20.172727272727272,1016.3636363636364,9063.251129642293,4
2019,1,19,397.3636363636364,581,124,2.9181818181818184,2.2181818181818183,183.0,60.72545454545455,21.418181818181818,1011.9090909090909,8051.855722268123,5
2019,1,20,289.1818181818182,656,15,6.490909090909091,1.3272727272727274,281.54545454545456,67.85272727272728,15.436363636363637,1009.8181818181819,9227.182778109564,6
2019,1,21,782.2727272727273,986,214,3.863636363636363,0.7636363636363637,94.81818181818181,53.557272727272725,11.609090909090911,1022.1818181818181,6923.837791119346,0
2019,1,22,622.5454545454545,810,90,5.081818181818182,1.5272727272727271,99.72727272727273,57.283636363636376,19.94545454545454,1024.2727272727273,10197.670295300612,1
2019,1,23,341.6363636363636,849,20,4.663636363636365,2.1545454545454543,148.0909090909091,59.16181818181818,23.16363636363636,1017.2727272727273,8361.015439006893,2
2019,1,24,446.55555555555554,847,1,4.633333333333334,3.411111111111111,252.0,78.25,20.066666666666663,1010.2222222222222,8360.31536020042,3
2019,1,25,788.1818181818181,1004,227,3.6636363636363636,0.5818181818181819,238.0,48.960909090909084,12.363636363636363,1018.5454545454545,9677.969979593925,4
2019,1,26,312.4,828,1,4.26,1.8099999999999998,29.5,61.60100000000001,14.87,1017.5,10057.043099190858,5
2019,1,27,17.0,63,1,6.075,3.525,268.5,97.39,12.625,1009.75,10600.348096161591,6
2019,1,28,335.8181818181818,816,3,3.6818181818181825,1.0636363636363635,252.1818181818182,75.59272727272729,11.590909090909092,1012.5454545454545,11042.133470642337,0
2019,1,29,726.4545454545455,975,213,2.1727272727272724,1.2363636363636363,271.3636363636364,60.7,15.018181818181814,1012.0909090909091,10000.632278497682,1
2019,1,30,53.55555555555556,164,3,3.755555555555555,1.366666666666667,142.22222222222223,59.92111111111111,10.877777777777778,1018.2222222222222,10583.044814749335,2
2019,1,31,66.27272727272727,164,3,4.0636363636363635,2.6181818181818177,39.72727272727273,73.36363636363636,15.281818181818181,1021.4545454545455,10516.031882271473,3
2019,2,1,70.4,251,5,3.53,3.3800000000000003,96.3,80.6,20.86,1018.6,8988.93679864982,4
2019,2,2,202.54545454545453,562,3,1.8636363636363633,3.5818181818181825,98.72727272727273,81.03636363636363,22.19090909090909,1015.6363636363636,8741.288947699342,5
2019,2,3,122.55555555555556,550,1,1.8111111111111111,3.2111111111111104,237.88888888888889,86.5811111111111,20.45555555555556,1012.0,8842.20841761126,6
2019,2,4,330.0,830,9,1.5000000000000002,2.533333333333333,17.88888888888889,79.89777777777778,19.4,1013.4444444444445,8640.769480305005,0
2019,2,5,725.0,926,212,1.518181818181818,2.090909090909091,65.18181818181819,66.36545454545454,20.554545454545455,1015.8181818181819,8508.143902686905,1
2019,2,6,692.5454545454545,920,169,1.7272727272727275,2.2363636363636363,75.63636363636364,65.06545454545454,21.881818181818183,1017.3636363636364,8169.07833375861,2
2019,2,7,603.7272727272727,902,232,2.0272727272727273,2.4181818181818175,126.72727272727273,69.96363636363635,22.89090909090909,1017.2727272727273,7970.440024543623,3
2019,2,8,745.1818181818181,932,294,1.3,2.2818181818181817,137.0,67.84727272727272,23.44545454545454,1019.1818181818181,7878.5222328331765,4
2019,2,9,353.1,774,1,5.13,2.91,25.6,76.381,20.49,1023.1,8103.065609792415,5
2019,2,10,33.45454545454545,162,1,5.245454545454546,3.236363636363637,93.18181818181819,83.61727272727273,22.272727272727273,1021.3636363636364,8544.45090163141,6
2019,2,11,618.8181818181819,900,53,2.5818181818181816,2.681818181818182,158.45454545454547,73.54454545454546,24.4,1016.0,7693.786546455094,0
2019,2,12,374.9,846,84,3.5300000000000002,3.5699999999999994,198.5,76.786,25.47,1013.1,7409.931706727869,1
2019,2,13,7.6,12,2,3.2399999999999998,2.4,139.6,85.44399999999999,14.4,1015.0,9173.972500270385,2
2019,2,14,681.0909090909091,952,169,2.963636363636364,1.4454545454545453,93.81818181818181,65.94,19.290909090909093,1014.1818181818181,8911.921933673788,3
2019,2,15,564.0909090909091,894,198,0.8454545454545456,1.9545454545454546,263.27272727272725,63.94727272727271,21.427272727272726,1011.2727272727273,8014.048410556261,4
2019,2,16,282.09090909090907,704,1,3.590909090909091,3.0363636363636357,234.72727272727272,70.82181818181817,22.272727272727273,1008.1818181818181,7491.647469295078,5
2019,2,17,628.8181818181819,886,296,2.4636363636363643,3.0545454545454547,193.45454545454547,70.40636363636364,24.972727272727273,1011.0909090909091,7404.5306692835165,6
2019,2,18,221.7,688,5,2.1800000000000006,3.37,227.4,71.999,26.869999999999997,1014.8,7244.299690818292,0
2019,2,19,317.54545454545456,678,1,2.3636363636363638,3.590909090909091,132.36363636363637,74.70727272727275,26.581818181818186,1017.9090909090909,7298.310130125179,1
2019,2,20,312.09090909090907,565,120,4.618181818181818,3.4,150.9090909090909,72.50181818181818,26.38181818181818,1014.9090909090909,7389.827808670529,2
2019,2,21,348.1818181818182,833,16,2.936363636363636,2.9090909090909087,143.8181818181818,71.25363636363635,26.400000000000002,1015.6363636363636,7420.23368499187,3
2019,2,22,618.8181818181819,917,214,2.2727272727272725,2.727272727272727,137.0909090909091,66.36,26.70909090909091,1017.4545454545455,7195.090208870862,4
2019,2,23,443.09090909090907,894,116,3.4909090909090916,3.1181818181818186,154.8181818181818,67.37636363636365,27.636363636363637,1015.0909090909091,7044.561075168728,5
2019,2,24,444.6666666666667,770,5,4.2250000000000005,3.016666666666667,248.41666666666666,65.56666666666668,26.349999999999998,1014.0833333333334,6937.7404559257875,6
2019,2,25,667.5,941,7,4.5249999999999995,1.6916666666666664,49.666666666666664,55.23666666666666,20.466666666666665,1021.5833333333334,7884.623436839149,0
2019,2,26,20.77777777777778,88,1,4.022222222222222,3.1666666666666665,98.44444444444444,69.11444444444444,22.08888888888889,1021.6666666666666,8002.7462543042375,1
2019,2,27,259.3,707,3,1.3599999999999999,3.6700000000000004,68.7,77.636,23.58,1015.3,7784.304050827618,2
2019,2,28,600.6666666666666,921,12,1.2666666666666668,2.65,253.58333333333334,67.55999999999999,23.674999999999997,1014.0,7868.320260921736,3
2019,3,1,498.7,884,1,1.3000000000000003,2.48,174.0,67.05,23.02,1015.7,7851.617017624547,4
2019,3,2,436.75,919,2,1.6583333333333332,2.775,254.5,58.30083333333334,26.191666666666666,1014.8333333333334,7519.552881569192,5
2019,3,3,571.25,793,23,2.0749999999999997,2.6666666666666665,231.08333333333334,60.84583333333334,25.483333333333334,1010.9166666666666,7202.791678580738,6
2019,3,4,493.75,815,20,4.758333333333334,3.408333333333333,260.75,71.55333333333334,25.458333333333332,1010.0,7475.944465032909,0
2019,3,5,120.72727272727273,502,1,4.518181818181818,2.6636363636363636,302.0,66.90272727272726,15.127272727272725,1015.3636363636364,8756.391868061417,1
2019,3,6,832.0833333333334,1032,57,3.5749999999999997,0.45833333333333326,197.83333333333334,39.22416666666667,12.516666666666667,1022.9166666666666,9793.392209658856,2
2019,3,7,682.4166666666666,966,38,2.808333333333333,1.2833333333333334,69.5,50.31416666666667,18.333333333333332,1021.6666666666666,9324.201542421657,3
2019,3,8,564.8333333333334,911,10,2.2833333333333337,2.1,124.41666666666667,54.668333333333344,22.608333333333334,1018.25,8503.84303432146,4
2019,3,9,464.4166666666667,889,25,3.3249999999999997,2.8833333333333333,120.75,63.943333333333335,24.616666666666664,1015.25,7700.187792411114,5
2019,3,10,557.9166666666666,838,7,1.866666666666667,3.191666666666666,159.75,62.53333333333334,27.075,1017.0,6444.645179937503,6
2019,3,11,403.25,799,13,1.4083333333333332,3.2166666666666672,293.6666666666667,57.78333333333333,27.808333333333334,1017.4166666666666,7197.590695811043,0
2019,3,12,95.16666666666667,416,5,3.966666666666667,3.266666666666666,44.916666666666664,66.94083333333334,23.733333333333334,1017.0,7827.212304617773,1
2019,3,13,272.3076923076923,473,3,4.592307692307692,2.415384615384615,96.15384615384616,60.21461538461539,23.015384615384615,1016.6923076923077,7911.428580833021,2
2019,3,14,502.2307692307692,850,6,3.792307692307692,2.146153846153846,119.3076923076923,59.33615384615385,24.692307692307693,1016.3846153846154,7932.932747151116,3
2019,3,15,458.15384615384613,809,6,1.484615384615385,2.4692307692307693,150.30769230769232,60.51307692307693,26.184615384615384,1015.2307692307693,7708.589375266014,4
2019,3,16,75.63636363636364,158,3,1.7272727272727275,2.9818181818181824,76.0909090909091,62.889090909090896,25.654545454545453,1015.5454545454545,7851.817079930187,5
2019,3,17,46.8,122,3,2.8199999999999994,3.7699999999999996,15.0,68.271,21.619999999999997,1015.0,8102.565516982909,6
2019,3,18,24.8,137,1,4.39,3.4299999999999997,18.7,67.605,19.39,1015.6,8786.89773165815,0
2019,3,19,5.666666666666667,11,2,4.333333333333333,3.4333333333333336,70.5,72.49666666666667,18.083333333333332,1015.3333333333334,9205.678657576793,1
2019,3,20,223.69230769230768,516,1,4.646153846153847,2.6538461538461537,26.076923076923077,68.55692307692307,19.915384615384614,1013.6923076923077,9111.360423433354,2
2019,3,21,659.6923076923077,924,26,3.9384615384615387,1.2692307692307692,291.46153846153845,44.62692307692308,20.6,1011.4615384615385,8489.540290689061,3
2019,3,22,731.4615384615385,975,59,3.3538461538461544,0.7846153846153844,289.46153846153845,38.99153846153846,20.96153846153846,1013.6153846153846,8283.80051554042,4
2019,3,23,717.2307692307693,969,57,2.2461538461538457,0.7846153846153846,97.38461538461539,44.25076923076924,21.31538461538461,1018.3846153846154,8265.8970128724,5
2019,3,24,442.38461538461536,811,12,2.930769230769231,1.6384615384615384,110.0,55.47076923076922,22.799999999999994,1019.1538461538462,7711.089923253192,6
2019,3,25,469.6363636363636,880,75,1.581818181818182,2.4999999999999996,222.9090909090909,47.720000000000006,26.8,1013.8181818181819,7758.0989907341345,0
2019,3,26,606.0,897,41,2.984615384615385,2.369230769230769,265.6923076923077,55.04615384615385,25.21538461538461,1011.1538461538462,7750.097421842705,1
2019,3,27,269.8,655,3,6.830000000000001,2.44,129.5,74.416,18.139999999999997,1015.4,8700.181002841564,2
2019,3,28,592.0,829,4,5.7153846153846155,1.6307692307692307,41.07692307692308,53.22999999999999,21.999999999999996,1019.0769230769231,8160.876778870213,3
2019,3,29,433.0,833,90,3.5846153846153843,1.8923076923076927,72.61538461538461,52.66307692307692,23.26153846153846,1017.1538461538462,7976.741187838409,4
2019,3,30,492.38461538461536,922,61,2.2153846153846155,2.0076923076923077,112.92307692307692,53.322307692307696,23.89230769230769,1014.3846153846154,7670.582069926493,5
2019,3,31,570.5384615384615,887,83,2.476923076923077,2.3307692307692305,250.53846153846155,50.82076923076923,26.47692307692307,1012.1538461538462,7565.861828273834,6
2019,4,1,42.63636363636363,170,2,1.6272727272727272,3.536363636363636,31.272727272727273,65.80636363636364,22.30909090909091,1014.3636363636364,7863.119239997702,0
2019,4,2,333.6923076923077,882,1,3.3307692307692305,2.907692307692308,286.0,63.86153846153846,22.907692307692308,1013.9230769230769,8169.978562625577,1
2019,4,3,611.0769230769231,943,108,3.8,1.4999999999999998,58.07692307692308,50.87307692307694,22.03076923076923,1021.0769230769231,8166.877923107613,2
2019,4,4,433.61538461538464,798,38,3.2846153846153845,2.576923076923077,89.23076923076923,56.22,24.176923076923078,1020.0,7886.923857658195,3
2019,4,5,224.83333333333334,766,2,1.9916666666666663,3.808333333333333,221.91666666666666,68.79500000000002,26.24166666666667,1014.4166666666666,7656.279303401433,4
2019,4,6,349.7692307692308,669,41,2.1923076923076925,3.7,142.92307692307693,67.25153846153847,26.77692307692308,1016.0,7256.0019449737365,5
2019,4,7,416.0769230769231,833,1,3.0999999999999996,3.1538461538461537,119.61538461538461,61.36538461538461,27.42307692307692,1016.6153846153846,7033.959043508497,6
2019,4,8,480.46153846153845,877,4,3.476923076923077,3.684615384615385,162.46153846153845,63.954615384615394,27.75384615384616,1012.8461538461538,7153.382096173331,0
2019,4,9,145.36363636363637,799,1,4.745454545454545,4.127272727272727,205.36363636363637,76.04636363636364,25.672727272727272,1006.0909090909091,7257.802314952817,1
2019,4,10,431.0,835,34,2.2499999999999996,3.1249999999999996,242.08333333333334,61.39499999999999,26.200000000000003,1004.4166666666666,7408.931486770019,2
2019,4,11,506.46153846153845,914,89,2.707692307692308,2.646153846153846,87.53846153846153,56.26153846153846,27.538461538461544,1008.1538461538462,7445.938617937008,3
2019,4,12,590.0,879,86,3.1307692307692303,3.023076923076923,131.6153846153846,56.773846153846165,29.015384615384615,1011.3076923076923,7148.981229086018,4
2019,4,13,466.15384615384613,878,106,3.446153846153846,2.9538461538461536,132.23076923076923,57.30692307692308,29.230769230769226,1011.4615384615385,6744.0030493761105,5
2019,4,14,123.5,443,5,5.125000000000001,3.85,194.0,58.99166666666667,30.48333333333333,1008.1666666666666,6732.40074052623,6
2019,4,15,784.2307692307693,1002,265,3.8692307692307697,0.8846153846153846,307.61538461538464,43.22,24.59230769230769,1012.3846153846154,7328.315916174084,0
2019,4,16,744.5384615384615,941,194,2.8846153846153846,1.330769230769231,52.76923076923077,44.065384615384616,25.184615384615388,1017.2307692307693,7621.972664248466,1
2019,4,17,361.53846153846155,678,172,3.4153846153846152,1.8923076923076918,100.0,53.04692307692307,26.430769230769233,1014.7692307692307,7528.654623354729,2
2019,4,18,628.1538461538462,891,70,3.9692307692307693,2.6999999999999997,154.46153846153845,51.70923076923077,29.107692307692307,1010.6153846153846,7432.336014158075,3
2019,4,19,124.1,372,1,7.0,3.8299999999999996,194.0,67.773,27.500000000000007,1005.6,7465.642460061049,4
2019,4,20,715.0,952,270,5.6230769230769235,1.4,269.61538461538464,46.27461538461539,21.792307692307695,1010.5384615384615,7850.6168510827065,5
2019,4,21,793.3846153846154,974,303,2.507692307692307,1.069230769230769,314.0,35.10384615384615,23.161538461538463,1015.5384615384615,7764.800236670373,6
2019,4,22,787.3846153846154,966,272,2.1538461538461537,1.3692307692307693,87.61538461538461,36.60846153846155,25.02307692307692,1017.0,7816.110141993408,0
2019,4,23,746.6153846153846,947,169,2.430769230769231,1.8846153846153844,57.30769230769231,43.91923076923077,26.507692307692306,1015.1538461538462,7515.252032280622,1
2019,4,24,681.5384615384615,918,171,2.2538461538461543,2.4076923076923085,119.76923076923077,44.32153846153846,27.699999999999996,1012.8461538461538,7493.247761707134,2
2019,4,25,527.0769230769231,876,86,2.5307692307692307,2.761538461538462,174.23076923076923,46.03615384615384,28.184615384615388,1010.9230769230769,7402.430245907914,3
2019,4,26,467.5,812,1,6.159999999999999,3.4899999999999998,249.7,52.029999999999994,29.310000000000002,1006.9,7457.34084540408,4
2019,4,27,779.8461538461538,958,258,3.0384615384615383,1.1846153846153848,68.15384615384616,33.87230769230769,27.23076923076923,1012.2307692307693,7240.69898138319,5
2019,4,28,637.9230769230769,916,230,3.015384615384615,1.8846153846153844,90.53846153846153,43.45692307692308,28.330769230769228,1013.9230769230769,7072.1664149691505,6
2019,4,29,753.6923076923077,933,237,4.176923076923077,1.9461538461538466,82.46153846153847,51.08230769230769,28.030769230769238,1017.0,7264.003510049674,0
2019,4,30,569.7692307692307,862,265,4.584615384615384,2.853846153846154,96.46153846153847,55.86692307692307,29.084615384615383,1017.9230769230769,7146.180730719435,1
2019,5,1,626.4615384615385,891,205,5.1,2.8615384615384616,82.61538461538461,55.062307692307705,28.53846153846154,1017.7692307692307,7415.132693313058,2
2019,5,2,306.9,574,131,4.2299999999999995,4.5,90.8,63.52,28.570000000000004,1013.9,7241.299088176242,3
2019,5,3,316.0769230769231,582,104,2.9461538461538463,4.246153846153846,219.30769230769232,65.9046153846154,28.184615384615388,1011.6153846153846,7093.570567303699,4
2019,5,4,374.0833333333333,818,6,2.4666666666666672,3.808333333333333,208.25,57.12916666666667,29.683333333333334,1010.3333333333334,7072.066397170406,5
2019,5,5,219.72727272727272,589,32,2.6999999999999997,4.5181818181818185,214.0909090909091,85.47363636363636,25.636363636363637,1009.0909090909091,7058.763869680368,6
2019,5,6,291.0769230769231,551,82,1.9307692307692308,4.000000000000001,270.0769230769231,59.98384615384615,29.12307692307693,1011.5384615384615,7345.419234482032,0
2019,5,7,403.7692307692308,693,215,3.369230769230769,3.138461538461539,68.84615384615384,62.44538461538461,28.56153846153847,1013.5384615384615,7310.6125063353475,1
2019,5,8,663.0769230769231,893,117,4.346153846153846,2.6076923076923078,85.76923076923077,53.837692307692315,28.5,1012.8461538461538,7426.034827970628,2
2019,5,9,275.0,763,6,3.3307692307692305,4.361538461538461,97.53846153846153,61.350769230769224,28.123076923076926,1012.4615384615385,7278.506281648871,3
2019,5,10,506.6923076923077,825,33,3.1846153846153844,3.9538461538461536,92.07692307692308,58.143076923076926,29.461538461538456,1012.2307692307693,7162.683930788153,4
2019,5,11,442.38461538461536,828,4,1.7923076923076928,3.9615384615384617,165.53846153846155,60.64692307692308,29.892307692307686,1010.5384615384615,6979.248491056001,5
2019,5,12,396.0769230769231,887,3,2.7999999999999994,4.023076923076923,229.07692307692307,64.06076923076922,29.507692307692306,1008.6923076923077,6946.8422282349675,6
2019,5,13,84.58333333333333,433,1,3.1166666666666667,4.3500000000000005,234.5,84.06,26.475000000000005,1008.9166666666666,7566.461938882083,0
2019,5,14,60.72727272727273,205,2,2.472727272727273,4.436363636363637,285.72727272727275,77.29545454545455,26.527272727272724,1009.6363636363636,7570.962800875479,1
2019,5,15,256.7857142857143,735,1,2.7571428571428567,3.6428571428571432,81.5,68.46785714285714,25.557142857142853,1011.1428571428571,7479.9452151399255,2
2019,5,16,536.2857142857143,876,4,2.642857142857143,2.9214285714285713,80.07142857142857,57.59571428571428,27.007142857142856,1012.6428571428571,7444.438316616127,3
2019,5,17,669.2142857142857,890,10,2.707142857142857,2.2857142857142856,91.64285714285714,50.00714285714285,27.735714285714284,1013.1428571428571,7226.3962415662845,4
2019,5,18,735.6428571428571,946,14,2.842857142857142,1.657142857142857,85.57142857142857,47.22928571428571,27.685714285714287,1012.7142857142857,7026.457617027092,5
2019,5,19,710.5,942,21,2.0999999999999996,2.5357142857142856,109.0,53.173571428571435,29.28571428571428,1012.4285714285714,6984.949600974045,6
2019,5,20,643.7857142857143,865,19,2.107142857142857,2.9928571428571438,94.07142857142857,53.18571428571429,30.08571428571429,1012.0714285714286,7130.37768195037,0
2019,5,21,676.0714285714286,907,19,2.1571428571428575,2.9214285714285713,126.35714285714286,53.450714285714284,30.55,1010.5,7270.504766173453,1
2019,5,22,734.4285714285714,940,28,3.3428571428571425,2.1714285714285717,89.28571428571429,51.13785714285713,29.48571428571429,1014.7142857142857,7274.005423470672,2
2019,5,23,599.5,877,24,4.442857142857142,2.878571428571429,81.28571428571429,56.78642857142858,29.15,1017.0,7267.104065627981,3
2019,5,24,697.4285714285714,911,16,3.5500000000000003,2.4285714285714284,78.5,49.370000000000005,29.185714285714287,1016.0,7141.37980769853,4
2019,5,25,668.2142857142857,880,16,3.3857142857142857,3.014285714285714,92.07142857142857,52.99142857142857,30.321428571428566,1015.7142857142857,6915.336117972229,5
2019,5,26,676.1428571428571,886,18,2.5357142857142856,2.85,97.07142857142857,51.752857142857145,31.55714285714285,1015.5714285714286,6917.036424367538,6
2019,5,27,581.5714285714286,828,13,1.8285714285714285,3.235714285714286,147.71428571428572,48.04428571428571,32.85,1012.5,5073.380234401916,0
2019,5,28,599.4615384615385,856,17,2.207692307692308,2.8153846153846156,162.69230769230768,44.494615384615386,33.06153846153846,1010.5384615384615,7243.299524276453,1
2019,5,29,719.6428571428571,922,30,2.992857142857143,2.0714285714285707,142.28571428571428,42.082857142857144,31.94285714285714,1010.3571428571429,7185.788397148701,2
2019,5,30,697.5,898,31,2.264285714285714,2.349999999999999,153.57142857142858,45.35928571428571,32.635714285714286,1010.5,7211.993438165017,3
2019,5,31,495.6923076923077,879,15,1.1384615384615384,3.7692307692307696,202.23076923076923,50.86,33.06153846153846,1010.2307692307693,7033.458923990838,4
2019,6,1,378.2857142857143,869,3,2.2785714285714285,4.3428571428571425,268.7857142857143,56.00928571428572,32.09285714285715,1008.5,6742.702776021734,5
2019,6,2,450.57142857142856,778,31,2.4428571428571426,4.192857142857144,257.57142857142856,53.708571428571425,31.98571428571429,1008.2142857142857,6691.492884681952,6
2019,6,3,403.35714285714283,790,28,1.7142857142857149,4.514285714285714,249.64285714285714,53.16714285714285,32.57142857142857,1010.0714285714286,7175.08632098128,0
2019,6,4,408.0,762,14,2.7857142857142856,3.721428571428571,112.0,49.29928571428571,32.67857142857143,1012.5714285714286,7193.889953315523,1
2019,6,5,500.15384615384613,806,25,2.576923076923077,4.461538461538461,131.84615384615384,55.70692307692308,32.338461538461544,1012.0,7076.567293502647,2
2019,6,6,302.0,709,2,1.869230769230769,5.115384615384615,221.92307692307693,64.64923076923077,30.646153846153844,1009.3846153846154,7262.803262125024,3
2019,6,7,172.5,512,4,2.664285714285714,5.157142857142858,223.35714285714286,71.51857142857143,29.514285714285716,1007.7857142857143,7124.876626706981,4
2019,6,8,97.33333333333333,274,15,2.111111111111111,5.155555555555555,226.0,66.36888888888889,30.32222222222222,1008.7777777777778,6857.424953988054,5
2019,6,9,221.77777777777777,524,10,3.4888888888888885,4.777777777777778,206.33333333333334,78.41444444444446,29.27777777777778,1010.7777777777778,6911.235342435778,6
2019,6,10,166.73333333333332,442,1,2.82,5.0200000000000005,219.13333333333333,80.97,27.433333333333337,1011.5333333333333,7322.914867283549,0
2019,6,11,320.07142857142856,802,3,2.3071428571428574,4.614285714285714,213.71428571428572,73.88071428571428,28.72142857142857,1011.2857142857143,7196.090390674378,1
2019,6,12,371.64285714285717,815,3,2.9428571428571426,4.542857142857142,218.71428571428572,75.38214285714285,28.571428571428577,1011.4285714285714,7182.187699160077,2
2019,6,13,122.41666666666667,477,2,2.5,5.283333333333334,253.58333333333334,84.67083333333333,26.63333333333333,1013.0833333333334,7347.419617166234,3
2019,6,14,127.0,380,1,2.161538461538462,4.323076923076924,111.3076923076923,82.22230769230767,26.215384615384615,1015.0,7191.089428240785,4
2019,6,15,410.42857142857144,851,3,2.678571428571428,4.385714285714287,84.21428571428571,78.20714285714287,27.842857142857145,1015.0,7009.954397881206,5
2019,6,16,319.9,629,5,1.98,4.380000000000001,122.3,80.17500000000001,27.959999999999997,1013.5,7139.979547069055,6
2019,6,17,310.27272727272725,811,5,3.1727272727272724,5.127272727272729,132.72727272727272,79.99363636363637,27.763636363636365,1013.6363636363636,7304.311266731595,0
2019,6,18,353.85714285714283,872,2,2.942857142857143,5.071428571428571,220.57142857142858,84.59857142857143,27.8,1012.5714285714286,7101.37208152018,1
2019,6,19,240.54545454545453,810,1,2.618181818181818,5.454545454545454,223.27272727272728,89.63636363636364,27.2,1012.3636363636364,7340.3182656958825,2
2019,6,20,597.6666666666666,861,1,3.2466666666666666,4.533333333333332,236.53333333333333,79.56733333333334,28.846666666666668,1012.0666666666667,7135.17859734029,3
2019,6,21,547.0,821,6,2.7400000000000007,3.980000000000001,273.93333333333334,75.75999999999999,29.57333333333333,1013.9333333333333,6966.446029667312,4
2019,6,22,342.42857142857144,706,2,2.264285714285714,3.935714285714286,275.2142857142857,73.61357142857142,29.071428571428573,1015.4285714285714,6805.3148681201465,5
2019,6,23,483.7692307692308,841,2,1.553846153846154,3.7538461538461547,293.61538461538464,69.78846153846153,29.89230769230769,1014.0,6726.599635701809,6
2019,6,24,605.2142857142857,840,11,1.707142857142857,3.721428571428571,288.07142857142856,63.659285714285716,30.928571428571423,1012.5714285714286,7118.575406180688,0
2019,6,25,552.8461538461538,772,1,1.4999999999999998,3.8615384615384625,319.0,67.89,31.41538461538461,1013.0769230769231,7253.5014923724,1
2019,6,26,603.5714285714286,836,5,2.6499999999999995,3.900000000000001,113.64285714285714,70.11642857142856,30.164285714285715,1014.4285714285714,7280.3066325507825,2
2019,6,27,536.4,860,6,2.5333333333333337,3.520000000000001,58.333333333333336,66.74533333333333,29.459999999999994,1014.6666666666666,7391.328102360717,3
2019,6,28,332.14285714285717,824,1,2.857142857142857,4.235714285714286,97.14285714285714,76.37142857142858,28.49285714285714,1015.0714285714286,7094.670785983128,4
2019,6,29,193.75,678,1,2.9583333333333335,5.3500000000000005,115.91666666666667,81.755,26.71666666666667,1015.8333333333334,6973.3473073858395,5
2019,6,30,337.5,751,9,1.2428571428571427,4.864285714285714,247.92857142857142,75.18642857142856,28.900000000000006,1013.6428571428571,6889.131073140418,6
2019,7,1,430.26666666666665,822,6,2.1999999999999997,4.54,291.93333333333334,71.04666666666667,30.286666666666665,1012.3333333333334,7287.6080882968945,0
2019,7,2,519.6153846153846,844,6,1.7615384615384617,4.8307692307692305,296.84615384615387,66.9346153846154,31.238461538461536,1011.2307692307693,7237.4983889286805,1
2019,7,3,440.5,746,7,0.7916666666666665,4.941666666666666,296.1666666666667,69.70416666666667,31.30833333333334,1010.25,7407.5312223250485,2
2019,7,4,238.1818181818182,584,1,1.4545454545454546,5.236363636363635,120.18181818181819,77.12454545454544,30.11818181818182,1011.6363636363636,4892.745335006177,3
2019,7,5,543.8181818181819,831,20,2.3,4.4363636363636365,127.18181818181819,69.56545454545454,30.700000000000003,1014.4545454545455,7160.783546825529,4
2019,7,6,343.45454545454544,766,4,2.0727272727272728,4.945454545454546,180.8181818181818,74.59272727272727,29.44545454545455,1014.8181818181819,7092.970422356607,5
2019,7,7,324.45454545454544,658,2,2.4454545454545453,5.754545454545454,200.8181818181818,82.98272727272727,27.863636363636363,1012.3636363636364,7136.178786774498,6
2019,7,8,277.92857142857144,798,2,2.5142857142857147,5.707142857142858,216.21428571428572,83.39142857142858,28.071428571428573,1009.4285714285714,7320.114346024306,0
2019,7,9,227.27272727272728,559,2,2.9090909090909087,5.672727272727273,197.1818181818182,86.90999999999998,27.60909090909091,1010.4545454545455,7518.152601862256,1
2019,7,10,238.92307692307693,637,4,2.5,4.9692307692307685,194.92307692307693,76.0723076923077,29.092307692307692,1011.8461538461538,7375.9251438640895,2
2019,7,11,378.7857142857143,857,7,3.271428571428572,5.042857142857143,176.21428571428572,80.21642857142858,28.75714285714286,1011.4285714285714,7504.349966301036,3
2019,7,12,267.2,698,3,2.5600000000000005,5.366666666666666,212.46666666666667,83.57066666666668,27.720000000000006,1012.4666666666667,7330.716415838873,4
2019,7,13,83.07142857142857,420,1,2.1285714285714286,4.057142857142857,114.42857142857143,75.33571428571429,29.321428571428573,1015.1428571428571,7173.486040015992,5
2019,7,14,403.61538461538464,696,162,1.6846153846153844,4.3076923076923075,103.0,68.4423076923077,30.676923076923075,1015.8461538461538,7059.463963748513,6
2019,7,15,386.0,754,5,1.5846153846153845,4.692307692307692,109.92307692307692,64.83076923076922,30.92307692307692,1014.6153846153846,7506.650348965748,0
2019,7,16,493.2142857142857,826,4,1.6071428571428574,4.442857142857144,104.85714285714286,66.88071428571429,30.550000000000004,1015.5,7355.3211186583985,1
2019,7,17,417.4166666666667,770,1,1.375,4.533333333333333,155.41666666666666,68.77916666666665,30.55,1015.4166666666666,7389.727771794616,2
2019,7,18,301.75,532,2,1.3499999999999999,4.741666666666666,153.91666666666666,72.35000000000001,29.125,1014.9166666666666,7488.046801829804,3
2019,7,19,524.8461538461538,839,5,1.0923076923076922,4.392307692307692,140.07692307692307,67.55000000000001,30.06153846153846,1014.6923076923077,7269.904632672545,4
2019,7,20,444.15384615384613,865,1,1.4230769230769231,4.723076923076923,139.46153846153845,69.37153846153846,29.946153846153848,1014.1538461538462,7146.1807192729575,5
2019,7,21,589.4444444444445,863,6,1.5111111111111108,4.377777777777778,129.33333333333334,70.42111111111112,29.74444444444445,1014.1111111111111,6986.04975860677,6
2019,7,22,543.8571428571429,886,2,2.1,4.571428571428571,126.21428571428571,68.7407142857143,30.050000000000004,1012.2857142857143,7272.805225146838,0
2019,7,23,377.5,742,1,2.15,5.071428571428571,219.07142857142858,66.70285714285716,29.871428571428574,1009.8571428571429,7270.10465682385,1
2019,7,24,270.6923076923077,725,2,3.6538461538461533,5.4692307692307685,243.30769230769232,83.60384615384615,28.123076923076926,1010.0,7241.699151740524,2
2019,7,25,129.72727272727272,372,1,2.3636363636363638,5.754545454545454,215.8181818181818,93.26363636363635,26.2,1013.3636363636364,7323.915071979724,3
2019,7,26,217.5,649,14,1.35,5.37,243.8,80.25899999999999,28.0,1016.3,7163.4840579167185,4
2019,7,27,267.0769230769231,504,54,0.8923076923076921,4.884615384615385,164.53846153846155,71.75076923076924,29.461538461538456,1016.2307692307693,6923.8377682266855,5
2019,7,28,631.4545454545455,813,295,1.636363636363636,4.381818181818182,163.54545454545453,72.07090909090908,29.8,1014.9090909090909,7027.4577415991025,6
2019,7,29,593.3636363636364,844,4,1.1272727272727272,4.381818181818182,168.45454545454547,72.06636363636366,29.99090909090909,1012.1818181818181,7463.041970583801,0
2019,7,30,489.7692307692308,844,15,1.3615384615384616,4.615384615384615,95.84615384615384,72.31769230769231,30.176923076923078,1012.0769230769231,7337.617682111217,1
2019,7,31,361.1666666666667,794,1,1.5166666666666666,4.824999999999999,106.5,73.31166666666667,29.98333333333333,1013.4166666666666,7221.69532489794,2
2019,8,1,467.3333333333333,847,105,1.8777777777777775,5.177777777777779,66.66666666666667,80.19222222222223,28.477777777777778,1013.6666666666666,7588.266154780916,3
2019,8,2,204.22222222222223,738,14,1.8555555555555554,6.022222222222222,81.44444444444444,87.77000000000001,27.277777777777775,1010.6666666666666,7633.9750175854615,4
2019,8,3,178.46153846153845,380,5,1.3153846153846156,5.784615384615386,186.92307692307693,82.8853846153846,28.38461538461538,1009.9230769230769,7522.853514715109,5
2019,8,4,457.84615384615387,844,5,1.876923076923077,4.676923076923076,249.3846153846154,74.36,29.90769230769231,1011.0769230769231,7210.4931368441385,6
2019,8,5,247.9,381,21,1.6299999999999997,5.040000000000001,223.2,83.291,28.5,1012.3,7592.366960841013,0
2019,8,6,356.75,783,10,1.4583333333333337,5.166666666666665,218.08333333333334,81.39166666666667,28.516666666666666,1011.4166666666666,7557.6602047077495,1
2019,8,7,225.33333333333334,458,15,2.322222222222222,5.288888888888889,241.33333333333334,83.87555555555554,28.54444444444444,1011.5555555555555,7600.268496671729,2
2019,8,8,284.46153846153845,666,2,2.4538461538461536,5.046153846153846,252.23076923076923,79.2576923076923,29.76923076923077,1011.1538461538462,7367.723516482511,3
2019,8,9,620.8,805,267,2.4600000000000004,5.0200000000000005,264.4,76.369,30.559999999999995,1010.8,7192.689709206074,4
2019,8,10,307.1,724,20,2.2600000000000002,5.7299999999999995,264.1,77.203,31.130000000000003,1010.3,7019.056166374896,5
2019,8,11,489.7,755,178,1.9600000000000002,5.809999999999999,245.6,79.536,30.619999999999997,1010.9,6925.838139464701,6
2019,8,12,330.7,676,37,1.03,5.6000000000000005,277.0,77.60799999999999,30.22,1009.9,7410.2317677550855,0
2019,8,13,169.0,503,3,1.3916666666666666,5.608333333333334,235.16666666666666,82.14416666666665,30.03333333333333,1009.1666666666666,7179.4871699453715,1
2019,8,14,198.375,574,2,2.9125000000000005,5.9625,215.75,85.42625,28.925,1010.625,7450.239505379914,2
2019,8,15,269.6666666666667,810,2,2.65,5.941666666666667,209.25,88.73666666666666,27.524999999999995,1011.9166666666666,7233.297545992671,3
2019,8,16,134.58333333333334,381,6,3.516666666666666,5.716666666666665,208.83333333333334,84.62416666666667,27.900000000000002,1013.1666666666666,7246.20006333444,4
2019,8,17,179.53846153846155,320,11,2.1076923076923078,5.184615384615384,236.92307692307693,81.60692307692307,27.9,1014.3846153846154,6912.035515349666,5
2019,8,18,383.4166666666667,688,45,1.05,4.6916666666666655,217.08333333333334,66.39999999999999,30.366666666666664,1014.3333333333334,6844.8225091199765,6
2019,8,19,245.08333333333334,572,26,1.7916666666666667,4.508333333333334,84.5,74.685,29.849999999999998,1014.1666666666666,7370.5240720806,0
2019,8,20,430.0,758,64,2.7299999999999995,4.85,121.2,78.95500000000001,29.369999999999997,1014.7,7235.497990982803,1
2019,8,21,581.8461538461538,853,132,2.3153846153846156,4.561538461538462,89.76923076923077,75.91384615384615,29.75384615384615,1014.3846153846154,7147.280934137188,2
2019,8,22,370.3333333333333,746,8,2.4083333333333337,4.458333333333334,86.75,74.39583333333333,29.88333333333333,1013.1666666666666,7089.469742166727,3
2019,8,23,244.53846153846155,657,2,2.876923076923077,5.3076923076923075,64.38461538461539,82.04846153846152,29.0,1011.8461538461538,7300.410519161938,4
2019,8,24,661.1538461538462,867,171,3.0846153846153848,5.199999999999999,41.15384615384615,83.05230769230769,28.807692307692307,1010.0769230769231,6930.339016719774,5
2019,8,25,598.5384615384615,882,220,2.984615384615385,5.06923076923077,35.07692307692308,78.80076923076923,29.415384615384617,1010.0,6914.0358827721875,6
2019,8,26,496.7692307692308,867,15,1.6,5.261538461538462,65.07692307692308,78.14538461538461,30.146153846153844,1010.5384615384615,7386.1271234065125,0
2019,8,27,525.2307692307693,836,60,1.669230769230769,5.807692307692307,261.61538461538464,77.15846153846155,30.046153846153842,1010.3846153846154,7375.925117155935,1
2019,8,28,299.0769230769231,824,23,2.384615384615384,5.315384615384615,285.15384615384613,79.3576923076923,29.62307692307692,1008.6923076923077,7590.066528575779,2
2019,8,29,465.84615384615387,823,33,3.0307692307692307,5.1692307692307695,36.0,83.14307692307693,28.846153846153843,1009.3846153846154,7466.442613897769,3
2019,8,30,267.1818181818182,658,6,2.5272727272727273,5.6909090909090905,78.45454545454545,87.66090909090909,28.345454545454547,1010.3636363636364,7503.749783199607,4
2019,8,31,275.3076923076923,682,11,3.515384615384615,4.915384615384617,77.3076923076923,82.06692307692308,28.953846153846158,1011.0769230769231,7042.96079038795,5
2019,9,1,445.7692307692308,739,10,3.4923076923076923,5.0307692307692315,47.15384615384615,84.36461538461539,28.799999999999997,1010.0,7005.853629975739,6
2019,9,2,244.0,570,35,5.43846153846154,4.907692307692307,20.076923076923077,83.47076923076922,28.669230769230772,1005.4615384615385,5244.013201298901,0
2019,9,3,187.27272727272728,581,6,7.054545454545456,5.327272727272727,31.454545454545453,78.19909090909093,29.318181818181817,1003.1818181818181,6068.472526905376,1
2019,9,4,40.666666666666664,145,7,7.2,5.983333333333333,271.8333333333333,82.575,28.23333333333333,1003.1666666666666,5013.8687436671335,2
2019,9,5,247.92307692307693,425,25,4.4,3.2,249.53846153846155,86.11923076923077,29.638461538461534,1007.6153846153846,6609.877086497476,3
2019,9,6,455.38461538461536,842,69,3.0000000000000004,3.3538461538461544,264.7692307692308,75.95692307692308,29.7923076923077,1008.1538461538462,7465.542404107676,4
2019,9,7,698.0,916,100,1.453846153846154,1.7307692307692308,243.15384615384616,56.07000000000001,29.269230769230766,1009.3846153846154,7240.999065303067,5
2019,9,8,667.5384615384615,878,78,1.3461538461538463,2.7076923076923074,180.69230769230768,62.27384615384616,30.2076923076923,1011.6923076923077,7254.401664008155,6
2019,9,9,530.7692307692307,855,6,1.9,3.530769230769231,115.6923076923077,72.5823076923077,30.52307692307692,1015.0,7598.668166105627,0
2019,9,10,585.7692307692307,867,62,3.007692307692307,3.33076923076923,80.07692307692308,73.9676923076923,29.292307692307688,1017.4615384615385,7378.32558248188,1
2019,9,11,487.7692307692308,848,33,3.4692307692307693,3.9384615384615387,56.46153846153846,76.16461538461537,28.646153846153847,1015.5384615384615,7478.7449786614625,2
2019,9,12,432.84615384615387,834,16,4.453846153846154,4.346153846153847,56.38461538461539,76.79153846153845,28.76153846153846,1012.4615384615385,7466.9427219689505,3
2019,9,13,110.83333333333333,405,3,4.533333333333334,4.525,58.25,82.46833333333333,28.016666666666666,1012.8333333333334,7383.226553824879,4
2019,9,14,356.3076923076923,598,7,5.5307692307692315,4.96923076923077,51.07692307692308,77.1423076923077,28.94615384615384,1011.7692307692307,7265.90387875033,5
2019,9,15,307.9166666666667,684,1,3.7916666666666665,5.491666666666667,55.25,82.98083333333334,28.625000000000004,1009.3333333333334,7200.291187825066,6
2019,9,16,537.9230769230769,861,17,3.315384615384615,4.638461538461538,226.46153846153845,76.84923076923077,29.223076923076924,1009.8461538461538,7545.75796837083,0
2019,9,17,628.3076923076923,881,9,2.7461538461538457,3.3769230769230774,195.46153846153845,66.8076923076923,29.361538461538462,1009.5384615384615,7687.885362784933,1
2019,9,18,110.91666666666667,313,2,2.5666666666666664,4.658333333333334,47.416666666666664,72.915,28.799999999999997,1010.6666666666666,7873.021147066435,2
2019,9,19,311.84615384615387,714,2,4.723076923076923,2.853846153846154,52.07692307692308,62.98307692307692,27.169230769230765,1012.5384615384615,7808.508735867596,3
2019,9,20,197.30769230769232,437,6,5.246153846153846,2.8076923076923075,75.61538461538461,65.80230769230769,27.530769230769234,1015.6923076923077,7694.786701550456,4
2019,9,21,265.9230769230769,688,2,4.984615384615385,2.8692307692307697,72.3076923076923,66.51153846153846,27.42307692307692,1016.6153846153846,7411.732053814581,5
2019,9,22,510.7692307692308,819,4,4.461538461538462,2.0000000000000004,74.07692307692308,61.78461538461538,27.60769230769231,1014.6923076923077,7389.2276866158045,6
2019,9,23,544.0,853,140,3.625,2.716666666666667,55.25,61.14000000000001,27.89166666666667,1012.0833333333334,7789.505041228007,0
2019,9,24,755.25,930,181,2.1,2.358333333333333,108.83333333333333,58.43333333333334,28.53333333333333,1008.8333333333334,7499.749071246927,1
2019,9,25,686.8333333333334,867,145,1.7999999999999998,3.2249999999999996,152.91666666666666,56.627500000000005,29.66666666666667,1008.8333333333334,7524.35381985148,2
2019,9,26,396.1666666666667,720,81,1.3666666666666665,3.641666666666666,116.66666666666667,58.333333333333336,29.91666666666667,1009.4166666666666,7539.156652478186,3
2019,9,27,639.6666666666666,900,111,2.541666666666667,2.858333333333333,102.0,60.357499999999995,29.441666666666666,1011.0833333333334,7434.83652017513,4
2019,9,28,372.3333333333333,874,86,3.0333333333333337,4.0249999999999995,81.58333333333333,65.62500000000001,29.8,1014.0833333333334,7315.713486567684,5
2019,9,29,545.6666666666666,830,99,4.175,3.8083333333333322,68.91666666666667,64.18583333333335,29.299999999999997,1015.25,7212.393509360286,6
2019,9,30,487.6666666666667,790,75,4.533333333333334,3.9166666666666674,51.583333333333336,65.58083333333333,29.90833333333333,1013.4166666666666,7564.661584164678,0
2019,10,1,468.9166666666667,845,48,5.066666666666666,3.5416666666666665,64.5,64.53583333333333,29.333333333333343,1011.0833333333334,7724.792544830867,1
2019,10,2,667.9166666666666,906,109,4.316666666666666,3.2583333333333333,70.5,62.31666666666666,29.63333333333334,1010.0,7747.5969158253565,2
2019,10,3,669.1666666666666,888,131,3.141666666666666,2.8416666666666663,72.33333333333333,59.508333333333326,29.416666666666668,1011.1666666666666,7731.193737370875,3
2019,10,4,620.1666666666666,840,102,3.1666666666666665,3.633333333333333,73.0,64.7675,30.14166666666667,1011.1666666666666,7709.889625727729,4
2019,10,5,568.6666666666666,857,109,3.8250000000000006,3.8249999999999997,75.5,66.01,29.208333333333332,1011.5,7292.609004945459,5
2019,10,6,272.0833333333333,613,4,4.908333333333333,4.483333333333333,72.16666666666667,73.35583333333334,27.924999999999997,1012.0,7402.130173434221,6
2019,10,7,89.4,194,1,2.6499999999999995,5.539999999999999,84.2,91.273,26.15,1009.1,7868.8203613622245,0
2019,10,8,153.8181818181818,508,11,2.6272727272727274,5.636363636363637,46.36363636363637,83.46636363636365,27.25454545454545,1007.9090909090909,7853.317346912515,1
2019,10,9,12.428571428571429,36,2,2.642857142857143,5.500000000000001,51.142857142857146,90.53571428571429,25.914285714285715,1011.0,7961.138174667125,2
2019,10,10,499.4166666666667,797,8,5.125,4.0249999999999995,38.166666666666664,79.38666666666667,27.066666666666666,1011.1666666666666,7899.426258019377,3
2019,10,11,675.8333333333334,894,56,3.608333333333333,2.4,47.333333333333336,63.93166666666668,27.191666666666666,1011.8333333333334,7838.614520638372,4
2019,10,12,653.3333333333334,917,92,1.7416666666666665,2.1666666666666665,57.583333333333336,59.518333333333324,27.125,1011.9166666666666,7519.952948948969,5
2019,10,13,677.6666666666666,912,73,1.95,2.4166666666666665,89.5,55.73833333333334,27.316666666666663,1013.0,7555.159763552891,6
2019,10,14,622.8333333333334,854,58,1.8916666666666666,3.5250000000000004,87.75,61.526666666666664,28.066666666666663,1013.25,7835.613963781347,0
2019,10,15,400.75,792,15,2.5,3.8416666666666663,117.83333333333333,63.55833333333334,28.283333333333328,1012.6666666666666,7706.789047256762,1
2019,10,16,331.5833333333333,780,48,4.466666666666666,4.558333333333333,240.16666666666666,69.40916666666666,28.5,1008.1666666666666,7758.4990504829275,2
2019,10,17,453.4166666666667,751,58,2.525,3.7750000000000004,311.0,63.47083333333333,26.64166666666667,1008.75,7790.40520523278,3
2019,10,18,37.333333333333336,149,2,2.0888888888888886,4.822222222222222,104.88888888888889,67.89333333333333,22.888888888888893,1009.8888888888889,7927.731760565927,4
2019,10,19,226.66666666666666,740,1,5.522222222222221,5.655555555555555,168.66666666666666,93.06555555555558,26.87777777777778,1004.6666666666666,7791.005300579351,5
2019,10,20,629.75,897,30,2.941666666666667,3.008333333333334,277.1666666666667,79.10166666666667,27.533333333333335,1009.0833333333334,7380.826077052751,6
2019,10,21,118.45454545454545,346,4,2.0454545454545454,5.199999999999999,194.0,78.74363636363636,28.790909090909096,1010.8181818181819,7724.992565166972,0
2019,10,22,632.3333333333334,888,17,2.6999999999999997,3.8749999999999996,237.41666666666666,73.12833333333334,28.774999999999995,1010.75,7601.468679734181,1
2019,10,23,608.8333333333334,869,44,3.4166666666666665,3.6666666666666665,101.83333333333333,66.35333333333334,24.3,1013.9166666666666,7794.40598967864,2
2019,10,24,339.8333333333333,643,7,3.8249999999999997,4.716666666666666,86.75,80.18166666666667,27.475000000000005,1014.25,7882.823089752729,3
2019,10,25,178.91666666666666,657,1,4.716666666666668,4.583333333333334,89.91666666666667,81.78166666666668,27.3,1013.6666666666666,7803.707770877157,4
2019,10,26,356.8333333333333,765,10,3.283333333333333,5.516666666666667,137.91666666666666,85.34416666666668,27.424999999999997,1010.0833333333334,7445.738597601197,5
2019,10,27,322.54545454545456,707,3,2.1,4.654545454545454,201.9090909090909,81.0309090909091,28.05454545454546,1011.0,7356.921483563344,6
2019,10,28,539.75,791,9,1.2083333333333333,5.066666666666667,78.66666666666667,76.71583333333335,28.725000000000005,1012.8333333333334,7784.304012673282,0
2019,10,29,454.5,862,14,2.2833333333333337,4.175,98.91666666666667,76.295,28.575,1013.75,7774.602114494179,1
2019,10,30,377.4166666666667,734,11,1.9333333333333333,4.116666666666668,114.75,74.19083333333334,28.833333333333332,1013.1666666666666,7734.794462067653,2
2019,10,31,602.6666666666666,892,14,1.8666666666666665,3.5,213.66666666666666,71.56166666666667,29.008333333333336,1012.4166666666666,7845.815947139263,3
2019,11,1,376.1666666666667,762,5,3.283333333333333,3.5999999999999996,28.75,74.91916666666667,23.2,1015.25,8013.348316488114,4
2019,11,2,357.0,813,5,2.066666666666667,4.0,197.83333333333334,74.66333333333333,26.108333333333338,1012.8333333333334,7669.881910995857,5
2019,11,3,384.27272727272725,772,31,3.6636363636363636,2.9272727272727277,35.0,62.74818181818182,23.545454545454547,1014.2727272727273,7844.115610220603,6
2019,11,4,87.8,217,1,3.2199999999999998,4.23,66.1,82.023,25.34,1014.6,8196.983780371567,0
2019,11,5,293.125,769,4,0.8999999999999999,3.925,124.375,79.66625,26.5875,1015.75,7921.630568006139,1
2019,11,6,384.6363636363636,672,33,3.2,3.8454545454545457,43.18181818181818,82.05545454545454,25.854545454545452,1017.5454545454545,7912.428777898214,2
2019,11,7,586.4545454545455,868,42,1.8454545454545455,3.7272727272727266,79.45454545454545,70.70272727272726,28.036363636363635,1014.7272727272727,8085.762259702176,3
2019,11,8,121.66666666666667,307,46,2.9166666666666665,4.25,279.5,77.83833333333332,25.783333333333335,1011.5,8124.069637515682,4
2019,11,9,522.4545454545455,878,43,4.363636363636363,2.172727272727273,33.63636363636363,71.8181818181818,21.709090909090914,1013.8181818181819,8603.462280479815,5
2019,11,10,720.7272727272727,923,75,2.8818181818181814,1.6636363636363638,36.90909090909091,62.812727272727265,22.1,1016.5454545454545,8645.270357560077,6
2019,11,11,551.7272727272727,866,44,2.590909090909091,2.4999999999999996,84.27272727272727,64.95454545454545,24.963636363636365,1014.5454545454545,8434.229593289472,0
2019,11,12,637.4545454545455,887,62,2.2363636363636363,2.4,251.0,65.00818181818182,25.227272727272727,1009.1818181818181,8301.9040080209,1
2019,11,13,226.36363636363637,809,2,5.445454545454544,2.318181818181818,28.90909090909091,75.3481818181818,18.936363636363634,1015.1818181818181,8933.726111418284,2
2019,11,14,118.375,378,2,3.125,3.8625,79.75,77.67875000000001,23.55,1014.625,8721.785171696432,3
2019,11,15,23.5,67,5,2.5,4.833333333333333,240.83333333333334,85.43166666666667,24.733333333333334,1008.5,9020.542900003444,4
2019,11,16,314.875,768,2,4.6875,1.8125000000000002,304.5,73.09625,15.6875,1008.125,9431.622321873658,5
2019,11,17,34.875,214,1,3.225,2.25,329.25,74.4025,13.399999999999999,1009.125,10772.381350396501,6
2019,11,18,592.9090909090909,926,54,2.7545454545454544,1.6272727272727274,291.0,64.83727272727272,18.936363636363637,1006.7272727272727,9411.218397127945,0
2019,11,19,671.9090909090909,923,58,3.5000000000000004,1.3818181818181816,294.0,56.21000000000001,18.40909090909091,1010.0909090909091,9294.495847923316,1
2019,11,20,692.6363636363636,930,56,2.1999999999999997,1.0272727272727273,262.27272727272725,56.83909090909091,19.181818181818183,1015.9090909090909,9316.700104494066,2
2019,11,21,620.0909090909091,854,34,2.6363636363636367,2.0454545454545454,64.81818181818181,62.620000000000005,21.636363636363633,1017.8181818181819,9092.956862294674,3
2019,11,22,527.8181818181819,872,14,1.1090909090909091,2.4272727272727272,136.54545454545453,60.964545454545465,23.29090909090909,1015.2727272727273,8713.383520163552,4
2019,11,23,545.8181818181819,884,16,1.8363636363636366,1.9181818181818182,206.72727272727272,61.04636363636364,22.88181818181818,1011.6363636363636,8432.929342827758,5
2019,11,24,551.3636363636364,894,58,3.3,1.3545454545454545,298.45454545454544,67.18727272727273,18.490909090909092,1008.7272727272727,8686.378329126008,6
2019,11,25,627.4545454545455,956,36,1.5727272727272728,0.9181818181818183,308.72727272727275,60.5,16.772727272727273,1010.0,9510.337554291997,0
2019,11,26,513.0909090909091,839,44,1.2545454545454544,1.3,91.45454545454545,62.208181818181814,19.536363636363635,1013.0,9257.388622648912,1
2019,11,27,521.2727272727273,887,28,1.0363636363636362,1.636363636363636,259.27272727272725,60.47636363636364,22.31818181818182,1016.5454545454545,8857.911391350077,2
2019,11,28,640.0909090909091,915,52,2.5545454545454547,2.0545454545454547,292.54545454545456,57.02363636363636,23.481818181818184,1017.3636363636364,5182.501312618242,3
2019,11,29,636.1818181818181,868,27,2.6272727272727274,2.272727272727273,30.181818181818183,63.64727272727273,22.28181818181818,1016.2727272727273,9312.099171285914,4
2019,11,30,654.3636363636364,876,33,1.0999999999999999,2.4272727272727277,189.54545454545453,57.92727272727273,23.7,1012.3636363636364,8751.090775922334,5
2019,12,1,467.45454545454544,830,27,4.79090909090909,2.8000000000000003,225.72727272727272,69.96,24.563636363636363,1009.2727272727273,8389.220927569897,6
2019,12,2,734.4545454545455,967,60,5.29090909090909,1.009090909090909,296.3636363636364,53.643636363636354,15.57272727272727,1009.4545454545455,9165.670931398734,0
2019,12,3,732.4545454545455,960,46,2.9545454545454537,0.7181818181818183,291.54545454545456,51.23454545454546,11.963636363636363,1011.2727272727273,10469.322803324565,1
2019,12,4,732.1818181818181,962,59,3.0818181818181816,0.9000000000000002,295.09090909090907,50.05727272727274,14.963636363636361,1011.0909090909091,10075.546727729095,2
2019,12,5,557.6363636363636,906,39,1.8090909090909093,1.1636363636363634,242.0,48.66000000000001,16.70909090909091,1015.4545454545455,9784.890570850583,3
2019,12,6,670.9090909090909,896,43,1.4909090909090907,2.090909090909091,173.0,53.98454545454545,20.972727272727273,1017.2727272727273,9279.692946618925,4
2019,12,7,595.1818181818181,908,18,1.981818181818182,1.9454545454545455,88.27272727272727,58.42727272727273,20.372727272727275,1017.0909090909091,9057.450028633364,5
2019,12,8,577.4545454545455,879,19,2.9,2.772727272727272,89.81818181818181,64.02818181818182,23.481818181818177,1017.1818181818181,8677.176531387098,6
2019,12,9,553.3636363636364,855,15,2.027272727272727,2.4909090909090916,162.8181818181818,60.63272727272727,24.00909090909091,1015.0909090909091,8723.485527692554,0
2019,12,10,517.0909090909091,830,6,2.127272727272727,3.6,174.45454545454547,72.24454545454546,25.55454545454546,1015.0909090909091,8252.594512090218,1
2019,12,11,174.36363636363637,702,3,2.909090909090909,3.4454545454545453,146.0909090909091,80.75818181818182,23.518181818181816,1018.4545454545455,8610.963745115263,2
2019,12,12,13.666666666666666,35,5,5.1000000000000005,4.116666666666666,58.333333333333336,80.73833333333333,22.733333333333334,1020.5,8931.025585065125,3
2019,12,13,3.5,5,2,1.25,4.25,213.5,96.03999999999999,21.5,1008.5,8831.706411380463,4
2019,12,14,568.8181818181819,894,5,3.9909090909090907,2.590909090909091,269.72727272727275,78.81636363636363,21.818181818181817,1006.1818181818181,8671.975556248386,5
2019,12,15,733.0909090909091,958,69,1.7909090909090908,1.2454545454545456,69.36363636363636,65.72,19.209090909090907,1017.0909090909091,9293.09553769303,6
2019,12,16,623.5454545454545,876,28,2.7454545454545456,2.2363636363636363,135.54545454545453,71.25090909090909,24.163636363636364,1016.4545454545455,8848.809653379742,0
2019,12,17,97.4,176,3,3.5400000000000005,4.14,200.7,86.57500000000002,25.310000000000006,1010.2,8624.066286608335,1
2019,12,18,238.8181818181818,700,9,4.881818181818182,2.7818181818181817,235.54545454545453,68.97454545454546,13.236363636363636,1013.3636363636364,10325.294956269858,2
2019,12,19,470.8181818181818,862,19,4.972727272727273,1.6090909090909091,40.81818181818182,64.88636363636364,17.4,1019.5454545454545,10125.356327915466,3
2019,12,20,330.6,781,3,4.9399999999999995,2.13,67.4,62.75999999999999,20.86,1020.8,9640.262624634102,4
2019,12,21,53.90909090909091,158,2,3.963636363636363,3.372727272727273,91.54545454545455,77.19636363636363,21.209090909090907,1019.4545454545455,9086.655641768382,5
2019,12,22,17.75,43,8,5.425000000000001,4.0249999999999995,141.5,79.7775,22.65,1011.75,9398.215881064309,6
2019,12,23,330.2,833,2,3.3899999999999997,2.98,270.5,81.929,19.21,1005.3,9517.538889222538,0
2019,12,24,190.25,566,3,4.2124999999999995,2.55,304.25,86.17875000000001,16.5875,1005.125,10519.232409863791,1
2019,12,25,487.72727272727275,869,23,4.536363636363637,2.1727272727272724,49.36363636363637,78.3690909090909,22.56363636363636,1010.6363636363636,6088.976446557464,2
2019,12,26,272.90909090909093,575,42,3.927272727272727,2.5,65.54545454545455,79.42454545454545,23.19090909090909,1014.4545454545455,6366.930171292217,3
2019,12,27,89.63636363636364,275,3,3.7181818181818187,3.0818181818181816,84.54545454545455,83.82181818181819,23.099999999999998,1016.2727272727273,5757.312370250902,4
2019,12,28,58.0,132,5,4.05,3.9000000000000004,112.875,86.52125,23.8125,1014.875,5635.588854797484,5
2019,12,29,116.63636363636364,262,3,3.6636363636363636,3.7909090909090906,152.8181818181818,87.42545454545454,24.427272727272726,1012.2727272727273,5673.396197032696,6
2019,12,30,48.09090909090909,192,3,3.0090909090909093,4.254545454545454,220.0909090909091,86.35181818181819,23.94545454545455,1009.8181818181819,5669.195361727675,0
2019,12,31,421.3636363636364,738,89,2.8636363636363633,1.7545454545454542,312.90909090909093,62.91636363636364,16.527272727272727,1014.3636363636364,5638.089334106387,1
