,AMBIENT_TEMPERATURE,MODULE_TEMPERATURE,IRRADIATION,DAILY_YIELD
0,30.56599240392218,35.559493133825676,0.3006216333730599,4201.0
1,29.478612107614943,35.143313971575665,0.246630967191566,5677.0
2,29.780109462638357,34.62673104823728,0.22118328183149752,6342.0
3,27.336693981812743,31.618089005459773,0.22391437826798571,7641.0
4,28.233015966012122,33.349862726297104,0.2790299026568414,9423.0
5,29.055460564499523,34.782797434877885,0.28324150912007656,9151.0
6,29.64856575269397,36.748053997078536,0.2972483651646051,9863.0
7,30.649598971599623,36.90995010181991,0.2933331309188784,9688.0
8,30.805943188976684,37.116551340291096,0.28568796141160485,4635.0
9,30.818428757315623,36.567040989343866,0.2766346367565042,9224.0
10,30.02799321070401,35.7789177337524,0.28369452009739304,9501.0
11,30.400937587775363,37.034485254681506,0.28574936066509554,9501.0
12,30.130057124837414,36.03372072519853,0.2930940293775885,3729.0
13,30.047376036617717,34.883857072707485,0.2446021985275745,8126.0
14,29.54867031754157,33.620538683754965,0.2481978900580524,8185.0
15,28.451276544815602,33.0978153065613,0.20004125094792027,6692.0
16,25.50704480733165,28.49376125274117,0.1413711992865422,4338.0
17,27.10240531618773,32.88319149076866,0.24738144145099586,7404.0
18,26.13420570593064,29.572434186825966,0.17489092600902334,6113.0
19,26.30493927300477,30.830730545605828,0.2102372842208975,6990.0
20,27.082355021791173,32.30056184117577,0.2329854408474657,7756.0
21,27.80129808214799,32.85081808159722,0.27045563257029553,8376.0
22,27.855763719492344,33.59463790079023,0.26078067504817243,7826.0
23,28.493347079215752,34.31220355739046,0.2816504580599019,9210.0
24,28.126931569636024,32.960383361302675,0.24831275735101244,8098.0
25,27.334611434404387,30.82651117513869,0.1935033620292932,5588.0
26,25.52091109061389,27.24831905874813,0.11747877188181832,3930.0
27,24.683421539523483,27.116899781609217,0.13648922657979662,4548.0
28,26.11693704403736,30.39487110832136,0.21552264113815808,6289.0
29,27.01979004464797,31.58983411596025,0.2295169814691817,1868.0
30,26.557591123491374,29.996232645977006,0.185052568956756,2304.0
31,26.369897159989996,29.589895937381353,0.16506163204109942,5004.0
32,24.852174461143772,26.668631332097913,0.12438296682989895,4446.0
0,30.56599240392218,35.559493133825676,0.3006216333730599,2571.1999999999994
1,29.478612107614943,35.143313971575665,0.246630967191566,3885.6
2,29.780109462638357,34.62673104823728,0.22118328183149752,4222.533333333334
3,27.336693981812743,31.618089005459773,0.22391437826798571,2489.285714285714
4,26.50065911631059,30.106083579416648,0.2141612695580581,4965.4000000000015
5,28.233015966012122,33.349862726297104,0.2790299026568414,2521.933333333333
6,29.055460564499523,34.782797434877885,0.28324150912007656,6733.571428571429
7,29.64856575269397,36.748053997078536,0.2972483651646051,2397.266666666667
8,30.649598971599623,36.90995010181991,0.2933331309188784,6844.2
10,30.818428757315623,36.567040989343866,0.2766346367565042,6497.333333333334
12,30.400937587775363,37.034485254681506,0.28574936066509554,7179.857142857142
13,30.130057124837414,36.03372072519853,0.2930940293775885,7157.6
14,30.047376036617717,34.883857072707485,0.2446021985275745,3528.8
15,29.54867031754157,33.620538683754965,0.2481978900580524,5724.8
16,28.451276544815602,33.0978153065613,0.20004125094792027,4699.933333333333
17,25.50704480733165,28.49376125274117,0.1413711992865422,3076.333333333333
18,27.10240531618773,32.88319149076866,0.24738144145099586,2771.4285714285716
19,26.13420570593064,29.572434186825966,0.17489092600902334,3435.666666666667
20,26.30493927300477,30.830730545605828,0.2102372842208975,4507.8
21,27.082355021791173,32.30056184117577,0.2329854408474657,5421.533333333334
22,27.80129808214799,32.85081808159722,0.27045563257029553,6556.8
23,27.855763719492344,33.59463790079023,0.26078067504817243,1398.466666666667
24,28.493347079215752,34.31220355739046,0.2816504580599019,6725.4
25,28.126931569636024,32.960383361302675,0.24831275735101244,3443.7333333333336
26,27.334611434404387,30.82651117513869,0.1935033620292932,3962.857142857143
27,25.52091109061389,27.24831905874813,0.11747877188181832,2601.333333333333
28,24.683421539523483,27.116899781609217,0.13648922657979662,3497.2666666666664
29,26.11693704403736,30.39487110832136,0.21552264113815808,4881.066666666667
30,27.01979004464797,31.58983411596025,0.2295169814691817,5540.333333333334
31,26.557591123491374,29.996232645977006,0.185052568956756,4625.133333333333
32,26.369897159989996,29.589895937381353,0.16506163204109942,5501.0
33,24.852174461143772,26.668631332097913,0.12438296682989895,4306.0
0,30.56599240392218,35.559493133825676,0.3006216333730599,9246.0
1,29.478612107614943,35.143313971575665,0.246630967191566,7678.0
2,29.780109462638357,34.62673104823728,0.22118328183149752,6676.0
3,27.336693981812743,31.618089005459773,0.22391437826798571,7539.0
4,26.50065911631059,30.106083579416648,0.2141612695580581,6391.0
5,28.233015966012122,33.349862726297104,0.2790299026568414,3994.0
6,29.055460564499523,34.782797434877885,0.28324150912007656,8813.0
7,29.64856575269397,36.748053997078536,0.2972483651646051,3090.0
8,30.649598971599623,36.90995010181991,0.2933331309188784,4543.0
9,30.805943188976684,37.116551340291096,0.28568796141160485,9085.0
10,30.818428757315623,36.567040989343866,0.2766346367565042,8853.0
11,30.02799321070401,35.7789177337524,0.28369452009739304,9113.0
12,30.400937587775363,37.034485254681506,0.28574936066509554,3616.7857142857133
13,30.130057124837414,36.03372072519853,0.2930940293775885,8932.0
14,30.047376036617717,34.883857072707485,0.2446021985275745,6958.0
15,29.54867031754157,33.620538683754965,0.2481978900580524,7985.0
16,28.451276544815602,33.0978153065613,0.20004125094792027,6433.0
17,25.50704480733165,28.49376125274117,0.1413711992865422,4163.0
18,27.10240531618773,32.88319149076866,0.24738144145099586,7073.0
19,26.13420570593064,29.572434186825966,0.17489092600902334,4339.0
20,26.30493927300477,30.830730545605828,0.2102372842208975,2910.0
21,27.082355021791173,32.30056184117577,0.2329854408474657,3354.0
22,27.80129808214799,32.85081808159722,0.27045563257029553,8190.0
23,27.855763719492344,33.59463790079023,0.26078067504817243,2021.0
24,28.493347079215752,34.31220355739046,0.2816504580599019,3332.0
25,28.126931569636024,32.960383361302675,0.24831275735101244,3803.0
26,27.334611434404387,30.82651117513869,0.1935033620292932,3698.0
27,25.52091109061389,27.24831905874813,0.11747877188181832,3862.0
28,24.683421539523483,27.116899781609217,0.13648922657979662,4693.0
29,26.11693704403736,30.39487110832136,0.21552264113815808,2777.0
30,27.01979004464797,31.58983411596025,0.2295169814691817,7458.0
31,26.557591123491374,29.996232645977006,0.185052568956756,6207.0
32,26.369897159989996,29.589895937381353,0.16506163204109942,5417.0
33,24.852174461143772,26.668631332097913,0.12438296682989895,4197.0
0,30.56599240392218,35.559493133825676,0.3006216333730599,4154.0
1,29.478612107614943,35.143313971575665,0.246630967191566,6483.0
2,29.780109462638357,34.62673104823728,0.22118328183149752,4603.0
3,27.336693981812743,31.618089005459773,0.22391437826798571,2320.0
4,28.233015966012122,33.349862726297104,0.2790299026568414,4492.0
5,29.055460564499523,34.782797434877885,0.28324150912007656,6646.0
6,29.64856575269397,36.748053997078536,0.2972483651646051,3582.0
7,30.649598971599623,36.90995010181991,0.2933331309188784,4598.0
8,30.805943188976684,37.116551340291096,0.28568796141160485,3416.0
9,30.818428757315623,36.567040989343866,0.2766346367565042,6951.0
10,30.02799321070401,35.7789177337524,0.28369452009739304,8289.0
11,30.400937587775363,37.034485254681506,0.28574936066509554,8653.0
12,30.130057124837414,36.03372072519853,0.2930940293775885,7975.0
13,30.047376036617717,34.883857072707485,0.2446021985275745,4299.0
14,29.54867031754157,33.620538683754965,0.2481978900580524,5509.0
15,28.451276544815602,33.0978153065613,0.20004125094792027,6058.0
16,25.50704480733165,28.49376125274117,0.1413711992865422,4035.0
17,27.10240531618773,32.88319149076866,0.24738144145099586,5476.0
18,26.13420570593064,29.572434186825966,0.17489092600902334,4092.0
19,26.30493927300477,30.830730545605828,0.2102372842208975,2695.0
20,27.082355021791173,32.30056184117577,0.2329854408474657,2769.0
21,27.80129808214799,32.85081808159722,0.27045563257029553,2296.0
22,27.855763719492344,33.59463790079023,0.26078067504817243,2554.0
23,28.493347079215752,34.31220355739046,0.2816504580599019,3189.0
24,28.126931569636024,32.960383361302675,0.24831275735101244,3898.0
25,27.334611434404387,30.82651117513869,0.1935033620292932,2448.0
26,25.52091109061389,27.24831905874813,0.11747877188181832,3299.0
27,24.683421539523483,27.116899781609217,0.13648922657979662,3743.0
28,26.11693704403736,30.39487110832136,0.21552264113815808,5929.0
29,27.01979004464797,31.58983411596025,0.2295169814691817,2048.0
30,26.557591123491374,29.996232645977006,0.185052568956756,2199.0
31,26.369897159989996,29.589895937381353,0.16506163204109942,4605.0
32,24.852174461143772,26.668631332097913,0.12438296682989895,4020.0
0,30.56599240392218,35.559493133825676,0.3006216333730599,9663.0
1,29.478612107614943,35.143313971575665,0.246630967191566,7930.0
2,29.780109462638357,34.62673104823728,0.22118328183149752,7188.0
3,27.336693981812743,31.618089005459773,0.22391437826798571,7818.0
4,30.047376036617717,34.883857072707485,0.2446021985275745,8245.0
5,29.54867031754157,33.620538683754965,0.2481978900580524,8228.0
6,28.451276544815602,33.0978153065613,0.20004125094792027,6664.0
7,25.50704480733165,28.49376125274117,0.1413711992865422,4256.0
8,27.10240531618773,32.88319149076866,0.24738144145099586,7297.0
9,26.13420570593064,29.572434186825966,0.17489092600902334,5991.0
10,26.30493927300477,30.830730545605828,0.2102372842208975,7020.0
11,27.082355021791173,32.30056184117577,0.2329854408474657,7779.0
12,27.80129808214799,32.85081808159722,0.27045563257029553,8293.0
13,27.855763719492344,33.59463790079023,0.26078067504817243,7884.0
14,28.493347079215752,34.31220355739046,0.2816504580599019,9265.0
15,28.126931569636024,32.960383361302675,0.24831275735101244,8151.0
16,27.334611434404387,30.82651117513869,0.1935033620292932,5627.0
17,25.52091109061389,27.24831905874813,0.11747877188181832,3920.0
18,24.683421539523483,27.116899781609217,0.13648922657979662,4802.0
19,26.11693704403736,30.39487110832136,0.21552264113815808,3023.0
20,27.01979004464797,31.58983411596025,0.2295169814691817,7301.0
21,26.557591123491374,29.996232645977006,0.185052568956756,6296.0
22,26.369897159989996,29.589895937381353,0.16506163204109942,5596.0
23,24.852174461143772,26.668631332097913,0.12438296682989895,4251.0
0,30.56599240392218,35.559493133825676,0.3006216333730599,8458.0
1,29.478612107614943,35.143313971575665,0.246630967191566,3176.0
2,29.780109462638357,34.62673104823728,0.22118328183149752,5519.0
3,27.336693981812743,31.618089005459773,0.22391437826798571,3529.0
4,26.50065911631059,30.106083579416648,0.2141612695580581,2451.0
5,28.233015966012122,33.349862726297104,0.2790299026568414,4592.0
6,29.055460564499523,34.782797434877885,0.28324150912007656,4794.0
7,29.64856575269397,36.748053997078536,0.2972483651646051,9354.0
8,30.649598971599623,36.90995010181991,0.2933331309188784,3093.0
9,30.805943188976684,37.116551340291096,0.28568796141160485,4713.0
10,30.818428757315623,36.567040989343866,0.2766346367565042,4940.0
11,30.02799321070401,35.7789177337524,0.28369452009739304,3874.0
12,30.400937587775363,37.034485254681506,0.28574936066509554,4296.0
13,30.130057124837414,36.03372072519853,0.2930940293775885,3474.0
14,30.047376036617717,34.883857072707485,0.2446021985275745,7826.0
15,29.54867031754157,33.620538683754965,0.2481978900580524,7771.0
16,28.451276544815602,33.0978153065613,0.20004125094792027,6234.0
17,25.50704480733165,28.49376125274117,0.1413711992865422,3970.0
18,27.10240531618773,32.88319149076866,0.24738144145099586,4787.0
19,26.13420570593064,29.572434186825966,0.17489092600902334,4135.0
20,26.30493927300477,30.830730545605828,0.2102372842208975,2885.0
21,27.082355021791173,32.30056184117577,0.2329854408474657,2878.0
22,27.80129808214799,32.85081808159722,0.27045563257029553,3489.0
23,27.855763719492344,33.59463790079023,0.26078067504817243,2070.0
24,28.493347079215752,34.31220355739046,0.2816504580599019,2702.0
25,28.126931569636024,32.960383361302675,0.24831275735101244,3308.0
26,27.334611434404387,30.82651117513869,0.1935033620292932,2407.0
27,25.52091109061389,27.24831905874813,0.11747877188181832,3718.0
28,24.683421539523483,27.116899781609217,0.13648922657979662,4500.0
29,26.11693704403736,30.39487110832136,0.21552264113815808,6213.0
30,27.01979004464797,31.58983411596025,0.2295169814691817,7310.0
31,26.557591123491374,29.996232645977006,0.185052568956756,5604.0
32,26.369897159989996,29.589895937381353,0.16506163204109942,5208.0
33,24.852174461143772,26.668631332097913,0.12438296682989895,3968.0
0,30.56599240392218,35.559493133825676,0.3006216333730599,9234.0
1,29.478612107614943,35.143313971575665,0.246630967191566,7542.0
2,29.780109462638357,34.62673104823728,0.22118328183149752,6717.0
3,27.336693981812743,31.618089005459773,0.22391437826798571,4730.0
4,26.50065911631059,30.106083579416648,0.2141612695580581,6554.0
5,28.233015966012122,33.349862726297104,0.2790299026568414,3883.0
6,29.055460564499523,34.782797434877885,0.28324150912007656,5852.0
7,29.64856575269397,36.748053997078536,0.2972483651646051,5052.0
8,30.649598971599623,36.90995010181991,0.2933331309188784,3385.0
9,30.805943188976684,37.116551340291096,0.28568796141160485,9038.0
10,30.818428757315623,36.567040989343866,0.2766346367565042,8810.0
11,30.02799321070401,35.7789177337524,0.28369452009739304,9079.0
12,30.400937587775363,37.034485254681506,0.28574936066509554,9086.0
13,30.130057124837414,36.03372072519853,0.2930940293775885,8881.0
14,30.047376036617717,34.883857072707485,0.2446021985275745,7234.0
15,29.54867031754157,33.620538683754965,0.2481978900580524,7952.0
16,28.451276544815602,33.0978153065613,0.20004125094792027,6364.0
17,25.50704480733165,28.49376125274117,0.1413711992865422,4046.0
18,27.10240531618773,32.88319149076866,0.24738144145099586,3825.0
19,26.13420570593064,29.572434186825966,0.17489092600902334,4281.0
20,26.30493927300477,30.830730545605828,0.2102372842208975,2927.0
21,27.082355021791173,32.30056184117577,0.2329854408474657,3053.0
22,27.80129808214799,32.85081808159722,0.27045563257029553,4674.0
23,27.855763719492344,33.59463790079023,0.26078067504817243,7771.0
24,28.493347079215752,34.31220355739046,0.2816504580599019,2841.0
25,28.126931569636024,32.960383361302675,0.24831275735101244,3463.0
26,27.334611434404387,30.82651117513869,0.1935033620292932,5452.0
27,25.52091109061389,27.24831905874813,0.11747877188181832,3814.0
28,24.683421539523483,27.116899781609217,0.13648922657979662,4630.0
29,26.11693704403736,30.39487110832136,0.21552264113815808,2911.0
30,27.01979004464797,31.58983411596025,0.2295169814691817,7445.0
31,26.557591123491374,29.996232645977006,0.185052568956756,6151.0
32,26.369897159989996,29.589895937381353,0.16506163204109942,5357.0
33,24.852174461143772,26.668631332097913,0.12438296682989895,4121.0
0,30.56599240392218,35.559493133825676,0.3006216333730599,7800.0
1,29.478612107614943,35.143313971575665,0.246630967191566,5807.0
2,29.780109462638357,34.62673104823728,0.22118328183149752,6481.0
3,27.336693981812743,31.618089005459773,0.22391437826798571,7632.0
4,28.233015966012122,33.349862726297104,0.2790299026568414,9378.0
5,29.055460564499523,34.782797434877885,0.28324150912007656,9059.0
6,29.64856575269397,36.748053997078536,0.2972483651646051,9801.0
7,30.649598971599623,36.90995010181991,0.2933331309188784,9655.0
8,30.805943188976684,37.116551340291096,0.28568796141160485,4962.0
9,30.818428757315623,36.567040989343866,0.2766346367565042,9167.0
10,30.02799321070401,35.7789177337524,0.28369452009739304,9175.0
11,30.400937587775363,37.034485254681506,0.28574936066509554,9444.0
12,30.130057124837414,36.03372072519853,0.2930940293775885,3727.0
13,30.047376036617717,34.883857072707485,0.2446021985275745,8240.0
14,29.54867031754157,33.620538683754965,0.2481978900580524,8199.0
15,28.451276544815602,33.0978153065613,0.20004125094792027,6639.0
16,25.50704480733165,28.49376125274117,0.1413711992865422,4334.0
17,27.10240531618773,32.88319149076866,0.24738144145099586,7340.0
18,26.13420570593064,29.572434186825966,0.17489092600902334,4836.0
19,26.30493927300477,30.830730545605828,0.2102372842208975,6981.0
20,27.082355021791173,32.30056184117577,0.2329854408474657,7726.0
21,27.80129808214799,32.85081808159722,0.27045563257029553,8312.0
22,27.855763719492344,33.59463790079023,0.26078067504817243,7818.0
23,28.493347079215752,34.31220355739046,0.2816504580599019,9179.0
24,28.126931569636024,32.960383361302675,0.24831275735101244,8042.0
25,27.334611434404387,30.82651117513869,0.1935033620292932,5563.0
26,25.52091109061389,27.24831905874813,0.11747877188181832,3945.0
27,24.683421539523483,27.116899781609217,0.13648922657979662,4576.0
28,26.11693704403736,30.39487110832136,0.21552264113815808,3202.0
29,27.01979004464797,31.58983411596025,0.2295169814691817,3304.0
30,26.557591123491374,29.996232645977006,0.185052568956756,2643.0
31,26.369897159989996,29.589895937381353,0.16506163204109942,5526.0
32,24.852174461143772,26.668631332097913,0.12438296682989895,4441.0
0,30.56599240392218,35.559493133825676,0.3006216333730599,9475.0
1,29.478612107614943,35.143313971575665,0.246630967191566,7762.0
2,29.780109462638357,34.62673104823728,0.22118328183149752,7041.0
3,27.336693981812743,31.618089005459773,0.22391437826798571,7677.0
4,30.047376036617717,34.883857072707485,0.2446021985275745,8027.0
5,29.54867031754157,33.620538683754965,0.2481978900580524,7983.0
6,28.451276544815602,33.0978153065613,0.20004125094792027,6486.0
7,25.50704480733165,28.49376125274117,0.1413711992865422,4117.0
8,27.10240531618773,32.88319149076866,0.24738144145099586,7098.0
9,26.13420570593064,29.572434186825966,0.17489092600902334,5288.0
10,26.30493927300477,30.830730545605828,0.2102372842208975,6331.0
11,27.082355021791173,32.30056184117577,0.2329854408474657,7629.0
12,27.80129808214799,32.85081808159722,0.27045563257029553,8134.0
13,27.855763719492344,33.59463790079023,0.26078067504817243,7778.0
14,28.493347079215752,34.31220355739046,0.2816504580599019,9167.0
15,28.126931569636024,32.960383361302675,0.24831275735101244,8067.0
16,27.334611434404387,30.82651117513869,0.1935033620292932,2618.0
17,25.52091109061389,27.24831905874813,0.11747877188181832,3884.0
18,24.683421539523483,27.116899781609217,0.13648922657979662,4764.0
19,26.11693704403736,30.39487110832136,0.21552264113815808,3972.0
20,27.01979004464797,31.58983411596025,0.2295169814691817,6277.0
21,26.557591123491374,29.996232645977006,0.185052568956756,6245.0
22,26.369897159989996,29.589895937381353,0.16506163204109942,5537.0
23,24.852174461143772,26.668631332097913,0.12438296682989895,4239.0
0,30.56599240392218,35.559493133825676,0.3006216333730599,9119.0
1,29.478612107614943,35.143313971575665,0.246630967191566,2974.0
2,29.780109462638357,34.62673104823728,0.22118328183149752,6960.0
3,27.336693981812743,31.618089005459773,0.22391437826798571,6551.0
4,26.50065911631059,30.106083579416648,0.2141612695580581,1942.0
5,28.233015966012122,33.349862726297104,0.2790299026568414,2707.0
6,29.055460564499523,34.782797434877885,0.28324150912007656,4638.0
7,29.64856575269397,36.748053997078536,0.2972483651646051,9420.0
8,30.649598971599623,36.90995010181991,0.2933331309188784,9196.0
9,30.805943188976684,37.116551340291096,0.28568796141160485,8962.0
10,30.818428757315623,36.567040989343866,0.2766346367565042,8737.0
11,30.02799321070401,35.7789177337524,0.28369452009739304,6704.0
12,30.400937587775363,37.034485254681506,0.28574936066509554,3852.0
13,30.130057124837414,36.03372072519853,0.2930940293775885,8554.0
14,30.047376036617717,34.883857072707485,0.2446021985275745,6653.0
15,29.54867031754157,33.620538683754965,0.2481978900580524,4061.0
16,28.451276544815602,33.0978153065613,0.20004125094792027,6313.0
17,25.50704480733165,28.49376125274117,0.1413711992865422,4156.0
18,27.10240531618773,32.88319149076866,0.24738144145099586,6016.0
19,26.13420570593064,29.572434186825966,0.17489092600902334,3540.0
20,26.30493927300477,30.830730545605828,0.2102372842208975,6168.0
21,27.082355021791173,32.30056184117577,0.2329854408474657,7333.0
22,27.80129808214799,32.85081808159722,0.27045563257029553,2212.0
23,27.855763719492344,33.59463790079023,0.26078067504817243,7544.0
24,28.493347079215752,34.31220355739046,0.2816504580599019,8837.0
25,28.126931569636024,32.960383361302675,0.24831275735101244,6456.0
26,27.334611434404387,30.82651117513869,0.1935033620292932,4003.0
27,25.52091109061389,27.24831905874813,0.11747877188181832,3834.0
28,24.683421539523483,27.116899781609217,0.13648922657979662,4685.0
29,26.11693704403736,30.39487110832136,0.21552264113815808,6515.0
30,27.01979004464797,31.58983411596025,0.2295169814691817,7209.0
31,26.557591123491374,29.996232645977006,0.185052568956756,2801.0
32,26.369897159989996,29.589895937381353,0.16506163204109942,3812.0
33,24.852174461143772,26.668631332097913,0.12438296682989895,4258.0
0,30.56599240392218,35.559493133825676,0.3006216333730599,5560.533333333333
1,29.478612107614943,35.143313971575665,0.246630967191566,6957.6
2,29.780109462638357,34.62673104823728,0.22118328183149752,6257.333333333332
3,27.336693981812743,31.618089005459773,0.22391437826798571,6745.266666666666
4,28.233015966012122,33.349862726297104,0.2790299026568414,8210.800000000003
5,29.055460564499523,34.782797434877885,0.28324150912007656,7949.933333333332
6,29.64856575269397,36.748053997078536,0.2972483651646051,7898.4
7,30.649598971599623,36.90995010181991,0.2933331309188784,7675.2
8,30.805943188976684,37.116551340291096,0.28568796141160485,3847.7142857142853
9,30.818428757315623,36.567040989343866,0.2766346367565042,7324.8
11,30.400937587775363,37.034485254681506,0.28574936066509554,8091.428571428571
12,30.130057124837414,36.03372072519853,0.2930940293775885,3174.4
13,30.047376036617717,34.883857072707485,0.2446021985275745,7076.333333333334
14,29.54867031754157,33.620538683754965,0.2481978900580524,7000.9333333333325
15,28.451276544815602,33.0978153065613,0.20004125094792027,5725.200000000002
16,25.50704480733165,28.49376125274117,0.1413711992865422,3692.0
17,27.10240531618773,32.88319149076866,0.24738144145099586,6324.9333333333325
18,26.13420570593064,29.572434186825966,0.17489092600902334,4821.6
19,26.30493927300477,30.830730545605828,0.2102372842208975,6904.0
20,27.082355021791173,32.30056184117577,0.2329854408474657,7599.0
21,27.80129808214799,32.85081808159722,0.27045563257029553,8227.0
22,27.855763719492344,33.59463790079023,0.26078067504817243,7718.0
23,28.493347079215752,34.31220355739046,0.2816504580599019,9056.0
24,28.126931569636024,32.960383361302675,0.24831275735101244,8086.0
25,27.334611434404387,30.82651117513869,0.1935033620292932,5556.0
26,25.52091109061389,27.24831905874813,0.11747877188181832,3887.0
27,24.683421539523483,27.116899781609217,0.13648922657979662,4455.0
28,26.11693704403736,30.39487110832136,0.21552264113815808,3544.0
29,27.01979004464797,31.58983411596025,0.2295169814691817,2107.0
30,26.557591123491374,29.996232645977006,0.185052568956756,2231.0
31,26.369897159989996,29.589895937381353,0.16506163204109942,5189.0
32,24.852174461143772,26.668631332097913,0.12438296682989895,4398.0
0,30.56599240392218,35.559493133825676,0.3006216333730599,4239.0
1,29.478612107614943,35.143313971575665,0.246630967191566,6365.0
2,29.780109462638357,34.62673104823728,0.22118328183149752,3548.0
3,27.336693981812743,31.618089005459773,0.22391437826798571,2787.0
4,28.233015966012122,33.349862726297104,0.2790299026568414,2419.0
5,29.055460564499523,34.782797434877885,0.28324150912007656,4896.0
6,29.64856575269397,36.748053997078536,0.2972483651646051,3687.0
7,30.649598971599623,36.90995010181991,0.2933331309188784,3998.0
8,30.805943188976684,37.116551340291096,0.28568796141160485,4816.0
9,30.818428757315623,36.567040989343866,0.2766346367565042,3290.0
10,30.02799321070401,35.7789177337524,0.28369452009739304,7269.0
11,30.400937587775363,37.034485254681506,0.28574936066509554,7370.0
12,30.130057124837414,36.03372072519853,0.2930940293775885,4863.0
13,30.047376036617717,34.883857072707485,0.2446021985275745,4046.0
14,29.54867031754157,33.620538683754965,0.2481978900580524,3932.0
15,28.451276544815602,33.0978153065613,0.20004125094792027,5399.0
16,25.50704480733165,28.49376125274117,0.1413711992865422,3649.0
17,27.10240531618773,32.88319149076866,0.24738144145099586,4962.0
18,26.13420570593064,29.572434186825966,0.17489092600902334,3721.0
19,26.30493927300477,30.830730545605828,0.2102372842208975,5261.0
20,27.082355021791173,32.30056184117577,0.2329854408474657,3779.0
21,27.80129808214799,32.85081808159722,0.27045563257029553,3413.0
22,27.855763719492344,33.59463790079023,0.26078067504817243,2598.0
23,28.493347079215752,34.31220355739046,0.2816504580599019,3027.0
24,28.126931569636024,32.960383361302675,0.24831275735101244,3796.0
25,27.334611434404387,30.82651117513869,0.1935033620292932,2508.0
26,25.52091109061389,27.24831905874813,0.11747877188181832,3184.0
27,24.683421539523483,27.116899781609217,0.13648922657979662,3668.0
28,26.11693704403736,30.39487110832136,0.21552264113815808,5477.0
29,27.01979004464797,31.58983411596025,0.2295169814691817,2058.0
30,26.557591123491374,29.996232645977006,0.185052568956756,2118.0
31,26.369897159989996,29.589895937381353,0.16506163204109942,4430.0
32,24.852174461143772,26.668631332097913,0.12438296682989895,3702.0
0,30.56599240392218,35.559493133825676,0.3006216333730599,4371.733333333334
1,29.478612107614943,35.143313971575665,0.246630967191566,3088.4000000000005
2,29.780109462638357,34.62673104823728,0.22118328183149752,2676.333333333333
3,27.336693981812743,31.618089005459773,0.22391437826798571,2247.466666666667
4,26.50065911631059,30.106083579416648,0.2141612695580581,2683.9999999999995
5,28.233015966012122,33.349862726297104,0.2790299026568414,4310.600000000001
6,29.055460564499523,34.782797434877885,0.28324150912007656,2297.866666666667
7,29.64856575269397,36.748053997078536,0.2972483651646051,3952.666666666666
8,30.649598971599623,36.90995010181991,0.2933331309188784,4064.142857142857
9,30.805943188976684,37.116551340291096,0.28568796141160485,3705.2
10,30.818428757315623,36.567040989343866,0.2766346367565042,4205.133333333333
11,30.02799321070401,35.7789177337524,0.28369452009739304,3738.8
12,30.400937587775363,37.034485254681506,0.28574936066509554,2330.0
13,30.130057124837414,36.03372072519853,0.2930940293775885,4250.4
14,30.047376036617717,34.883857072707485,0.2446021985275745,3780.933333333333
15,29.54867031754157,33.620538683754965,0.2481978900580524,2266.285714285714
16,28.451276544815602,33.0978153065613,0.20004125094792027,3078.600000000001
17,25.50704480733165,28.49376125274117,0.1413711992865422,1722.4
18,27.10240531618773,32.88319149076866,0.24738144145099586,2890.066666666666
19,26.13420570593064,29.572434186825966,0.17489092600902334,1850.571428571429
20,26.30493927300477,30.830730545605828,0.2102372842208975,1481.2
21,27.082355021791173,32.30056184117577,0.2329854408474657,3423.4666666666662
22,27.80129808214799,32.85081808159722,0.27045563257029553,1045.1999999999996
23,27.855763719492344,33.59463790079023,0.26078067504817243,805.2857142857142
24,28.493347079215752,34.31220355739046,0.2816504580599019,3919.2857142857133
25,28.126931569636024,32.960383361302675,0.24831275735101244,3120.8
26,27.334611434404387,30.82651117513869,0.1935033620292932,2169.2
27,25.52091109061389,27.24831905874813,0.11747877188181832,1828.4
28,24.683421539523483,27.116899781609217,0.13648922657979662,1815.6
29,26.11693704403736,30.39487110832136,0.21552264113815808,1446.0000000000002
30,27.01979004464797,31.58983411596025,0.2295169814691817,1321.6
31,26.557591123491374,29.996232645977006,0.185052568956756,1026.4000000000003
32,26.369897159989996,29.589895937381353,0.16506163204109942,5407.0
33,24.852174461143772,26.668631332097913,0.12438296682989895,4324.0
0,30.56599240392218,35.559493133825676,0.3006216333730599,5772.6
1,29.478612107614943,35.143313971575665,0.246630967191566,4812.6
2,29.780109462638357,34.62673104823728,0.22118328183149752,4359.6
3,27.336693981812743,31.618089005459773,0.22391437826798571,4422.857142857143
4,26.50065911631059,30.106083579416648,0.2141612695580581,4098.6
5,28.233015966012122,33.349862726297104,0.2790299026568414,5688.0
6,29.055460564499523,34.782797434877885,0.28324150912007656,5238.285714285713
8,30.649598971599623,36.90995010181991,0.2933331309188784,5752.8
9,30.805943188976684,37.116551340291096,0.28568796141160485,5623.799999999998
10,30.818428757315623,36.567040989343866,0.2766346367565042,5474.4000000000015
11,30.02799321070401,35.7789177337524,0.28369452009739304,5628.6
12,30.400937587775363,37.034485254681506,0.28574936066509554,2730.214285714285
13,30.130057124837414,36.03372072519853,0.2930940293775885,613.8666666666667
14,30.047376036617717,34.883857072707485,0.2446021985275745,4944.6
16,28.451276544815602,33.0978153065613,0.20004125094792027,3966.6
17,25.50704480733165,28.49376125274117,0.1413711992865422,2291.7333333333336
18,27.10240531618773,32.88319149076866,0.24738144145099586,2215.428571428572
19,26.13420570593064,29.572434186825966,0.17489092600902334,3035.2
20,26.30493927300477,30.830730545605828,0.2102372842208975,3834.0
21,27.082355021791173,32.30056184117577,0.2329854408474657,3448.0
22,27.80129808214799,32.85081808159722,0.27045563257029553,8383.0
23,27.855763719492344,33.59463790079023,0.26078067504817243,1950.0
24,28.493347079215752,34.31220355739046,0.2816504580599019,3585.0
25,28.126931569636024,32.960383361302675,0.24831275735101244,4027.0
26,27.334611434404387,30.82651117513869,0.1935033620292932,3531.0
27,25.52091109061389,27.24831905874813,0.11747877188181832,3947.0
28,24.683421539523483,27.116899781609217,0.13648922657979662,4815.0
29,26.11693704403736,30.39487110832136,0.21552264113815808,6435.0
30,27.01979004464797,31.58983411596025,0.2295169814691817,7634.0
31,26.557591123491374,29.996232645977006,0.185052568956756,6367.0
32,26.369897159989996,29.589895937381353,0.16506163204109942,5587.0
33,24.852174461143772,26.668631332097913,0.12438296682989895,4331.0
0,30.56599240392218,35.559493133825676,0.3006216333730599,9442.0
1,29.478612107614943,35.143313971575665,0.246630967191566,7854.0
2,29.780109462638357,34.62673104823728,0.22118328183149752,7037.0
3,27.336693981812743,31.618089005459773,0.22391437826798571,7690.0
4,30.047376036617717,34.883857072707485,0.2446021985275745,8112.0
5,29.54867031754157,33.620538683754965,0.2481978900580524,8049.0
6,28.451276544815602,33.0978153065613,0.20004125094792027,6540.0
7,25.50704480733165,28.49376125274117,0.1413711992865422,4211.0
8,27.10240531618773,32.88319149076866,0.24738144145099586,7177.0
9,26.13420570593064,29.572434186825966,0.17489092600902334,5344.0
10,26.30493927300477,30.830730545605828,0.2102372842208975,5742.0
11,27.082355021791173,32.30056184117577,0.2329854408474657,7561.0
12,27.80129808214799,32.85081808159722,0.27045563257029553,8356.0
13,27.855763719492344,33.59463790079023,0.26078067504817243,7549.0
14,28.493347079215752,34.31220355739046,0.2816504580599019,9065.0
15,28.126931569636024,32.960383361302675,0.24831275735101244,8040.0
16,27.334611434404387,30.82651117513869,0.1935033620292932,2636.0
17,25.52091109061389,27.24831905874813,0.11747877188181832,3877.0
18,24.683421539523483,27.116899781609217,0.13648922657979662,4764.0
19,26.11693704403736,30.39487110832136,0.21552264113815808,5941.0
20,27.01979004464797,31.58983411596025,0.2295169814691817,5937.0
21,26.557591123491374,29.996232645977006,0.185052568956756,6289.0
22,26.369897159989996,29.589895937381353,0.16506163204109942,5606.0
23,24.852174461143772,26.668631332097913,0.12438296682989895,4238.0
0,30.56599240392218,35.559493133825676,0.3006216333730599,7096.0
1,29.478612107614943,35.143313971575665,0.246630967191566,8062.0
2,29.780109462638357,34.62673104823728,0.22118328183149752,5550.0
3,27.336693981812743,31.618089005459773,0.22391437826798571,7750.0
4,28.233015966012122,33.349862726297104,0.2790299026568414,9511.0
5,29.055460564499523,34.782797434877885,0.28324150912007656,8349.0
6,29.64856575269397,36.748053997078536,0.2972483651646051,9866.0
7,30.649598971599623,36.90995010181991,0.2933331309188784,9657.0
8,30.805943188976684,37.116551340291096,0.28568796141160485,5081.0
9,30.818428757315623,36.567040989343866,0.2766346367565042,9186.0
10,30.02799321070401,35.7789177337524,0.28369452009739304,9454.0
11,30.400937587775363,37.034485254681506,0.28574936066509554,9463.0
12,30.130057124837414,36.03372072519853,0.2930940293775885,3537.333333333333
13,30.047376036617717,34.883857072707485,0.2446021985275745,8255.0
14,29.54867031754157,33.620538683754965,0.2481978900580524,8253.0
15,28.451276544815602,33.0978153065613,0.20004125094792027,6678.0
16,25.50704480733165,28.49376125274117,0.1413711992865422,4359.0
17,27.10240531618773,32.88319149076866,0.24738144145099586,7147.0
18,26.13420570593064,29.572434186825966,0.17489092600902334,5493.0
19,26.30493927300477,30.830730545605828,0.2102372842208975,3739.0
20,27.082355021791173,32.30056184117577,0.2329854408474657,7708.0
21,27.80129808214799,32.85081808159722,0.27045563257029553,8368.0
22,27.855763719492344,33.59463790079023,0.26078067504817243,7860.0
23,28.493347079215752,34.31220355739046,0.2816504580599019,4435.0
24,28.126931569636024,32.960383361302675,0.24831275735101244,8094.0
25,27.334611434404387,30.82651117513869,0.1935033620292932,5585.0
26,25.52091109061389,27.24831905874813,0.11747877188181832,3963.0
27,24.683421539523483,27.116899781609217,0.13648922657979662,4607.0
28,26.11693704403736,30.39487110832136,0.21552264113815808,3472.0
29,27.01979004464797,31.58983411596025,0.2295169814691817,3347.0
30,26.557591123491374,29.996232645977006,0.185052568956756,2711.0
31,26.369897159989996,29.589895937381353,0.16506163204109942,5623.0
32,24.852174461143772,26.668631332097913,0.12438296682989895,4467.0
0,30.56599240392218,35.559493133825676,0.3006216333730599,4676.533333333333
1,29.478612107614943,35.143313971575665,0.246630967191566,5424.466666666667
2,29.780109462638357,34.62673104823728,0.22118328183149752,6536.133333333332
3,27.336693981812743,31.618089005459773,0.22391437826798571,6333.6
4,26.50065911631059,30.106083579416648,0.2141612695580581,1865.7333333333331
5,28.233015966012122,33.349862726297104,0.2790299026568414,2952.133333333333
6,29.055460564499523,34.782797434877885,0.28324150912007656,4276.133333333333
7,29.64856575269397,36.748053997078536,0.2972483651646051,9080.4
8,30.649598971599623,36.90995010181991,0.2933331309188784,8840.0
9,30.805943188976684,37.116551340291096,0.28568796141160485,8050.466666666666
10,30.818428757315623,36.567040989343866,0.2766346367565042,7861.533333333334
11,30.02799321070401,35.7789177337524,0.28369452009739304,8118.9333333333325
12,30.400937587775363,37.034485254681506,0.28574936066509554,4076.8
13,30.130057124837414,36.03372072519853,0.2930940293775885,8447.6
14,30.047376036617717,34.883857072707485,0.2446021985275745,6652.8
15,29.54867031754157,33.620538683754965,0.2481978900580524,3425.5000000000005
16,28.451276544815602,33.0978153065613,0.20004125094792027,6175.866666666666
17,25.50704480733165,28.49376125274117,0.1413711992865422,4040.4
18,27.10240531618773,32.88319149076866,0.24738144145099586,5448.733333333334
19,26.13420570593064,29.572434186825966,0.17489092600902334,4465.5
20,26.30493927300477,30.830730545605828,0.2102372842208975,3219.666666666666
21,27.082355021791173,32.30056184117577,0.2329854408474657,6466.2
22,27.80129808214799,32.85081808159722,0.27045563257029553,2415.4666666666667
23,27.855763719492344,33.59463790079023,0.26078067504817243,7189.928571428573
24,28.493347079215752,34.31220355739046,0.2816504580599019,8480.642857142857
25,28.126931569636024,32.960383361302675,0.24831275735101244,6848.4
26,27.334611434404387,30.82651117513869,0.1935033620292932,5096.0
27,25.52091109061389,27.24831905874813,0.11747877188181832,3398.2000000000007
28,24.683421539523483,27.116899781609217,0.13648922657979662,4412.8
29,26.11693704403736,30.39487110832136,0.21552264113815808,5616.866666666666
30,27.01979004464797,31.58983411596025,0.2295169814691817,2918.066666666666
31,26.557591123491374,29.996232645977006,0.185052568956756,2429.2666666666664
32,26.369897159989996,29.589895937381353,0.16506163204109942,5554.0
33,24.852174461143772,26.668631332097913,0.12438296682989895,4389.0
0,30.56599240392218,35.559493133825676,0.3006216333730599,9096.0
1,29.478612107614943,35.143313971575665,0.246630967191566,3533.0
2,29.780109462638357,34.62673104823728,0.22118328183149752,5727.0
3,27.336693981812743,31.618089005459773,0.22391437826798571,4161.0
4,26.50065911631059,30.106083579416648,0.2141612695580581,2825.0
5,28.233015966012122,33.349862726297104,0.2790299026568414,4062.0
6,29.055460564499523,34.782797434877885,0.28324150912007656,4844.0
7,29.64856575269397,36.748053997078536,0.2972483651646051,9333.0
8,30.649598971599623,36.90995010181991,0.2933331309188784,3254.0
9,30.805943188976684,37.116551340291096,0.28568796141160485,8872.0
10,30.818428757315623,36.567040989343866,0.2766346367565042,6197.0
11,30.02799321070401,35.7789177337524,0.28369452009739304,4080.0
12,30.400937587775363,37.034485254681506,0.28574936066509554,9016.0
13,30.130057124837414,36.03372072519853,0.2930940293775885,7799.0
14,30.047376036617717,34.883857072707485,0.2446021985275745,7407.0
15,29.54867031754157,33.620538683754965,0.2481978900580524,7823.0
16,28.451276544815602,33.0978153065613,0.20004125094792027,6348.0
17,25.50704480733165,28.49376125274117,0.1413711992865422,3830.0
18,27.10240531618773,32.88319149076866,0.24738144145099586,3744.0
19,26.13420570593064,29.572434186825966,0.17489092600902334,4387.0
20,26.30493927300477,30.830730545605828,0.2102372842208975,5710.0
21,27.082355021791173,32.30056184117577,0.2329854408474657,2895.0
22,27.80129808214799,32.85081808159722,0.27045563257029553,3599.0
23,27.855763719492344,33.59463790079023,0.26078067504817243,2786.0
24,28.493347079215752,34.31220355739046,0.2816504580599019,2786.0
25,28.126931569636024,32.960383361302675,0.24831275735101244,3601.0
26,27.334611434404387,30.82651117513869,0.1935033620292932,5303.0
27,25.52091109061389,27.24831905874813,0.11747877188181832,3814.0
28,24.683421539523483,27.116899781609217,0.13648922657979662,4641.0
29,26.11693704403736,30.39487110832136,0.21552264113815808,6393.0
30,27.01979004464797,31.58983411596025,0.2295169814691817,7476.0
31,26.557591123491374,29.996232645977006,0.185052568956756,6060.0
32,26.369897159989996,29.589895937381353,0.16506163204109942,5276.0
33,24.852174461143772,26.668631332097913,0.12438296682989895,4157.0
0,30.56599240392218,35.559493133825676,0.3006216333730599,5507.0
1,29.478612107614943,35.143313971575665,0.246630967191566,7372.0
2,29.780109462638357,34.62673104823728,0.22118328183149752,4957.0
3,27.336693981812743,31.618089005459773,0.22391437826798571,4215.0
4,26.50065911631059,30.106083579416648,0.2141612695580581,3792.0
5,28.233015966012122,33.349862726297104,0.2790299026568414,6790.0
6,29.055460564499523,34.782797434877885,0.28324150912007656,4675.0
7,29.64856575269397,36.748053997078536,0.2972483651646051,9148.0
8,30.649598971599623,36.90995010181991,0.2933331309188784,2982.0
9,30.805943188976684,37.116551340291096,0.28568796141160485,4924.0
10,30.818428757315623,36.567040989343866,0.2766346367565042,4163.0
11,30.02799321070401,35.7789177337524,0.28369452009739304,7776.0
12,30.400937587775363,37.034485254681506,0.28574936066509554,5696.0
13,30.130057124837414,36.03372072519853,0.2930940293775885,3559.0
14,30.047376036617717,34.883857072707485,0.2446021985275745,7495.0
15,29.54867031754157,33.620538683754965,0.2481978900580524,7592.0
16,28.451276544815602,33.0978153065613,0.20004125094792027,6256.0
17,25.50704480733165,28.49376125274117,0.1413711992865422,3858.0
18,27.10240531618773,32.88319149076866,0.24738144145099586,3856.0
19,26.13420570593064,29.572434186825966,0.17489092600902334,4128.0
20,26.30493927300477,30.830730545605828,0.2102372842208975,6643.0
21,27.082355021791173,32.30056184117577,0.2329854408474657,2964.0
22,27.80129808214799,32.85081808159722,0.27045563257029553,2342.0
23,27.855763719492344,33.59463790079023,0.26078067504817243,3052.0
24,28.493347079215752,34.31220355739046,0.2816504580599019,3457.0
25,28.126931569636024,32.960383361302675,0.24831275735101244,3378.0
26,27.334611434404387,30.82651117513869,0.1935033620292932,2369.0
27,25.52091109061389,27.24831905874813,0.11747877188181832,3650.0
28,24.683421539523483,27.116899781609217,0.13648922657979662,4455.0
29,26.11693704403736,30.39487110832136,0.21552264113815808,6127.0
30,27.01979004464797,31.58983411596025,0.2295169814691817,7271.0
31,26.557591123491374,29.996232645977006,0.185052568956756,3706.0
32,26.369897159989996,29.589895937381353,0.16506163204109942,5161.0
33,24.852174461143772,26.668631332097913,0.12438296682989895,3931.0
0,30.56599240392218,35.559493133825676,0.3006216333730599,8297.466666666667
1,29.478612107614943,35.143313971575665,0.246630967191566,4244.933333333333
2,29.780109462638357,34.62673104823728,0.22118328183149752,4286.4000000000015
3,27.336693981812743,31.618089005459773,0.22391437826798571,4119.5
4,26.50065911631059,30.106083579416648,0.2141612695580581,5377.6
5,28.233015966012122,33.349862726297104,0.2790299026568414,7497.6
6,29.055460564499523,34.782797434877885,0.28324150912007656,7789.714285714284
7,29.64856575269397,36.748053997078536,0.2972483651646051,2545.6
8,30.649598971599623,36.90995010181991,0.2933331309188784,8262.8
9,30.805943188976684,37.116551340291096,0.28568796141160485,2620.8
10,30.818428757315623,36.567040989343866,0.2766346367565042,7233.6
11,30.02799321070401,35.7789177337524,0.28369452009739304,7438.4
12,30.400937587775363,37.034485254681506,0.28574936066509554,7997.142857142858
13,30.130057124837414,36.03372072519853,0.2930940293775885,7918.733333333331
14,30.047376036617717,34.883857072707485,0.2446021985275745,4405.2666666666655
15,29.54867031754157,33.620538683754965,0.2481978900580524,5712.199999999999
16,28.451276544815602,33.0978153065613,0.20004125094792027,5648.9333333333325
17,25.50704480733165,28.49376125274117,0.1413711992865422,3412.8
18,27.10240531618773,32.88319149076866,0.24738144145099586,3253.7142857142853
19,26.13420570593064,29.572434186825966,0.17489092600902334,3962.4
20,26.30493927300477,30.830730545605828,0.2102372842208975,6885.0
21,27.082355021791173,32.30056184117577,0.2329854408474657,3421.0
22,27.80129808214799,32.85081808159722,0.27045563257029553,8249.0
23,27.855763719492344,33.59463790079023,0.26078067504817243,1910.0
24,28.493347079215752,34.31220355739046,0.2816504580599019,8995.0
25,28.126931569636024,32.960383361302675,0.24831275735101244,7868.0
26,27.334611434404387,30.82651117513869,0.1935033620292932,5480.0
27,25.52091109061389,27.24831905874813,0.11747877188181832,3914.0
28,24.683421539523483,27.116899781609217,0.13648922657979662,4778.0
29,26.11693704403736,30.39487110832136,0.21552264113815808,6375.0
30,27.01979004464797,31.58983411596025,0.2295169814691817,7463.0
31,26.557591123491374,29.996232645977006,0.185052568956756,6274.0
32,26.369897159989996,29.589895937381353,0.16506163204109942,5534.0
33,24.852174461143772,26.668631332097913,0.12438296682989895,4322.0
0,28.564478195329666,38.61684165677657,0.35868634965505153,6292.0
1,29.494486331593407,42.02868699734433,0.4409880415197766,7045.0
2,25.14405622564103,33.57360166694139,0.2935862516426643,4998.0
3,27.403738549416914,37.733532126554906,0.3682624794537422,6449.0
4,29.383560797255026,45.3354274795061,0.5353675078003755,7243.0
5,28.48899484016173,40.469185906468994,0.41734193406100667,6848.0
6,29.362050044752184,45.2787840813897,0.5327888079030094,7966.0
7,29.77591632246181,42.970462607457314,0.4705128346086936,7537.0
8,29.75759639342041,44.27708854611927,0.5138370865080109,8268.0
10,29.34052075396825,40.68582583292181,0.38032530094032735,6164.0
11,28.05908833514286,44.41899472519048,0.4959132248282057,7564.0
12,26.766419354304038,38.80223721904761,0.42067411862465415,6754.0
13,26.96867871804029,37.23067778296702,0.33895111748448986,5803.0
14,26.53805245722739,36.08461742218231,0.3394085453393864,5508.0
15,25.868719653728657,36.706711160736745,0.4053518750245385,7029.0
16,26.260068479853487,37.29405107216118,0.4216867084861565,7341.0
17,27.166873286813182,40.150425865201456,0.4744418160667904,7571.0
18,26.602369914914647,39.037956016891286,0.43759734320472143,7162.0
19,26.105285082600737,36.31472878983517,0.3755168842980329,5940.0
20,26.750387714106026,39.85482460098832,0.4604221293001194,5268.0
21,27.37878858492639,40.18034011169398,0.4776514474694416,7864.0
22,27.871142988679253,40.50019721617252,0.4670693079321634,7456.0
23,26.572746956959712,36.164621774450566,0.36985176897641736,5911.0
24,25.822457678754567,33.455246091666666,0.2987251085254719,5257.0
25,25.42447148077268,33.1533057211141,0.3075764350852201,5441.0
26,26.36242213378257,38.731893957681926,0.4790444257828957,7984.0
27,25.50280010727764,35.75254810296494,0.3986456853204744,4012.0
28,26.471948133862433,36.39943160361551,0.3660889946185535,6275.0
29,26.451856226415075,36.058201727762814,0.3392287826957191,5848.0
30,25.5512210287834,34.16393440621942,0.3267021648506515,5521.0
31,28.564478195329666,38.61684165677657,0.35868634965505153,5768.0
32,29.494486331593407,42.02868699734433,0.4409880415197766,7759.0
33,25.14405622564103,33.57360166694139,0.2935862516426643,5453.0
36,28.48899484016173,40.469185906468994,0.41734193406100667,7287.0
37,29.362050044752184,45.2787840813897,0.5327888079030094,8673.0
38,29.77591632246181,42.970462607457314,0.4705128346086936,8273.0
39,29.75759639342041,44.27708854611927,0.5138370865080109,9048.0
41,29.34052075396825,40.68582583292181,0.38032530094032735,5971.0
42,28.05908833514286,44.41899472519048,0.4959132248282057,7221.375
43,26.766419354304038,38.80223721904761,0.42067411862465415,7332.0
44,26.96867871804029,37.23067778296702,0.33895111748448986,5889.0
45,26.53805245722739,36.08461742218231,0.3394085453393864,6012.0
47,26.260068479853487,37.29405107216118,0.4216867084861565,6750.0
48,27.166873286813182,40.150425865201456,0.4744418160667904,8196.0
50,26.105285082600737,36.31472878983517,0.3755168842980329,5724.25
51,26.750387714106026,39.85482460098832,0.4604221293001194,8239.0
52,27.37878858492639,40.18034011169398,0.4776514474694416,8495.0
53,27.871142988679253,40.50019721617252,0.4670693079321634,8189.0
54,26.572746956959712,36.164621774450566,0.36985176897641736,6598.0
55,25.822457678754567,33.455246091666666,0.2987251085254719,4991.0
56,25.42447148077268,33.1533057211141,0.3075764350852201,5903.0
57,26.36242213378257,38.731893957681926,0.4790444257828957,8654.0
58,25.50280010727764,35.75254810296494,0.3986456853204744,7487.0
59,26.471948133862433,36.39943160361551,0.3660889946185535,6846.0
60,26.451856226415075,36.058201727762814,0.3392287826957191,6318.0
61,25.5512210287834,34.16393440621942,0.3267021648506515,6034.0
62,28.564478195329666,38.61684165677657,0.35868634965505153,6656.0
63,29.494486331593407,42.02868699734433,0.4409880415197766,7794.0
64,25.14405622564103,33.57360166694139,0.2935862516426643,5435.0
67,28.48899484016173,40.469185906468994,0.41734193406100667,7315.0
68,29.362050044752184,45.2787840813897,0.5327888079030094,8652.0
69,29.77591632246181,42.970462607457314,0.4705128346086936,8300.0
70,29.75759639342041,44.27708854611927,0.5138370865080109,9068.0
72,29.34052075396825,40.68582583292181,0.38032530094032735,6740.0
73,28.05908833514286,44.41899472519048,0.4959132248282057,8210.0
74,26.766419354304038,38.80223721904761,0.42067411862465415,7299.0
75,26.96867871804029,37.23067778296702,0.33895111748448986,5816.0
76,26.53805245722739,36.08461742218231,0.3394085453393864,5965.0
78,26.260068479853487,37.29405107216118,0.4216867084861565,7874.0
79,27.166873286813182,40.150425865201456,0.4744418160667904,8215.0
81,26.105285082600737,36.31472878983517,0.3755168842980329,6496.0
82,26.750387714106026,39.85482460098832,0.4604221293001194,8242.0
83,27.37878858492639,40.18034011169398,0.4776514474694416,8509.0
84,27.871142988679253,40.50019721617252,0.4670693079321634,8186.0
85,26.572746956959712,36.164621774450566,0.36985176897641736,6550.0
86,25.822457678754567,33.455246091666666,0.2987251085254719,5717.0
87,25.42447148077268,33.1533057211141,0.3075764350852201,5900.0
88,26.36242213378257,38.731893957681926,0.4790444257828957,8633.0
89,25.50280010727764,35.75254810296494,0.3986456853204744,7504.0
90,26.471948133862433,36.39943160361551,0.3660889946185535,6819.0
91,26.451856226415075,36.058201727762814,0.3392287826957191,6331.0
92,25.5512210287834,34.16393440621942,0.3267021648506515,6052.0
93,28.564478195329666,38.61684165677657,0.35868634965505153,6461.0
94,29.494486331593407,42.02868699734433,0.4409880415197766,7526.0
95,25.14405622564103,33.57360166694139,0.2935862516426643,5309.0
96,27.403738549416914,37.733532126554906,0.3682624794537422,6836.0
98,28.48899484016173,40.469185906468994,0.41734193406100667,7135.0
99,29.362050044752184,45.2787840813897,0.5327888079030094,8450.0
100,29.77591632246181,42.970462607457314,0.4705128346086936,8021.0
101,29.75759639342041,44.27708854611927,0.5138370865080109,8779.0
103,29.34052075396825,40.68582583292181,0.38032530094032735,6638.0
104,28.05908833514286,44.41899472519048,0.4959132248282057,8007.0
105,26.766419354304038,38.80223721904761,0.42067411862465415,7143.0
106,26.96867871804029,37.23067778296702,0.33895111748448986,5843.0
107,26.53805245722739,36.08461742218231,0.3394085453393864,5803.0
109,26.260068479853487,37.29405107216118,0.4216867084861565,7749.0
110,27.166873286813182,40.150425865201456,0.4744418160667904,7999.0
112,26.105285082600737,36.31472878983517,0.3755168842980329,6317.0
113,26.750387714106026,39.85482460098832,0.4604221293001194,8053.0
114,27.37878858492639,40.18034011169398,0.4776514474694416,8283.0
115,27.871142988679253,40.50019721617252,0.4670693079321634,7936.0
116,26.572746956959712,36.164621774450566,0.36985176897641736,6362.0
117,25.822457678754567,33.455246091666666,0.2987251085254719,5573.0
118,25.42447148077268,33.1533057211141,0.3075764350852201,5753.0
119,26.36242213378257,38.731893957681926,0.4790444257828957,8435.0
120,25.50280010727764,35.75254810296494,0.3986456853204744,7306.0
121,26.471948133862433,36.39943160361551,0.3660889946185535,6641.0
122,26.451856226415075,36.058201727762814,0.3392287826957191,6166.0
123,25.5512210287834,34.16393440621942,0.3267021648506515,5856.0
124,28.564478195329666,38.61684165677657,0.35868634965505153,4704.285714
125,29.494486331593407,42.02868699734433,0.4409880415197766,6519.428571
126,25.14405622564103,33.57360166694139,0.2935862516426643,4098.0
127,27.403738549416914,37.733532126554906,0.3682624794537422,5005.0
128,29.383560797255026,45.3354274795061,0.5353675078003755,5709.285714
130,29.362050044752184,45.2787840813897,0.5327888079030094,5427.5
131,29.77591632246181,42.970462607457314,0.4705128346086936,5753.571429
132,29.75759639342041,44.27708854611927,0.5138370865080109,6718.5
136,26.766419354304038,38.80223721904761,0.42067411862465415,4595.0
137,26.96867871804029,37.23067778296702,0.33895111748448986,4425.0
138,26.53805245722739,36.08461742218231,0.3394085453393864,3745.0
139,25.868719653728657,36.706711160736745,0.4053518750245385,4754.375
140,26.260068479853487,37.29405107216118,0.4216867084861565,5721.428571
142,26.602369914914647,39.037956016891286,0.43759734320472143,4950.0
144,26.750387714106026,39.85482460098832,0.4604221293001194,4401.25
145,27.37878858492639,40.18034011169398,0.4776514474694416,6435.0
146,27.871142988679253,40.50019721617252,0.4670693079321634,5882.142857
147,26.572746956959712,36.164621774450566,0.36985176897641736,4718.571429
148,25.822457678754567,33.455246091666666,0.2987251085254719,4107.142857
149,25.42447148077268,33.1533057211141,0.3075764350852201,3721.875
150,26.36242213378257,38.731893957681926,0.4790444257828957,6139.285714
151,25.50280010727764,35.75254810296494,0.3986456853204744,5310.714286
152,26.471948133862433,36.39943160361551,0.3660889946185535,6872.0
153,26.451856226415075,36.058201727762814,0.3392287826957191,6365.0
154,25.5512210287834,34.16393440621942,0.3267021648506515,5992.0
155,28.564478195329666,38.61684165677657,0.35868634965505153,6714.0
156,29.494486331593407,42.02868699734433,0.4409880415197766,7717.0
157,25.14405622564103,33.57360166694139,0.2935862516426643,5457.0
158,27.403738549416914,37.733532126554906,0.3682624794537422,6988.0
160,28.48899484016173,40.469185906468994,0.41734193406100667,7360.0
161,29.362050044752184,45.2787840813897,0.5327888079030094,8611.0
162,29.77591632246181,42.970462607457314,0.4705128346086936,8180.0
163,29.75759639342041,44.27708854611927,0.5138370865080109,9013.0
165,29.34052075396825,40.68582583292181,0.38032530094032735,6763.0
166,28.05908833514286,44.41899472519048,0.4959132248282057,8172.0
167,26.766419354304038,38.80223721904761,0.42067411862465415,7270.0
168,26.96867871804029,37.23067778296702,0.33895111748448986,6076.0
169,26.53805245722739,36.08461742218231,0.3394085453393864,5909.0
171,26.260068479853487,37.29405107216118,0.4216867084861565,7917.0
172,27.166873286813182,40.150425865201456,0.4744418160667904,8160.0
174,26.105285082600737,36.31472878983517,0.3755168842980329,6435.0
175,26.750387714106026,39.85482460098832,0.4604221293001194,8219.0
176,27.37878858492639,40.18034011169398,0.4776514474694416,8488.0
177,27.871142988679253,40.50019721617252,0.4670693079321634,8120.0
178,26.572746956959712,36.164621774450566,0.36985176897641736,6479.0
179,25.822457678754567,33.455246091666666,0.2987251085254719,5716.0
180,25.42447148077268,33.1533057211141,0.3075764350852201,5903.0
181,26.36242213378257,38.731893957681926,0.4790444257828957,8652.0
182,25.50280010727764,35.75254810296494,0.3986456853204744,7489.0
183,26.471948133862433,36.39943160361551,0.3660889946185535,6814.0
184,26.451856226415075,36.058201727762814,0.3392287826957191,6332.0
185,25.5512210287834,34.16393440621942,0.3267021648506515,6007.0
186,28.564478195329666,38.61684165677657,0.35868634965505153,6615.0
187,29.494486331593407,42.02868699734433,0.4409880415197766,7674.0
188,25.14405622564103,33.57360166694139,0.2935862516426643,5348.0
191,28.48899484016173,40.469185906468994,0.41734193406100667,7237.0
192,29.362050044752184,45.2787840813897,0.5327888079030094,8431.0
193,29.77591632246181,42.970462607457314,0.4705128346086936,8091.0
194,29.75759639342041,44.27708854611927,0.5138370865080109,8879.0
196,29.34052075396825,40.68582583292181,0.38032530094032735,6658.0
197,28.05908833514286,44.41899472519048,0.4959132248282057,8038.0
198,26.766419354304038,38.80223721904761,0.42067411862465415,7130.0
199,26.96867871804029,37.23067778296702,0.33895111748448986,5837.0
200,26.53805245722739,36.08461742218231,0.3394085453393864,5834.0
202,26.260068479853487,37.29405107216118,0.4216867084861565,7710.0
203,27.166873286813182,40.150425865201456,0.4744418160667904,8038.0
205,26.105285082600737,36.31472878983517,0.3755168842980329,6341.0
206,26.750387714106026,39.85482460098832,0.4604221293001194,7062.125
207,27.37878858492639,40.18034011169398,0.4776514474694416,8319.0
208,27.871142988679253,40.50019721617252,0.4670693079321634,7977.0
209,26.572746956959712,36.164621774450566,0.36985176897641736,6389.0
210,25.822457678754567,33.455246091666666,0.2987251085254719,5619.0
211,25.42447148077268,33.1533057211141,0.3075764350852201,5794.0
212,26.36242213378257,38.731893957681926,0.4790444257828957,8399.0
213,25.50280010727764,35.75254810296494,0.3986456853204744,7405.0
214,26.471948133862433,36.39943160361551,0.3660889946185535,5889.625
215,26.451856226415075,36.058201727762814,0.3392287826957191,6264.0
216,25.5512210287834,34.16393440621942,0.3267021648506515,5953.0
217,28.564478195329666,38.61684165677657,0.35868634965505153,6676.0
218,29.494486331593407,42.02868699734433,0.4409880415197766,7586.0
219,25.14405622564103,33.57360166694139,0.2935862516426643,5424.0
220,27.403738549416914,37.733532126554906,0.3682624794537422,6974.0
222,28.48899484016173,40.469185906468994,0.41734193406100667,7275.0
223,29.362050044752184,45.2787840813897,0.5327888079030094,8589.0
224,29.77591632246181,42.970462607457314,0.4705128346086936,8028.0
225,29.75759639342041,44.27708854611927,0.5138370865080109,8910.0
227,29.34052075396825,40.68582583292181,0.38032530094032735,6727.0
228,28.05908833514286,44.41899472519048,0.4959132248282057,8150.0
229,26.766419354304038,38.80223721904761,0.42067411862465415,7317.0
230,26.96867871804029,37.23067778296702,0.33895111748448986,6142.0
231,26.53805245722739,36.08461742218231,0.3394085453393864,5918.0
233,26.260068479853487,37.29405107216118,0.4216867084861565,7916.0
234,27.166873286813182,40.150425865201456,0.4744418160667904,8178.0
236,26.105285082600737,36.31472878983517,0.3755168842980329,6355.0
237,26.750387714106026,39.85482460098832,0.4604221293001194,8209.0
238,27.37878858492639,40.18034011169398,0.4776514474694416,8435.0
239,27.871142988679253,40.50019721617252,0.4670693079321634,8074.0
240,26.572746956959712,36.164621774450566,0.36985176897641736,6438.0
241,25.822457678754567,33.455246091666666,0.2987251085254719,5692.0
242,25.42447148077268,33.1533057211141,0.3075764350852201,5883.0
243,26.36242213378257,38.731893957681926,0.4790444257828957,8558.0
244,25.50280010727764,35.75254810296494,0.3986456853204744,7404.0
245,26.471948133862433,36.39943160361551,0.3660889946185535,6757.0
246,26.451856226415075,36.058201727762814,0.3392287826957191,6304.0
247,25.5512210287834,34.16393440621942,0.3267021648506515,5929.0
248,28.564478195329666,38.61684165677657,0.35868634965505153,6384.0
249,29.494486331593407,42.02868699734433,0.4409880415197766,7464.0
250,25.14405622564103,33.57360166694139,0.2935862516426643,5319.0
251,27.403738549416914,37.733532126554906,0.3682624794537422,6805.0
252,29.383560797255026,45.3354274795061,0.5353675078003755,7617.0
254,29.362050044752184,45.2787840813897,0.5327888079030094,8471.0
255,29.77591632246181,42.970462607457314,0.4705128346086936,7985.0
256,29.75759639342041,44.27708854611927,0.5138370865080109,8745.0
260,26.766419354304038,38.80223721904761,0.42067411862465415,7248.0
261,26.96867871804029,37.23067778296702,0.33895111748448986,5796.0
262,26.53805245722739,36.08461742218231,0.3394085453393864,5796.0
263,25.868719653728657,36.706711160736745,0.4053518750245385,7287.0
264,26.260068479853487,37.29405107216118,0.4216867084861565,7774.0
266,26.602369914914647,39.037956016891286,0.43759734320472143,7535.0
268,26.750387714106026,39.85482460098832,0.4604221293001194,8085.0
269,27.37878858492639,40.18034011169398,0.4776514474694416,8271.0
270,27.871142988679253,40.50019721617252,0.4670693079321634,7955.0
271,26.572746956959712,36.164621774450566,0.36985176897641736,6392.0
272,25.822457678754567,33.455246091666666,0.2987251085254719,5561.0
273,25.42447148077268,33.1533057211141,0.3075764350852201,5753.0
274,26.36242213378257,38.731893957681926,0.4790444257828957,8378.0
275,25.50280010727764,35.75254810296494,0.3986456853204744,7289.0
276,26.471948133862433,36.39943160361551,0.3660889946185535,6639.0
277,26.451856226415075,36.058201727762814,0.3392287826957191,6191.0
278,25.5512210287834,34.16393440621942,0.3267021648506515,5871.0
279,28.564478195329666,38.61684165677657,0.35868634965505153,6705.0
280,29.494486331593407,42.02868699734433,0.4409880415197766,7867.0
281,25.14405622564103,33.57360166694139,0.2935862516426643,5506.0
284,28.48899484016173,40.469185906468994,0.41734193406100667,7378.0
285,29.362050044752184,45.2787840813897,0.5327888079030094,8783.0
286,29.77591632246181,42.970462607457314,0.4705128346086936,8397.0
287,29.75759639342041,44.27708854611927,0.5138370865080109,9163.0
289,29.34052075396825,40.68582583292181,0.38032530094032735,5999.875
290,28.05908833514286,44.41899472519048,0.4959132248282057,7300.125
291,26.766419354304038,38.80223721904761,0.42067411862465415,7419.0
292,26.96867871804029,37.23067778296702,0.33895111748448986,5933.0
293,26.53805245722739,36.08461742218231,0.3394085453393864,6127.0
295,26.260068479853487,37.29405107216118,0.4216867084861565,6849.428571
296,27.166873286813182,40.150425865201456,0.4744418160667904,8314.0
298,26.105285082600737,36.31472878983517,0.3755168842980329,5777.625
299,26.750387714106026,39.85482460098832,0.4604221293001194,7308.875
300,27.37878858492639,40.18034011169398,0.4776514474694416,7542.5
301,27.871142988679253,40.50019721617252,0.4670693079321634,8273.0
302,26.572746956959712,36.164621774450566,0.36985176897641736,6667.0
303,25.822457678754567,33.455246091666666,0.2987251085254719,5066.25
304,25.42447148077268,33.1533057211141,0.3075764350852201,5132.571429
305,26.36242213378257,38.731893957681926,0.4790444257828957,8774.0
306,25.50280010727764,35.75254810296494,0.3986456853204744,6641.25
307,26.471948133862433,36.39943160361551,0.3660889946185535,6916.0
308,26.451856226415075,36.058201727762814,0.3392287826957191,6396.0
309,25.5512210287834,34.16393440621942,0.3267021648506515,5237.142857
310,28.564478195329666,38.61684165677657,0.35868634965505153,3069.0
311,29.494486331593407,42.02868699734433,0.4409880415197766,4330.0
312,25.14405622564103,33.57360166694139,0.2935862516426643,2835.428571
313,27.403738549416914,37.733532126554906,0.3682624794537422,3639.428571
314,29.383560797255026,45.3354274795061,0.5353675078003755,4062.857143
315,28.48899484016173,40.469185906468994,0.41734193406100667,3862.857143
316,29.362050044752184,45.2787840813897,0.5327888079030094,4493.714286
317,29.77591632246181,42.970462607457314,0.4705128346086936,3720.0
318,29.75759639342041,44.27708854611927,0.5138370865080109,4062.0
320,29.34052075396825,40.68582583292181,0.38032530094032735,2628.428571
321,28.05908833514286,44.41899472519048,0.4959132248282057,4250.285714
322,26.766419354304038,38.80223721904761,0.42067411862465415,3329.0
323,26.96867871804029,37.23067778296702,0.33895111748448986,2793.0
324,26.53805245722739,36.08461742218231,0.3394085453393864,2689.0
325,25.868719653728657,36.706711160736745,0.4053518750245385,3421.0
326,26.260068479853487,37.29405107216118,0.4216867084861565,3618.5
327,27.166873286813182,40.150425865201456,0.4744418160667904,3198.0
328,26.602369914914647,39.037956016891286,0.43759734320472143,4037.142857
329,26.105285082600737,36.31472878983517,0.3755168842980329,2936.5
330,26.750387714106026,39.85482460098832,0.4604221293001194,2584.5
331,27.37878858492639,40.18034011169398,0.4776514474694416,3297.0
332,27.871142988679253,40.50019721617252,0.4670693079321634,4206.285714
333,26.572746956959712,36.164621774450566,0.36985176897641736,2512.714286
334,25.822457678754567,33.455246091666666,0.2987251085254719,2598.5
335,25.42447148077268,33.1533057211141,0.3075764350852201,2686.0
336,26.36242213378257,38.731893957681926,0.4790444257828957,4493.142857
337,25.50280010727764,35.75254810296494,0.3986456853204744,1979.0
338,26.471948133862433,36.39943160361551,0.3660889946185535,6192.0
339,26.451856226415075,36.058201727762814,0.3392287826957191,5757.0
340,25.5512210287834,34.16393440621942,0.3267021648506515,5460.0
341,28.564478195329666,38.61684165677657,0.35868634965505153,6438.0
342,29.494486331593407,42.02868699734433,0.4409880415197766,7519.0
343,25.14405622564103,33.57360166694139,0.2935862516426643,5400.0
344,27.403738549416914,37.733532126554906,0.3682624794537422,6951.0
345,29.383560797255026,45.3354274795061,0.5353675078003755,7837.0
347,29.362050044752184,45.2787840813897,0.5327888079030094,8627.0
348,29.77591632246181,42.970462607457314,0.4705128346086936,8041.0
349,29.75759639342041,44.27708854611927,0.5138370865080109,8869.0
353,26.766419354304038,38.80223721904761,0.42067411862465415,7345.0
354,26.96867871804029,37.23067778296702,0.33895111748448986,5969.0
355,26.53805245722739,36.08461742218231,0.3394085453393864,5781.0
356,25.868719653728657,36.706711160736745,0.4053518750245385,7465.0
357,26.260068479853487,37.29405107216118,0.4216867084861565,7883.0
359,26.602369914914647,39.037956016891286,0.43759734320472143,7803.0
361,26.750387714106026,39.85482460098832,0.4604221293001194,8277.0
362,27.37878858492639,40.18034011169398,0.4776514474694416,8444.0
363,27.871142988679253,40.50019721617252,0.4670693079321634,8265.0
364,26.572746956959712,36.164621774450566,0.36985176897641736,6559.0
365,25.822457678754567,33.455246091666666,0.2987251085254719,5692.0
366,25.42447148077268,33.1533057211141,0.3075764350852201,5888.0
367,26.36242213378257,38.731893957681926,0.4790444257828957,8496.0
368,25.50280010727764,35.75254810296494,0.3986456853204744,7369.0
369,26.471948133862433,36.39943160361551,0.3660889946185535,6777.0
370,26.451856226415075,36.058201727762814,0.3392287826957191,6305.0
371,25.5512210287834,34.16393440621942,0.3267021648506515,5957.0
372,28.564478195329666,38.61684165677657,0.35868634965505153,6450.0
373,29.494486331593407,42.02868699734433,0.4409880415197766,7391.0
374,25.14405622564103,33.57360166694139,0.2935862516426643,5286.0
375,27.403738549416914,37.733532126554906,0.3682624794537422,6790.0
377,28.48899484016173,40.469185906468994,0.41734193406100667,7000.0
378,29.362050044752184,45.2787840813897,0.5327888079030094,8395.0
379,29.77591632246181,42.970462607457314,0.4705128346086936,7556.0
380,29.75759639342041,44.27708854611927,0.5138370865080109,8085.0
382,29.34052075396825,40.68582583292181,0.38032530094032735,6564.0
383,28.05908833514286,44.41899472519048,0.4959132248282057,7951.0
384,26.766419354304038,38.80223721904761,0.42067411862465415,7146.0
385,26.96867871804029,37.23067778296702,0.33895111748448986,5965.0
386,26.53805245722739,36.08461742218231,0.3394085453393864,5751.0
388,26.260068479853487,37.29405107216118,0.4216867084861565,7699.0
389,27.166873286813182,40.150425865201456,0.4744418160667904,8009.0
391,26.105285082600737,36.31472878983517,0.3755168842980329,6197.0
392,26.750387714106026,39.85482460098832,0.4604221293001194,8019.0
393,27.37878858492639,40.18034011169398,0.4776514474694416,8217.0
394,27.871142988679253,40.50019721617252,0.4670693079321634,7846.0
395,26.572746956959712,36.164621774450566,0.36985176897641736,6277.0
396,25.822457678754567,33.455246091666666,0.2987251085254719,5521.0
397,25.42447148077268,33.1533057211141,0.3075764350852201,5710.0
398,26.36242213378257,38.731893957681926,0.4790444257828957,8255.0
399,25.50280010727764,35.75254810296494,0.3986456853204744,7165.0
400,26.471948133862433,36.39943160361551,0.3660889946185535,6564.0
401,26.451856226415075,36.058201727762814,0.3392287826957191,6124.0
402,25.5512210287834,34.16393440621942,0.3267021648506515,5758.0
403,28.564478195329666,38.61684165677657,0.35868634965505153,6173.0
404,29.494486331593407,42.02868699734433,0.4409880415197766,7397.0
405,25.14405622564103,33.57360166694139,0.2935862516426643,5364.0
406,27.403738549416914,37.733532126554906,0.3682624794537422,6938.0
407,29.383560797255026,45.3354274795061,0.5353675078003755,7778.0
409,29.362050044752184,45.2787840813897,0.5327888079030094,8475.0
410,29.77591632246181,42.970462607457314,0.4705128346086936,8032.0
411,29.75759639342041,44.27708854611927,0.5138370865080109,8812.0
415,26.766419354304038,38.80223721904761,0.42067411862465415,7341.0
416,26.96867871804029,37.23067778296702,0.33895111748448986,5915.0
417,26.53805245722739,36.08461742218231,0.3394085453393864,5509.0
418,25.868719653728657,36.706711160736745,0.4053518750245385,7350.0
419,26.260068479853487,37.29405107216118,0.4216867084861565,7786.0
421,26.602369914914647,39.037956016891286,0.43759734320472143,7796.0
423,26.750387714106026,39.85482460098832,0.4604221293001194,8214.0
424,27.37878858492639,40.18034011169398,0.4776514474694416,8344.0
425,27.871142988679253,40.50019721617252,0.4670693079321634,8240.0
426,26.572746956959712,36.164621774450566,0.36985176897641736,6578.0
427,25.822457678754567,33.455246091666666,0.2987251085254719,5662.0
428,25.42447148077268,33.1533057211141,0.3075764350852201,5851.0
429,26.36242213378257,38.731893957681926,0.4790444257828957,8354.0
430,25.50280010727764,35.75254810296494,0.3986456853204744,7261.0
431,26.471948133862433,36.39943160361551,0.3660889946185535,6795.0
432,26.451856226415075,36.058201727762814,0.3392287826957191,6261.0
433,25.5512210287834,34.16393440621942,0.3267021648506515,5952.0
434,28.564478195329666,38.61684165677657,0.35868634965505153,6233.0
435,29.494486331593407,42.02868699734433,0.4409880415197766,7438.0
436,25.14405622564103,33.57360166694139,0.2935862516426643,5365.0
437,27.403738549416914,37.733532126554906,0.3682624794537422,6910.0
438,29.383560797255026,45.3354274795061,0.5353675078003755,7766.0
440,29.362050044752184,45.2787840813897,0.5327888079030094,8152.0
441,29.77591632246181,42.970462607457314,0.4705128346086936,8002.0
442,29.75759639342041,44.27708854611927,0.5138370865080109,8807.0
446,26.766419354304038,38.80223721904761,0.42067411862465415,7364.0
447,26.96867871804029,37.23067778296702,0.33895111748448986,5894.0
448,26.53805245722739,36.08461742218231,0.3394085453393864,5637.0
449,25.868719653728657,36.706711160736745,0.4053518750245385,7361.0
450,26.260068479853487,37.29405107216118,0.4216867084861565,7807.0
452,26.602369914914647,39.037956016891286,0.43759734320472143,7741.0
454,26.750387714106026,39.85482460098832,0.4604221293001194,8172.0
455,27.37878858492639,40.18034011169398,0.4776514474694416,8291.0
456,27.871142988679253,40.50019721617252,0.4670693079321634,8240.0
457,26.572746956959712,36.164621774450566,0.36985176897641736,6565.0
458,25.822457678754567,33.455246091666666,0.2987251085254719,4955.125
459,25.42447148077268,33.1533057211141,0.3075764350852201,5849.0
460,26.36242213378257,38.731893957681926,0.4790444257828957,8389.0
461,25.50280010727764,35.75254810296494,0.3986456853204744,7302.0
462,26.471948133862433,36.39943160361551,0.3660889946185535,6732.0
463,26.451856226415075,36.058201727762814,0.3392287826957191,5462.625
464,25.5512210287834,34.16393440621942,0.3267021648506515,5950.0
465,28.564478195329666,38.61684165677657,0.35868634965505153,3674.857143
466,29.494486331593407,42.02868699734433,0.4409880415197766,4252.0
467,25.14405622564103,33.57360166694139,0.2935862516426643,2675.5
468,27.403738549416914,37.733532126554906,0.3682624794537422,3930.857143
469,29.383560797255026,45.3354274795061,0.5353675078003755,4471.428571
471,29.362050044752184,45.2787840813897,0.5327888079030094,4243.5
472,29.77591632246181,42.970462607457314,0.4705128346086936,4515.428571
473,29.75759639342041,44.27708854611927,0.5138370865080109,4380.0
477,26.766419354304038,38.80223721904761,0.42067411862465415,3613.0
478,26.96867871804029,37.23067778296702,0.33895111748448986,2565.857143
479,26.53805245722739,36.08461742218231,0.3394085453393864,2883.0
480,25.868719653728657,36.706711160736745,0.4053518750245385,3719.5
481,26.260068479853487,37.29405107216118,0.4216867084861565,3362.571429
483,26.602369914914647,39.037956016891286,0.43759734320472143,3879.5
485,26.750387714106026,39.85482460098832,0.4604221293001194,3449.0
486,27.37878858492639,40.18034011169398,0.4776514474694416,4185.5
487,27.871142988679253,40.50019721617252,0.4670693079321634,3501.428571
488,26.572746956959712,36.164621774450566,0.36985176897641736,2787.857143
489,25.822457678754567,33.455246091666666,0.2987251085254719,3230.857143
490,25.42447148077268,33.1533057211141,0.3075764350852201,2923.5
491,26.36242213378257,38.731893957681926,0.4790444257828957,3601.285714
492,25.50280010727764,35.75254810296494,0.3986456853204744,4175.428571
493,26.471948133862433,36.39943160361551,0.3660889946185535,6728.0
494,26.451856226415075,36.058201727762814,0.3392287826957191,6255.0
495,25.5512210287834,34.16393440621942,0.3267021648506515,5887.0
496,28.564478195329666,38.61684165677657,0.35868634965505153,6271.0
497,29.494486331593407,42.02868699734433,0.4409880415197766,7454.0
498,25.14405622564103,33.57360166694139,0.2935862516426643,5408.0
499,27.403738549416914,37.733532126554906,0.3682624794537422,6997.0
500,29.383560797255026,45.3354274795061,0.5353675078003755,7865.0
502,29.362050044752184,45.2787840813897,0.5327888079030094,8493.0
503,29.77591632246181,42.970462607457314,0.4705128346086936,8106.0
504,29.75759639342041,44.27708854611927,0.5138370865080109,8844.0
508,26.766419354304038,38.80223721904761,0.42067411862465415,7340.0
509,26.96867871804029,37.23067778296702,0.33895111748448986,6081.0
510,26.53805245722739,36.08461742218231,0.3394085453393864,5589.0
511,25.868719653728657,36.706711160736745,0.4053518750245385,7463.0
512,26.260068479853487,37.29405107216118,0.4216867084861565,7850.0
514,26.602369914914647,39.037956016891286,0.43759734320472143,7838.0
516,26.750387714106026,39.85482460098832,0.4604221293001194,7257.25
517,27.37878858492639,40.18034011169398,0.4776514474694416,7354.375
518,27.871142988679253,40.50019721617252,0.4670693079321634,8309.0
519,26.572746956959712,36.164621774450566,0.36985176897641736,6645.0
520,25.822457678754567,33.455246091666666,0.2987251085254719,4985.75
521,25.42447148077268,33.1533057211141,0.3075764350852201,5888.0
522,26.36242213378257,38.731893957681926,0.4790444257828957,7382.375
523,25.50280010727764,35.75254810296494,0.3986456853204744,7306.0
524,26.471948133862433,36.39943160361551,0.3660889946185535,6906.0
525,26.451856226415075,36.058201727762814,0.3392287826957191,5505.5
526,25.5512210287834,34.16393440621942,0.3267021648506515,5967.0
527,28.564478195329666,38.61684165677657,0.35868634965505153,3738.857143
528,29.494486331593407,42.02868699734433,0.4409880415197766,4302.857143
529,25.14405622564103,33.57360166694139,0.2935862516426643,2696.5
530,27.403738549416914,37.733532126554906,0.3682624794537422,2981.142857
531,29.383560797255026,45.3354274795061,0.5353675078003755,3347.571429
533,29.362050044752184,45.2787840813897,0.5327888079030094,3687.857143
534,29.77591632246181,42.970462607457314,0.4705128346086936,3411.857143
535,29.75759639342041,44.27708854611927,0.5138370865080109,4429.5
539,26.766419354304038,38.80223721904761,0.42067411862465415,3119.142857
540,26.96867871804029,37.23067778296702,0.33895111748448986,2677.285714
541,26.53805245722739,36.08461742218231,0.3394085453393864,2227.125
542,25.868719653728657,36.706711160736745,0.4053518750245385,2821.875
543,26.260068479853487,37.29405107216118,0.4216867084861565,3953.5
545,26.602369914914647,39.037956016891286,0.43759734320472143,3874.0
547,26.750387714106026,39.85482460098832,0.4604221293001194,3216.5
548,27.37878858492639,40.18034011169398,0.4776514474694416,4221.5
549,27.871142988679253,40.50019721617252,0.4670693079321634,3432.857143
550,26.572746956959712,36.164621774450566,0.36985176897641736,2752.714286
551,25.822457678754567,33.455246091666666,0.2987251085254719,2421.857143
552,25.42447148077268,33.1533057211141,0.3075764350852201,2195.25
553,26.36242213378257,38.731893957681926,0.4790444257828957,4230.5
554,25.50280010727764,35.75254810296494,0.3986456853204744,3141.0
555,26.471948133862433,36.39943160361551,0.3660889946185535,6746.0
556,26.451856226415075,36.058201727762814,0.3392287826957191,6274.0
557,25.5512210287834,34.16393440621942,0.3267021648506515,5147.625
558,28.564478195329666,38.61684165677657,0.35868634965505153,6488.0
559,29.494486331593407,42.02868699734433,0.4409880415197766,7486.0
560,25.14405622564103,33.57360166694139,0.2935862516426643,5347.0
561,27.403738549416914,37.733532126554906,0.3682624794537422,6892.0
562,29.383560797255026,45.3354274795061,0.5353675078003755,7886.0
564,29.362050044752184,45.2787840813897,0.5327888079030094,8543.0
565,29.77591632246181,42.970462607457314,0.4705128346086936,7876.0
566,29.75759639342041,44.27708854611927,0.5138370865080109,8802.0
570,26.766419354304038,38.80223721904761,0.42067411862465415,7142.0
571,26.96867871804029,37.23067778296702,0.33895111748448986,6300.0
572,26.53805245722739,36.08461742218231,0.3394085453393864,5931.0
573,25.868719653728657,36.706711160736745,0.4053518750245385,7446.0
574,26.260068479853487,37.29405107216118,0.4216867084861565,7839.0
576,26.602369914914647,39.037956016891286,0.43759734320472143,7739.0
578,26.750387714106026,39.85482460098832,0.4604221293001194,6342.0
579,27.37878858492639,40.18034011169398,0.4776514474694416,7793.0
580,27.871142988679253,40.50019721617252,0.4670693079321634,7629.0
581,26.572746956959712,36.164621774450566,0.36985176897641736,6412.0
582,25.822457678754567,33.455246091666666,0.2987251085254719,5599.0
583,25.42447148077268,33.1533057211141,0.3075764350852201,5803.0
584,26.36242213378257,38.731893957681926,0.4790444257828957,8363.0
585,25.50280010727764,35.75254810296494,0.3986456853204744,7238.0
586,26.471948133862433,36.39943160361551,0.3660889946185535,6716.0
587,26.451856226415075,36.058201727762814,0.3392287826957191,6201.0
588,25.5512210287834,34.16393440621942,0.3267021648506515,5819.0
589,28.564478195329666,38.61684165677657,0.35868634965505153,6374.0
590,29.494486331593407,42.02868699734433,0.4409880415197766,7507.0
591,25.14405622564103,33.57360166694139,0.2935862516426643,5390.0
592,27.403738549416914,37.733532126554906,0.3682624794537422,6924.0
593,29.383560797255026,45.3354274795061,0.5353675078003755,7737.0
595,29.362050044752184,45.2787840813897,0.5327888079030094,8674.0
596,29.77591632246181,42.970462607457314,0.4705128346086936,7277.0
597,29.75759639342041,44.27708854611927,0.5138370865080109,8443.0
601,26.766419354304038,38.80223721904761,0.42067411862465415,7396.0
603,26.53805245722739,36.08461742218231,0.3394085453393864,5794.0
604,25.868719653728657,36.706711160736745,0.4053518750245385,7421.0
605,26.260068479853487,37.29405107216118,0.4216867084861565,7888.0
607,26.602369914914647,39.037956016891286,0.43759734320472143,7723.0
609,26.750387714106026,39.85482460098832,0.4604221293001194,8183.0
610,27.37878858492639,40.18034011169398,0.4776514474694416,8358.0
611,27.871142988679253,40.50019721617252,0.4670693079321634,8136.0
612,26.572746956959712,36.164621774450566,0.36985176897641736,6498.0
613,25.822457678754567,33.455246091666666,0.2987251085254719,5647.0
614,25.42447148077268,33.1533057211141,0.3075764350852201,5837.0
615,26.36242213378257,38.731893957681926,0.4790444257828957,8435.0
616,25.50280010727764,35.75254810296494,0.3986456853204744,7315.0
617,26.471948133862433,36.39943160361551,0.3660889946185535,6696.0
618,26.451856226415075,36.058201727762814,0.3392287826957191,5719.0
619,25.5512210287834,34.16393440621942,0.3267021648506515,5817.0
620,28.564478195329666,38.61684165677657,0.35868634965505153,6419.0
621,29.494486331593407,42.02868699734433,0.4409880415197766,7480.0
622,25.14405622564103,33.57360166694139,0.2935862516426643,5390.0
623,27.403738549416914,37.733532126554906,0.3682624794537422,6932.0
624,29.383560797255026,45.3354274795061,0.5353675078003755,7944.0
626,29.362050044752184,45.2787840813897,0.5327888079030094,8544.0
627,29.77591632246181,42.970462607457314,0.4705128346086936,7958.0
628,29.75759639342041,44.27708854611927,0.5138370865080109,8813.0
632,26.766419354304038,38.80223721904761,0.42067411862465415,7290.0
633,26.96867871804029,37.23067778296702,0.33895111748448986,6047.0
634,26.53805245722739,36.08461742218231,0.3394085453393864,5742.0
635,25.868719653728657,36.706711160736745,0.4053518750245385,7451.0
636,26.260068479853487,37.29405107216118,0.4216867084861565,7836.0
638,26.602369914914647,39.037956016891286,0.43759734320472143,7817.0
640,26.750387714106026,39.85482460098832,0.4604221293001194,8260.0
641,27.37878858492639,40.18034011169398,0.4776514474694416,8377.0
642,27.871142988679253,40.50019721617252,0.4670693079321634,8289.0
643,26.572746956959712,36.164621774450566,0.36985176897641736,6560.0
644,25.822457678754567,33.455246091666666,0.2987251085254719,4962.125
645,25.42447148077268,33.1533057211141,0.3075764350852201,5863.0
646,26.36242213378257,38.731893957681926,0.4790444257828957,8410.0
647,25.50280010727764,35.75254810296494,0.3986456853204744,7320.0
648,26.471948133862433,36.39943160361551,0.3660889946185535,6820.0
649,26.451856226415075,36.058201727762814,0.3392287826957191,5479.25
650,25.5512210287834,34.16393440621942,0.3267021648506515,5910.0
