,DATE,AMBIENT_TEMPERATURE,MODULE_TEMPERATURE,IRRADIATION,DAILY_YIELD,SOURCE_KEY
0,2020-05-16,28.564478195329666,38.61684165677657,0.35868634965505153,6292.0,1BY6WEcLGh8j5v7
1,2020-05-17,29.494486331593407,42.02868699734433,0.4409880415197766,7045.0,1BY6WEcLGh8j5v7
2,2020-05-18,25.14405622564103,33.57360166694139,0.2935862516426643,4998.0,1BY6WEcLGh8j5v7
3,2020-05-19,27.403738549416914,37.733532126554906,0.3682624794537422,6449.0,1BY6WEcLGh8j5v7
4,2020-05-21,29.383560797255026,45.3354274795061,0.5353675078003755,7243.0,1BY6WEcLGh8j5v7
5,2020-05-22,28.48899484016173,40.469185906468994,0.41734193406100667,6848.0,1BY6WEcLGh8j5v7
6,2020-05-23,29.362050044752184,45.2787840813897,0.5327888079030094,7966.0,1BY6WEcLGh8j5v7
7,2020-05-24,29.77591632246181,42.970462607457314,0.4705128346086936,7537.0,1BY6WEcLGh8j5v7
8,2020-05-25,29.75759639342041,44.27708854611927,0.5138370865080109,8268.0,1BY6WEcLGh8j5v7
9,2020-05-26,29.43870079514824,43.09189151608267,0.4575582788759599,0.0,1BY6WEcLGh8j5v7
10,2020-05-27,29.34052075396825,40.68582583292181,0.38032530094032735,6164.0,1BY6WEcLGh8j5v7
11,2020-05-29,28.05908833514286,44.41899472519048,0.4959132248282057,7564.0,1BY6WEcLGh8j5v7
12,2020-05-30,26.766419354304034,38.80223721904761,0.42067411862465415,6754.0,1BY6WEcLGh8j5v7
13,2020-05-31,26.96867871804029,37.23067778296702,0.33895111748448986,5803.0,1BY6WEcLGh8j5v7
14,2020-06-01,26.53805245722739,36.08461742218231,0.3394085453393864,5508.0,1BY6WEcLGh8j5v7
15,2020-06-02,25.868719653728657,36.706711160736745,0.4053518750245385,7029.0,1BY6WEcLGh8j5v7
16,2020-06-03,26.260068479853487,37.29405107216118,0.4216867084861565,7341.0,1BY6WEcLGh8j5v7
17,2020-06-04,27.166873286813182,40.150425865201456,0.4744418160667904,7571.0,1BY6WEcLGh8j5v7
18,2020-06-05,26.602369914914647,39.037956016891286,0.43759734320472143,7162.0,1BY6WEcLGh8j5v7
19,2020-06-06,26.105285082600737,36.31472878983517,0.3755168842980329,5940.0,1BY6WEcLGh8j5v7
20,2020-06-07,26.750387714106026,39.85482460098832,0.4604221293001194,5268.0,1BY6WEcLGh8j5v7
21,2020-06-08,27.37878858492639,40.18034011169398,0.4776514474694416,7864.0,1BY6WEcLGh8j5v7
22,2020-06-09,27.871142988679253,40.50019721617252,0.4670693079321634,7456.0,1BY6WEcLGh8j5v7
23,2020-06-10,26.572746956959712,36.164621774450566,0.36985176897641736,5911.0,1BY6WEcLGh8j5v7
24,2020-06-11,25.822457678754574,33.455246091666666,0.2987251085254719,5257.0,1BY6WEcLGh8j5v7
25,2020-06-12,25.42447148077268,33.1533057211141,0.3075764350852201,5441.0,1BY6WEcLGh8j5v7
26,2020-06-13,26.36242213378257,38.731893957681926,0.4790444257828957,7984.0,1BY6WEcLGh8j5v7
27,2020-06-14,25.502800107277636,35.75254810296494,0.3986456853204744,4012.0,1BY6WEcLGh8j5v7
28,2020-06-15,26.471948133862433,36.39943160361551,0.3660889946185535,6275.0,1BY6WEcLGh8j5v7
29,2020-06-16,26.451856226415075,36.058201727762814,0.3392287826957191,5848.0,1BY6WEcLGh8j5v7
30,2020-06-17,25.5512210287834,34.16393440621942,0.3267021648506515,5521.0,1BY6WEcLGh8j5v7
0,2020-05-16,28.564478195329666,38.61684165677657,0.35868634965505153,5768.0,1IF53ai7Xc0U56Y
1,2020-05-17,29.494486331593407,42.02868699734433,0.4409880415197766,7759.0,1IF53ai7Xc0U56Y
2,2020-05-18,25.14405622564103,33.57360166694139,0.2935862516426643,5453.0,1IF53ai7Xc0U56Y
3,2020-05-19,27.403738549416914,37.733532126554906,0.3682624794537422,0.0,1IF53ai7Xc0U56Y
4,2020-05-21,29.383560797255026,45.3354274795061,0.5353675078003755,0.0,1IF53ai7Xc0U56Y
5,2020-05-22,28.48899484016173,40.469185906468994,0.41734193406100667,7287.0,1IF53ai7Xc0U56Y
6,2020-05-23,29.362050044752184,45.2787840813897,0.5327888079030094,8673.0,1IF53ai7Xc0U56Y
7,2020-05-24,29.77591632246181,42.970462607457314,0.4705128346086936,8273.0,1IF53ai7Xc0U56Y
8,2020-05-25,29.75759639342041,44.27708854611927,0.5138370865080109,9048.0,1IF53ai7Xc0U56Y
9,2020-05-26,29.43870079514824,43.09189151608267,0.4575582788759599,0.0,1IF53ai7Xc0U56Y
10,2020-05-27,29.34052075396825,40.68582583292181,0.38032530094032735,5971.0,1IF53ai7Xc0U56Y
11,2020-05-29,28.05908833514286,44.41899472519048,0.4959132248282057,7221.375,1IF53ai7Xc0U56Y
12,2020-05-30,26.766419354304034,38.80223721904761,0.42067411862465415,7332.0,1IF53ai7Xc0U56Y
13,2020-05-31,26.96867871804029,37.23067778296702,0.33895111748448986,5889.0,1IF53ai7Xc0U56Y
14,2020-06-01,26.53805245722739,36.08461742218231,0.3394085453393864,6012.0,1IF53ai7Xc0U56Y
15,2020-06-02,25.868719653728657,36.706711160736745,0.4053518750245385,0.0,1IF53ai7Xc0U56Y
16,2020-06-03,26.260068479853487,37.29405107216118,0.4216867084861565,6750.0,1IF53ai7Xc0U56Y
17,2020-06-04,27.166873286813182,40.150425865201456,0.4744418160667904,8196.0,1IF53ai7Xc0U56Y
18,2020-06-05,26.602369914914647,39.037956016891286,0.43759734320472143,0.0,1IF53ai7Xc0U56Y
19,2020-06-06,26.105285082600737,36.31472878983517,0.3755168842980329,5724.25,1IF53ai7Xc0U56Y
20,2020-06-07,26.750387714106026,39.85482460098832,0.4604221293001194,8239.0,1IF53ai7Xc0U56Y
21,2020-06-08,27.37878858492639,40.18034011169398,0.4776514474694416,8495.0,1IF53ai7Xc0U56Y
22,2020-06-09,27.871142988679253,40.50019721617252,0.4670693079321634,8189.0,1IF53ai7Xc0U56Y
23,2020-06-10,26.572746956959712,36.164621774450566,0.36985176897641736,6598.0,1IF53ai7Xc0U56Y
24,2020-06-11,25.822457678754574,33.455246091666666,0.2987251085254719,4991.0,1IF53ai7Xc0U56Y
25,2020-06-12,25.42447148077268,33.1533057211141,0.3075764350852201,5903.0,1IF53ai7Xc0U56Y
26,2020-06-13,26.36242213378257,38.731893957681926,0.4790444257828957,8654.0,1IF53ai7Xc0U56Y
27,2020-06-14,25.502800107277636,35.75254810296494,0.3986456853204744,7487.0,1IF53ai7Xc0U56Y
28,2020-06-15,26.471948133862433,36.39943160361551,0.3660889946185535,6846.0,1IF53ai7Xc0U56Y
29,2020-06-16,26.451856226415075,36.058201727762814,0.3392287826957191,6318.0,1IF53ai7Xc0U56Y
30,2020-06-17,25.5512210287834,34.16393440621942,0.3267021648506515,6034.0,1IF53ai7Xc0U56Y
0,2020-05-16,28.564478195329666,38.61684165677657,0.35868634965505153,6656.0,3PZuoBAID5Wc2HD
1,2020-05-17,29.494486331593407,42.02868699734433,0.4409880415197766,7794.0,3PZuoBAID5Wc2HD
2,2020-05-18,25.14405622564103,33.57360166694139,0.2935862516426643,5435.0,3PZuoBAID5Wc2HD
3,2020-05-19,27.403738549416914,37.733532126554906,0.3682624794537422,0.0,3PZuoBAID5Wc2HD
4,2020-05-21,29.383560797255026,45.3354274795061,0.5353675078003755,0.0,3PZuoBAID5Wc2HD
5,2020-05-22,28.48899484016173,40.469185906468994,0.41734193406100667,7315.0,3PZuoBAID5Wc2HD
6,2020-05-23,29.362050044752184,45.2787840813897,0.5327888079030094,8652.0,3PZuoBAID5Wc2HD
7,2020-05-24,29.77591632246181,42.970462607457314,0.4705128346086936,8300.0,3PZuoBAID5Wc2HD
8,2020-05-25,29.75759639342041,44.27708854611927,0.5138370865080109,9068.0,3PZuoBAID5Wc2HD
9,2020-05-26,29.43870079514824,43.09189151608267,0.4575582788759599,0.0,3PZuoBAID5Wc2HD
10,2020-05-27,29.34052075396825,40.68582583292181,0.38032530094032735,6740.0,3PZuoBAID5Wc2HD
11,2020-05-29,28.05908833514286,44.41899472519048,0.4959132248282057,8210.0,3PZuoBAID5Wc2HD
12,2020-05-30,26.766419354304034,38.80223721904761,0.42067411862465415,7299.0,3PZuoBAID5Wc2HD
13,2020-05-31,26.96867871804029,37.23067778296702,0.33895111748448986,5816.0,3PZuoBAID5Wc2HD
14,2020-06-01,26.53805245722739,36.08461742218231,0.3394085453393864,5965.0,3PZuoBAID5Wc2HD
15,2020-06-02,25.868719653728657,36.706711160736745,0.4053518750245385,0.0,3PZuoBAID5Wc2HD
16,2020-06-03,26.260068479853487,37.29405107216118,0.4216867084861565,7874.0,3PZuoBAID5Wc2HD
17,2020-06-04,27.166873286813182,40.150425865201456,0.4744418160667904,8215.0,3PZuoBAID5Wc2HD
18,2020-06-05,26.602369914914647,39.037956016891286,0.43759734320472143,0.0,3PZuoBAID5Wc2HD
19,2020-06-06,26.105285082600737,36.31472878983517,0.3755168842980329,6496.0,3PZuoBAID5Wc2HD
20,2020-06-07,26.750387714106026,39.85482460098832,0.4604221293001194,8242.0,3PZuoBAID5Wc2HD
21,2020-06-08,27.37878858492639,40.18034011169398,0.4776514474694416,8509.0,3PZuoBAID5Wc2HD
22,2020-06-09,27.871142988679253,40.50019721617252,0.4670693079321634,8186.0,3PZuoBAID5Wc2HD
23,2020-06-10,26.572746956959712,36.164621774450566,0.36985176897641736,6550.0,3PZuoBAID5Wc2HD
24,2020-06-11,25.822457678754574,33.455246091666666,0.2987251085254719,5717.0,3PZuoBAID5Wc2HD
25,2020-06-12,25.42447148077268,33.1533057211141,0.3075764350852201,5900.0,3PZuoBAID5Wc2HD
26,2020-06-13,26.36242213378257,38.731893957681926,0.4790444257828957,8633.0,3PZuoBAID5Wc2HD
27,2020-06-14,25.502800107277636,35.75254810296494,0.3986456853204744,7504.0,3PZuoBAID5Wc2HD
28,2020-06-15,26.471948133862433,36.39943160361551,0.3660889946185535,6819.0,3PZuoBAID5Wc2HD
29,2020-06-16,26.451856226415075,36.058201727762814,0.3392287826957191,6331.0,3PZuoBAID5Wc2HD
30,2020-06-17,25.5512210287834,34.16393440621942,0.3267021648506515,6052.0,3PZuoBAID5Wc2HD
0,2020-05-16,28.564478195329666,38.61684165677657,0.35868634965505153,6461.0,7JYdWkrLSPkdwr4
1,2020-05-17,29.494486331593407,42.02868699734433,0.4409880415197766,7526.0,7JYdWkrLSPkdwr4
2,2020-05-18,25.14405622564103,33.57360166694139,0.2935862516426643,5309.0,7JYdWkrLSPkdwr4
3,2020-05-19,27.403738549416914,37.733532126554906,0.3682624794537422,6836.0,7JYdWkrLSPkdwr4
4,2020-05-21,29.383560797255026,45.3354274795061,0.5353675078003755,0.0,7JYdWkrLSPkdwr4
5,2020-05-22,28.48899484016173,40.469185906468994,0.41734193406100667,7135.0,7JYdWkrLSPkdwr4
6,2020-05-23,29.362050044752184,45.2787840813897,0.5327888079030094,8450.0,7JYdWkrLSPkdwr4
7,2020-05-24,29.77591632246181,42.970462607457314,0.4705128346086936,8021.0,7JYdWkrLSPkdwr4
8,2020-05-25,29.75759639342041,44.27708854611927,0.5138370865080109,8779.0,7JYdWkrLSPkdwr4
9,2020-05-26,29.43870079514824,43.09189151608267,0.4575582788759599,0.0,7JYdWkrLSPkdwr4
10,2020-05-27,29.34052075396825,40.68582583292181,0.38032530094032735,6638.0,7JYdWkrLSPkdwr4
11,2020-05-29,28.05908833514286,44.41899472519048,0.4959132248282057,8007.0,7JYdWkrLSPkdwr4
12,2020-05-30,26.766419354304034,38.80223721904761,0.42067411862465415,7143.0,7JYdWkrLSPkdwr4
13,2020-05-31,26.96867871804029,37.23067778296702,0.33895111748448986,5843.0,7JYdWkrLSPkdwr4
14,2020-06-01,26.53805245722739,36.08461742218231,0.3394085453393864,5803.0,7JYdWkrLSPkdwr4
15,2020-06-02,25.868719653728657,36.706711160736745,0.4053518750245385,0.0,7JYdWkrLSPkdwr4
16,2020-06-03,26.260068479853487,37.29405107216118,0.4216867084861565,7749.0,7JYdWkrLSPkdwr4
17,2020-06-04,27.166873286813182,40.150425865201456,0.4744418160667904,7999.0,7JYdWkrLSPkdwr4
18,2020-06-05,26.602369914914647,39.037956016891286,0.43759734320472143,0.0,7JYdWkrLSPkdwr4
19,2020-06-06,26.105285082600737,36.31472878983517,0.3755168842980329,6317.0,7JYdWkrLSPkdwr4
20,2020-06-07,26.750387714106026,39.85482460098832,0.4604221293001194,8053.0,7JYdWkrLSPkdwr4
21,2020-06-08,27.37878858492639,40.18034011169398,0.4776514474694416,8283.0,7JYdWkrLSPkdwr4
22,2020-06-09,27.871142988679253,40.50019721617252,0.4670693079321634,7936.0,7JYdWkrLSPkdwr4
23,2020-06-10,26.572746956959712,36.164621774450566,0.36985176897641736,6362.0,7JYdWkrLSPkdwr4
24,2020-06-11,25.822457678754574,33.455246091666666,0.2987251085254719,5573.0,7JYdWkrLSPkdwr4
25,2020-06-12,25.42447148077268,33.1533057211141,0.3075764350852201,5753.0,7JYdWkrLSPkdwr4
26,2020-06-13,26.36242213378257,38.731893957681926,0.4790444257828957,8435.0,7JYdWkrLSPkdwr4
27,2020-06-14,25.502800107277636,35.75254810296494,0.3986456853204744,7306.0,7JYdWkrLSPkdwr4
28,2020-06-15,26.471948133862433,36.39943160361551,0.3660889946185535,6641.0,7JYdWkrLSPkdwr4
29,2020-06-16,26.451856226415075,36.058201727762814,0.3392287826957191,6166.0,7JYdWkrLSPkdwr4
30,2020-06-17,25.5512210287834,34.16393440621942,0.3267021648506515,5856.0,7JYdWkrLSPkdwr4
0,2020-05-16,28.564478195329666,38.61684165677657,0.35868634965505153,4704.285714,McdE0feGgRqW7Ca
1,2020-05-17,29.494486331593407,42.02868699734433,0.4409880415197766,6519.428571,McdE0feGgRqW7Ca
2,2020-05-18,25.14405622564103,33.57360166694139,0.2935862516426643,4098.0,McdE0feGgRqW7Ca
3,2020-05-19,27.403738549416914,37.733532126554906,0.3682624794537422,5005.0,McdE0feGgRqW7Ca
4,2020-05-21,29.383560797255026,45.3354274795061,0.5353675078003755,5709.285714,McdE0feGgRqW7Ca
5,2020-05-22,28.48899484016173,40.469185906468994,0.41734193406100667,0.0,McdE0feGgRqW7Ca
6,2020-05-23,29.362050044752184,45.2787840813897,0.5327888079030094,5427.5,McdE0feGgRqW7Ca
7,2020-05-24,29.77591632246181,42.970462607457314,0.4705128346086936,5753.571429,McdE0feGgRqW7Ca
8,2020-05-25,29.75759639342041,44.27708854611927,0.5138370865080109,6718.5,McdE0feGgRqW7Ca
9,2020-05-26,29.43870079514824,43.09189151608267,0.4575582788759599,0.0,McdE0feGgRqW7Ca
10,2020-05-27,29.34052075396825,40.68582583292181,0.38032530094032735,0.0,McdE0feGgRqW7Ca
11,2020-05-29,28.05908833514286,44.41899472519048,0.4959132248282057,0.0,McdE0feGgRqW7Ca
12,2020-05-30,26.766419354304034,38.80223721904761,0.42067411862465415,4595.0,McdE0feGgRqW7Ca
13,2020-05-31,26.96867871804029,37.23067778296702,0.33895111748448986,4425.0,McdE0feGgRqW7Ca
14,2020-06-01,26.53805245722739,36.08461742218231,0.3394085453393864,3745.0,McdE0feGgRqW7Ca
15,2020-06-02,25.868719653728657,36.706711160736745,0.4053518750245385,4754.375,McdE0feGgRqW7Ca
16,2020-06-03,26.260068479853487,37.29405107216118,0.4216867084861565,5721.428571,McdE0feGgRqW7Ca
17,2020-06-04,27.166873286813182,40.150425865201456,0.4744418160667904,0.0,McdE0feGgRqW7Ca
18,2020-06-05,26.602369914914647,39.037956016891286,0.43759734320472143,4950.0,McdE0feGgRqW7Ca
19,2020-06-06,26.105285082600737,36.31472878983517,0.3755168842980329,0.0,McdE0feGgRqW7Ca
20,2020-06-07,26.750387714106026,39.85482460098832,0.4604221293001194,4401.25,McdE0feGgRqW7Ca
21,2020-06-08,27.37878858492639,40.18034011169398,0.4776514474694416,6435.0,McdE0feGgRqW7Ca
22,2020-06-09,27.871142988679253,40.50019721617252,0.4670693079321634,5882.142857,McdE0feGgRqW7Ca
23,2020-06-10,26.572746956959712,36.164621774450566,0.36985176897641736,4718.571429,McdE0feGgRqW7Ca
24,2020-06-11,25.822457678754574,33.455246091666666,0.2987251085254719,4107.142857,McdE0feGgRqW7Ca
25,2020-06-12,25.42447148077268,33.1533057211141,0.3075764350852201,3721.875,McdE0feGgRqW7Ca
26,2020-06-13,26.36242213378257,38.731893957681926,0.4790444257828957,6139.285714,McdE0feGgRqW7Ca
27,2020-06-14,25.502800107277636,35.75254810296494,0.3986456853204744,5310.714286,McdE0feGgRqW7Ca
28,2020-06-15,26.471948133862433,36.39943160361551,0.3660889946185535,6872.0,McdE0feGgRqW7Ca
29,2020-06-16,26.451856226415075,36.058201727762814,0.3392287826957191,6365.0,McdE0feGgRqW7Ca
30,2020-06-17,25.5512210287834,34.16393440621942,0.3267021648506515,5992.0,McdE0feGgRqW7Ca
0,2020-05-16,28.564478195329666,38.61684165677657,0.35868634965505153,6714.0,VHMLBKoKgIrUVDU
1,2020-05-17,29.494486331593407,42.02868699734433,0.4409880415197766,7717.0,VHMLBKoKgIrUVDU
2,2020-05-18,25.14405622564103,33.57360166694139,0.2935862516426643,5457.0,VHMLBKoKgIrUVDU
3,2020-05-19,27.403738549416914,37.733532126554906,0.3682624794537422,6988.0,VHMLBKoKgIrUVDU
4,2020-05-21,29.383560797255026,45.3354274795061,0.5353675078003755,0.0,VHMLBKoKgIrUVDU
5,2020-05-22,28.48899484016173,40.469185906468994,0.41734193406100667,7360.0,VHMLBKoKgIrUVDU
6,2020-05-23,29.362050044752184,45.2787840813897,0.5327888079030094,8611.0,VHMLBKoKgIrUVDU
7,2020-05-24,29.77591632246181,42.970462607457314,0.4705128346086936,8180.0,VHMLBKoKgIrUVDU
8,2020-05-25,29.75759639342041,44.27708854611927,0.5138370865080109,9013.0,VHMLBKoKgIrUVDU
9,2020-05-26,29.43870079514824,43.09189151608267,0.4575582788759599,0.0,VHMLBKoKgIrUVDU
10,2020-05-27,29.34052075396825,40.68582583292181,0.38032530094032735,6763.0,VHMLBKoKgIrUVDU
11,2020-05-29,28.05908833514286,44.41899472519048,0.4959132248282057,8172.0,VHMLBKoKgIrUVDU
12,2020-05-30,26.766419354304034,38.80223721904761,0.42067411862465415,7270.0,VHMLBKoKgIrUVDU
13,2020-05-31,26.96867871804029,37.23067778296702,0.33895111748448986,6076.0,VHMLBKoKgIrUVDU
14,2020-06-01,26.53805245722739,36.08461742218231,0.3394085453393864,5909.0,VHMLBKoKgIrUVDU
15,2020-06-02,25.868719653728657,36.706711160736745,0.4053518750245385,0.0,VHMLBKoKgIrUVDU
16,2020-06-03,26.260068479853487,37.29405107216118,0.4216867084861565,7917.0,VHMLBKoKgIrUVDU
17,2020-06-04,27.166873286813182,40.150425865201456,0.4744418160667904,8160.0,VHMLBKoKgIrUVDU
18,2020-06-05,26.602369914914647,39.037956016891286,0.43759734320472143,0.0,VHMLBKoKgIrUVDU
19,2020-06-06,26.105285082600737,36.31472878983517,0.3755168842980329,6435.0,VHMLBKoKgIrUVDU
20,2020-06-07,26.750387714106026,39.85482460098832,0.4604221293001194,8219.0,VHMLBKoKgIrUVDU
21,2020-06-08,27.37878858492639,40.18034011169398,0.4776514474694416,8488.0,VHMLBKoKgIrUVDU
22,2020-06-09,27.871142988679253,40.50019721617252,0.4670693079321634,8120.0,VHMLBKoKgIrUVDU
23,2020-06-10,26.572746956959712,36.164621774450566,0.36985176897641736,6479.0,VHMLBKoKgIrUVDU
24,2020-06-11,25.822457678754574,33.455246091666666,0.2987251085254719,5716.0,VHMLBKoKgIrUVDU
25,2020-06-12,25.42447148077268,33.1533057211141,0.3075764350852201,5903.0,VHMLBKoKgIrUVDU
26,2020-06-13,26.36242213378257,38.731893957681926,0.4790444257828957,8652.0,VHMLBKoKgIrUVDU
27,2020-06-14,25.502800107277636,35.75254810296494,0.3986456853204744,7489.0,VHMLBKoKgIrUVDU
28,2020-06-15,26.471948133862433,36.39943160361551,0.3660889946185535,6814.0,VHMLBKoKgIrUVDU
29,2020-06-16,26.451856226415075,36.058201727762814,0.3392287826957191,6332.0,VHMLBKoKgIrUVDU
30,2020-06-17,25.5512210287834,34.16393440621942,0.3267021648506515,6007.0,VHMLBKoKgIrUVDU
0,2020-05-16,28.564478195329666,38.61684165677657,0.35868634965505153,6615.0,WRmjgnKYAwPKWDb
1,2020-05-17,29.494486331593407,42.02868699734433,0.4409880415197766,7674.0,WRmjgnKYAwPKWDb
2,2020-05-18,25.14405622564103,33.57360166694139,0.2935862516426643,5348.0,WRmjgnKYAwPKWDb
3,2020-05-19,27.403738549416914,37.733532126554906,0.3682624794537422,0.0,WRmjgnKYAwPKWDb
4,2020-05-21,29.383560797255026,45.3354274795061,0.5353675078003755,0.0,WRmjgnKYAwPKWDb
5,2020-05-22,28.48899484016173,40.469185906468994,0.41734193406100667,7237.0,WRmjgnKYAwPKWDb
6,2020-05-23,29.362050044752184,45.2787840813897,0.5327888079030094,8431.0,WRmjgnKYAwPKWDb
7,2020-05-24,29.77591632246181,42.970462607457314,0.4705128346086936,8091.0,WRmjgnKYAwPKWDb
8,2020-05-25,29.75759639342041,44.27708854611927,0.5138370865080109,8879.0,WRmjgnKYAwPKWDb
9,2020-05-26,29.43870079514824,43.09189151608267,0.4575582788759599,0.0,WRmjgnKYAwPKWDb
10,2020-05-27,29.34052075396825,40.68582583292181,0.38032530094032735,6658.0,WRmjgnKYAwPKWDb
11,2020-05-29,28.05908833514286,44.41899472519048,0.4959132248282057,8038.0,WRmjgnKYAwPKWDb
12,2020-05-30,26.766419354304034,38.80223721904761,0.42067411862465415,7130.0,WRmjgnKYAwPKWDb
13,2020-05-31,26.96867871804029,37.23067778296702,0.33895111748448986,5837.0,WRmjgnKYAwPKWDb
14,2020-06-01,26.53805245722739,36.08461742218231,0.3394085453393864,5834.0,WRmjgnKYAwPKWDb
15,2020-06-02,25.868719653728657,36.706711160736745,0.4053518750245385,0.0,WRmjgnKYAwPKWDb
16,2020-06-03,26.260068479853487,37.29405107216118,0.4216867084861565,7710.0,WRmjgnKYAwPKWDb
17,2020-06-04,27.166873286813182,40.150425865201456,0.4744418160667904,8038.0,WRmjgnKYAwPKWDb
18,2020-06-05,26.602369914914647,39.037956016891286,0.43759734320472143,0.0,WRmjgnKYAwPKWDb
19,2020-06-06,26.105285082600737,36.31472878983517,0.3755168842980329,6341.0,WRmjgnKYAwPKWDb
20,2020-06-07,26.750387714106026,39.85482460098832,0.4604221293001194,7062.125,WRmjgnKYAwPKWDb
21,2020-06-08,27.37878858492639,40.18034011169398,0.4776514474694416,8319.0,WRmjgnKYAwPKWDb
22,2020-06-09,27.871142988679253,40.50019721617252,0.4670693079321634,7977.0,WRmjgnKYAwPKWDb
23,2020-06-10,26.572746956959712,36.164621774450566,0.36985176897641736,6389.0,WRmjgnKYAwPKWDb
24,2020-06-11,25.822457678754574,33.455246091666666,0.2987251085254719,5619.0,WRmjgnKYAwPKWDb
25,2020-06-12,25.42447148077268,33.1533057211141,0.3075764350852201,5794.0,WRmjgnKYAwPKWDb
26,2020-06-13,26.36242213378257,38.731893957681926,0.4790444257828957,8399.0,WRmjgnKYAwPKWDb
27,2020-06-14,25.502800107277636,35.75254810296494,0.3986456853204744,7405.0,WRmjgnKYAwPKWDb
28,2020-06-15,26.471948133862433,36.39943160361551,0.3660889946185535,5889.625,WRmjgnKYAwPKWDb
29,2020-06-16,26.451856226415075,36.058201727762814,0.3392287826957191,6264.0,WRmjgnKYAwPKWDb
30,2020-06-17,25.5512210287834,34.16393440621942,0.3267021648506515,5953.0,WRmjgnKYAwPKWDb
0,2020-05-16,28.564478195329666,38.61684165677657,0.35868634965505153,6676.0,ZnxXDlPa8U1GXgE
1,2020-05-17,29.494486331593407,42.02868699734433,0.4409880415197766,7586.0,ZnxXDlPa8U1GXgE
2,2020-05-18,25.14405622564103,33.57360166694139,0.2935862516426643,5424.0,ZnxXDlPa8U1GXgE
3,2020-05-19,27.403738549416914,37.733532126554906,0.3682624794537422,6974.0,ZnxXDlPa8U1GXgE
4,2020-05-21,29.383560797255026,45.3354274795061,0.5353675078003755,0.0,ZnxXDlPa8U1GXgE
5,2020-05-22,28.48899484016173,40.469185906468994,0.41734193406100667,7275.0,ZnxXDlPa8U1GXgE
6,2020-05-23,29.362050044752184,45.2787840813897,0.5327888079030094,8589.0,ZnxXDlPa8U1GXgE
7,2020-05-24,29.77591632246181,42.970462607457314,0.4705128346086936,8028.0,ZnxXDlPa8U1GXgE
8,2020-05-25,29.75759639342041,44.27708854611927,0.5138370865080109,8910.0,ZnxXDlPa8U1GXgE
9,2020-05-26,29.43870079514824,43.09189151608267,0.4575582788759599,0.0,ZnxXDlPa8U1GXgE
10,2020-05-27,29.34052075396825,40.68582583292181,0.38032530094032735,6727.0,ZnxXDlPa8U1GXgE
11,2020-05-29,28.05908833514286,44.41899472519048,0.4959132248282057,8150.0,ZnxXDlPa8U1GXgE
12,2020-05-30,26.766419354304034,38.80223721904761,0.42067411862465415,7317.0,ZnxXDlPa8U1GXgE
13,2020-05-31,26.96867871804029,37.23067778296702,0.33895111748448986,6142.0,ZnxXDlPa8U1GXgE
14,2020-06-01,26.53805245722739,36.08461742218231,0.3394085453393864,5918.0,ZnxXDlPa8U1GXgE
15,2020-06-02,25.868719653728657,36.706711160736745,0.4053518750245385,0.0,ZnxXDlPa8U1GXgE
16,2020-06-03,26.260068479853487,37.29405107216118,0.4216867084861565,7916.0,ZnxXDlPa8U1GXgE
17,2020-06-04,27.166873286813182,40.150425865201456,0.4744418160667904,8178.0,ZnxXDlPa8U1GXgE
18,2020-06-05,26.602369914914647,39.037956016891286,0.43759734320472143,0.0,ZnxXDlPa8U1GXgE
19,2020-06-06,26.105285082600737,36.31472878983517,0.3755168842980329,6355.0,ZnxXDlPa8U1GXgE
20,2020-06-07,26.750387714106026,39.85482460098832,0.4604221293001194,8209.0,ZnxXDlPa8U1GXgE
21,2020-06-08,27.37878858492639,40.18034011169398,0.4776514474694416,8435.0,ZnxXDlPa8U1GXgE
22,2020-06-09,27.871142988679253,40.50019721617252,0.4670693079321634,8074.0,ZnxXDlPa8U1GXgE
23,2020-06-10,26.572746956959712,36.164621774450566,0.36985176897641736,6438.0,ZnxXDlPa8U1GXgE
24,2020-06-11,25.822457678754574,33.455246091666666,0.2987251085254719,5692.0,ZnxXDlPa8U1GXgE
25,2020-06-12,25.42447148077268,33.1533057211141,0.3075764350852201,5883.0,ZnxXDlPa8U1GXgE
26,2020-06-13,26.36242213378257,38.731893957681926,0.4790444257828957,8558.0,ZnxXDlPa8U1GXgE
27,2020-06-14,25.502800107277636,35.75254810296494,0.3986456853204744,7404.0,ZnxXDlPa8U1GXgE
28,2020-06-15,26.471948133862433,36.39943160361551,0.3660889946185535,6757.0,ZnxXDlPa8U1GXgE
29,2020-06-16,26.451856226415075,36.058201727762814,0.3392287826957191,6304.0,ZnxXDlPa8U1GXgE
30,2020-06-17,25.5512210287834,34.16393440621942,0.3267021648506515,5929.0,ZnxXDlPa8U1GXgE
0,2020-05-16,28.564478195329666,38.61684165677657,0.35868634965505153,6384.0,ZoEaEvLYb1n2sOq
1,2020-05-17,29.494486331593407,42.02868699734433,0.4409880415197766,7464.0,ZoEaEvLYb1n2sOq
2,2020-05-18,25.14405622564103,33.57360166694139,0.2935862516426643,5319.0,ZoEaEvLYb1n2sOq
3,2020-05-19,27.403738549416914,37.733532126554906,0.3682624794537422,6805.0,ZoEaEvLYb1n2sOq
4,2020-05-21,29.383560797255026,45.3354274795061,0.5353675078003755,7617.0,ZoEaEvLYb1n2sOq
5,2020-05-22,28.48899484016173,40.469185906468994,0.41734193406100667,0.0,ZoEaEvLYb1n2sOq
6,2020-05-23,29.362050044752184,45.2787840813897,0.5327888079030094,8471.0,ZoEaEvLYb1n2sOq
7,2020-05-24,29.77591632246181,42.970462607457314,0.4705128346086936,7985.0,ZoEaEvLYb1n2sOq
8,2020-05-25,29.75759639342041,44.27708854611927,0.5138370865080109,8745.0,ZoEaEvLYb1n2sOq
9,2020-05-26,29.43870079514824,43.09189151608267,0.4575582788759599,0.0,ZoEaEvLYb1n2sOq
10,2020-05-27,29.34052075396825,40.68582583292181,0.38032530094032735,0.0,ZoEaEvLYb1n2sOq
11,2020-05-29,28.05908833514286,44.41899472519048,0.4959132248282057,0.0,ZoEaEvLYb1n2sOq
12,2020-05-30,26.766419354304034,38.80223721904761,0.42067411862465415,7248.0,ZoEaEvLYb1n2sOq
13,2020-05-31,26.96867871804029,37.23067778296702,0.33895111748448986,5796.0,ZoEaEvLYb1n2sOq
14,2020-06-01,26.53805245722739,36.08461742218231,0.3394085453393864,5796.0,ZoEaEvLYb1n2sOq
15,2020-06-02,25.868719653728657,36.706711160736745,0.4053518750245385,7287.0,ZoEaEvLYb1n2sOq
16,2020-06-03,26.260068479853487,37.29405107216118,0.4216867084861565,7774.0,ZoEaEvLYb1n2sOq
17,2020-06-04,27.166873286813182,40.150425865201456,0.4744418160667904,0.0,ZoEaEvLYb1n2sOq
18,2020-06-05,26.602369914914647,39.037956016891286,0.43759734320472143,7535.0,ZoEaEvLYb1n2sOq
19,2020-06-06,26.105285082600737,36.31472878983517,0.3755168842980329,0.0,ZoEaEvLYb1n2sOq
20,2020-06-07,26.750387714106026,39.85482460098832,0.4604221293001194,8085.0,ZoEaEvLYb1n2sOq
21,2020-06-08,27.37878858492639,40.18034011169398,0.4776514474694416,8271.0,ZoEaEvLYb1n2sOq
22,2020-06-09,27.871142988679253,40.50019721617252,0.4670693079321634,7955.0,ZoEaEvLYb1n2sOq
23,2020-06-10,26.572746956959712,36.164621774450566,0.36985176897641736,6392.0,ZoEaEvLYb1n2sOq
24,2020-06-11,25.822457678754574,33.455246091666666,0.2987251085254719,5561.0,ZoEaEvLYb1n2sOq
25,2020-06-12,25.42447148077268,33.1533057211141,0.3075764350852201,5753.0,ZoEaEvLYb1n2sOq
26,2020-06-13,26.36242213378257,38.731893957681926,0.4790444257828957,8378.0,ZoEaEvLYb1n2sOq
27,2020-06-14,25.502800107277636,35.75254810296494,0.3986456853204744,7289.0,ZoEaEvLYb1n2sOq
28,2020-06-15,26.471948133862433,36.39943160361551,0.3660889946185535,6639.0,ZoEaEvLYb1n2sOq
29,2020-06-16,26.451856226415075,36.058201727762814,0.3392287826957191,6191.0,ZoEaEvLYb1n2sOq
30,2020-06-17,25.5512210287834,34.16393440621942,0.3267021648506515,5871.0,ZoEaEvLYb1n2sOq
0,2020-05-16,28.564478195329666,38.61684165677657,0.35868634965505153,6705.0,adLQvlD726eNBSB
1,2020-05-17,29.494486331593407,42.02868699734433,0.4409880415197766,7867.0,adLQvlD726eNBSB
2,2020-05-18,25.14405622564103,33.57360166694139,0.2935862516426643,5506.0,adLQvlD726eNBSB
3,2020-05-19,27.403738549416914,37.733532126554906,0.3682624794537422,0.0,adLQvlD726eNBSB
4,2020-05-21,29.383560797255026,45.3354274795061,0.5353675078003755,0.0,adLQvlD726eNBSB
5,2020-05-22,28.48899484016173,40.469185906468994,0.41734193406100667,7378.0,adLQvlD726eNBSB
6,2020-05-23,29.362050044752184,45.2787840813897,0.5327888079030094,8783.0,adLQvlD726eNBSB
7,2020-05-24,29.77591632246181,42.970462607457314,0.4705128346086936,8397.0,adLQvlD726eNBSB
8,2020-05-25,29.75759639342041,44.27708854611927,0.5138370865080109,9163.0,adLQvlD726eNBSB
9,2020-05-26,29.43870079514824,43.09189151608267,0.4575582788759599,0.0,adLQvlD726eNBSB
10,2020-05-27,29.34052075396825,40.68582583292181,0.38032530094032735,5999.875,adLQvlD726eNBSB
11,2020-05-29,28.05908833514286,44.41899472519048,0.4959132248282057,7300.125,adLQvlD726eNBSB
12,2020-05-30,26.766419354304034,38.80223721904761,0.42067411862465415,7419.0,adLQvlD726eNBSB
13,2020-05-31,26.96867871804029,37.23067778296702,0.33895111748448986,5933.0,adLQvlD726eNBSB
14,2020-06-01,26.53805245722739,36.08461742218231,0.3394085453393864,6127.0,adLQvlD726eNBSB
15,2020-06-02,25.868719653728657,36.706711160736745,0.4053518750245385,0.0,adLQvlD726eNBSB
16,2020-06-03,26.260068479853487,37.29405107216118,0.4216867084861565,6849.4285709999995,adLQvlD726eNBSB
17,2020-06-04,27.166873286813182,40.150425865201456,0.4744418160667904,8314.0,adLQvlD726eNBSB
18,2020-06-05,26.602369914914647,39.037956016891286,0.43759734320472143,0.0,adLQvlD726eNBSB
19,2020-06-06,26.105285082600737,36.31472878983517,0.3755168842980329,5777.625,adLQvlD726eNBSB
20,2020-06-07,26.750387714106026,39.85482460098832,0.4604221293001194,7308.875,adLQvlD726eNBSB
21,2020-06-08,27.37878858492639,40.18034011169398,0.4776514474694416,7542.5,adLQvlD726eNBSB
22,2020-06-09,27.871142988679253,40.50019721617252,0.4670693079321634,8273.0,adLQvlD726eNBSB
23,2020-06-10,26.572746956959712,36.164621774450566,0.36985176897641736,6667.0,adLQvlD726eNBSB
24,2020-06-11,25.822457678754574,33.455246091666666,0.2987251085254719,5066.25,adLQvlD726eNBSB
25,2020-06-12,25.42447148077268,33.1533057211141,0.3075764350852201,5132.571429,adLQvlD726eNBSB
26,2020-06-13,26.36242213378257,38.731893957681926,0.4790444257828957,8774.0,adLQvlD726eNBSB
27,2020-06-14,25.502800107277636,35.75254810296494,0.3986456853204744,6641.25,adLQvlD726eNBSB
28,2020-06-15,26.471948133862433,36.39943160361551,0.3660889946185535,6916.0,adLQvlD726eNBSB
29,2020-06-16,26.451856226415075,36.058201727762814,0.3392287826957191,6396.0,adLQvlD726eNBSB
30,2020-06-17,25.5512210287834,34.16393440621942,0.3267021648506515,5237.142857,adLQvlD726eNBSB
0,2020-05-16,28.564478195329666,38.61684165677657,0.35868634965505153,3069.0,bvBOhCH3iADSZry
1,2020-05-17,29.494486331593407,42.02868699734433,0.4409880415197766,4330.0,bvBOhCH3iADSZry
2,2020-05-18,25.14405622564103,33.57360166694139,0.2935862516426643,2835.428571,bvBOhCH3iADSZry
3,2020-05-19,27.403738549416914,37.733532126554906,0.3682624794537422,3639.428571,bvBOhCH3iADSZry
4,2020-05-21,29.383560797255026,45.3354274795061,0.5353675078003755,4062.857143,bvBOhCH3iADSZry
5,2020-05-22,28.48899484016173,40.469185906468994,0.41734193406100667,3862.857143,bvBOhCH3iADSZry
6,2020-05-23,29.362050044752184,45.2787840813897,0.5327888079030094,4493.714286,bvBOhCH3iADSZry
7,2020-05-24,29.77591632246181,42.970462607457314,0.4705128346086936,3720.0,bvBOhCH3iADSZry
8,2020-05-25,29.75759639342041,44.27708854611927,0.5138370865080109,4062.0,bvBOhCH3iADSZry
9,2020-05-26,29.43870079514824,43.09189151608267,0.4575582788759599,0.0,bvBOhCH3iADSZry
10,2020-05-27,29.34052075396825,40.68582583292181,0.38032530094032735,2628.428571,bvBOhCH3iADSZry
11,2020-05-29,28.05908833514286,44.41899472519048,0.4959132248282057,4250.285714,bvBOhCH3iADSZry
12,2020-05-30,26.766419354304034,38.80223721904761,0.42067411862465415,3329.0,bvBOhCH3iADSZry
13,2020-05-31,26.96867871804029,37.23067778296702,0.33895111748448986,2793.0,bvBOhCH3iADSZry
14,2020-06-01,26.53805245722739,36.08461742218231,0.3394085453393864,2689.0,bvBOhCH3iADSZry
15,2020-06-02,25.868719653728657,36.706711160736745,0.4053518750245385,3421.0,bvBOhCH3iADSZry
16,2020-06-03,26.260068479853487,37.29405107216118,0.4216867084861565,3618.5,bvBOhCH3iADSZry
17,2020-06-04,27.166873286813182,40.150425865201456,0.4744418160667904,3198.0,bvBOhCH3iADSZry
18,2020-06-05,26.602369914914647,39.037956016891286,0.43759734320472143,4037.142857,bvBOhCH3iADSZry
19,2020-06-06,26.105285082600737,36.31472878983517,0.3755168842980329,2936.5,bvBOhCH3iADSZry
20,2020-06-07,26.750387714106026,39.85482460098832,0.4604221293001194,2584.5,bvBOhCH3iADSZry
21,2020-06-08,27.37878858492639,40.18034011169398,0.4776514474694416,3297.0,bvBOhCH3iADSZry
22,2020-06-09,27.871142988679253,40.50019721617252,0.4670693079321634,4206.285714,bvBOhCH3iADSZry
23,2020-06-10,26.572746956959712,36.164621774450566,0.36985176897641736,2512.714286,bvBOhCH3iADSZry
24,2020-06-11,25.822457678754574,33.455246091666666,0.2987251085254719,2598.5,bvBOhCH3iADSZry
25,2020-06-12,25.42447148077268,33.1533057211141,0.3075764350852201,2686.0,bvBOhCH3iADSZry
26,2020-06-13,26.36242213378257,38.731893957681926,0.4790444257828957,4493.142857,bvBOhCH3iADSZry
27,2020-06-14,25.502800107277636,35.75254810296494,0.3986456853204744,1979.0,bvBOhCH3iADSZry
28,2020-06-15,26.471948133862433,36.39943160361551,0.3660889946185535,6192.0,bvBOhCH3iADSZry
29,2020-06-16,26.451856226415075,36.058201727762814,0.3392287826957191,5757.0,bvBOhCH3iADSZry
30,2020-06-17,25.5512210287834,34.16393440621942,0.3267021648506515,5460.0,bvBOhCH3iADSZry
0,2020-05-16,28.564478195329666,38.61684165677657,0.35868634965505153,6438.0,iCRJl6heRkivqQ3
1,2020-05-17,29.494486331593407,42.02868699734433,0.4409880415197766,7519.0,iCRJl6heRkivqQ3
2,2020-05-18,25.14405622564103,33.57360166694139,0.2935862516426643,5400.0,iCRJl6heRkivqQ3
3,2020-05-19,27.403738549416914,37.733532126554906,0.3682624794537422,6951.0,iCRJl6heRkivqQ3
4,2020-05-21,29.383560797255026,45.3354274795061,0.5353675078003755,7837.0,iCRJl6heRkivqQ3
5,2020-05-22,28.48899484016173,40.469185906468994,0.41734193406100667,0.0,iCRJl6heRkivqQ3
6,2020-05-23,29.362050044752184,45.2787840813897,0.5327888079030094,8627.0,iCRJl6heRkivqQ3
7,2020-05-24,29.77591632246181,42.970462607457314,0.4705128346086936,8041.0,iCRJl6heRkivqQ3
8,2020-05-25,29.75759639342041,44.27708854611927,0.5138370865080109,8869.0,iCRJl6heRkivqQ3
9,2020-05-26,29.43870079514824,43.09189151608267,0.4575582788759599,0.0,iCRJl6heRkivqQ3
10,2020-05-27,29.34052075396825,40.68582583292181,0.38032530094032735,0.0,iCRJl6heRkivqQ3
11,2020-05-29,28.05908833514286,44.41899472519048,0.4959132248282057,0.0,iCRJl6heRkivqQ3
12,2020-05-30,26.766419354304034,38.80223721904761,0.42067411862465415,7345.0,iCRJl6heRkivqQ3
13,2020-05-31,26.96867871804029,37.23067778296702,0.33895111748448986,5969.0,iCRJl6heRkivqQ3
14,2020-06-01,26.53805245722739,36.08461742218231,0.3394085453393864,5781.0,iCRJl6heRkivqQ3
15,2020-06-02,25.868719653728657,36.706711160736745,0.4053518750245385,7465.0,iCRJl6heRkivqQ3
16,2020-06-03,26.260068479853487,37.29405107216118,0.4216867084861565,7883.0,iCRJl6heRkivqQ3
17,2020-06-04,27.166873286813182,40.150425865201456,0.4744418160667904,0.0,iCRJl6heRkivqQ3
18,2020-06-05,26.602369914914647,39.037956016891286,0.43759734320472143,7803.0,iCRJl6heRkivqQ3
19,2020-06-06,26.105285082600737,36.31472878983517,0.3755168842980329,0.0,iCRJl6heRkivqQ3
20,2020-06-07,26.750387714106026,39.85482460098832,0.4604221293001194,8277.0,iCRJl6heRkivqQ3
21,2020-06-08,27.37878858492639,40.18034011169398,0.4776514474694416,8444.0,iCRJl6heRkivqQ3
22,2020-06-09,27.871142988679253,40.50019721617252,0.4670693079321634,8265.0,iCRJl6heRkivqQ3
23,2020-06-10,26.572746956959712,36.164621774450566,0.36985176897641736,6559.0,iCRJl6heRkivqQ3
24,2020-06-11,25.822457678754574,33.455246091666666,0.2987251085254719,5692.0,iCRJl6heRkivqQ3
25,2020-06-12,25.42447148077268,33.1533057211141,0.3075764350852201,5888.0,iCRJl6heRkivqQ3
26,2020-06-13,26.36242213378257,38.731893957681926,0.4790444257828957,8496.0,iCRJl6heRkivqQ3
27,2020-06-14,25.502800107277636,35.75254810296494,0.3986456853204744,7369.0,iCRJl6heRkivqQ3
28,2020-06-15,26.471948133862433,36.39943160361551,0.3660889946185535,6777.0,iCRJl6heRkivqQ3
29,2020-06-16,26.451856226415075,36.058201727762814,0.3392287826957191,6305.0,iCRJl6heRkivqQ3
30,2020-06-17,25.5512210287834,34.16393440621942,0.3267021648506515,5957.0,iCRJl6heRkivqQ3
0,2020-05-16,28.564478195329666,38.61684165677657,0.35868634965505153,6450.0,ih0vzX44oOqAx2f
1,2020-05-17,29.494486331593407,42.02868699734433,0.4409880415197766,7391.0,ih0vzX44oOqAx2f
2,2020-05-18,25.14405622564103,33.57360166694139,0.2935862516426643,5286.0,ih0vzX44oOqAx2f
3,2020-05-19,27.403738549416914,37.733532126554906,0.3682624794537422,6790.0,ih0vzX44oOqAx2f
4,2020-05-21,29.383560797255026,45.3354274795061,0.5353675078003755,0.0,ih0vzX44oOqAx2f
5,2020-05-22,28.48899484016173,40.469185906468994,0.41734193406100667,7000.0,ih0vzX44oOqAx2f
6,2020-05-23,29.362050044752184,45.2787840813897,0.5327888079030094,8395.0,ih0vzX44oOqAx2f
7,2020-05-24,29.77591632246181,42.970462607457314,0.4705128346086936,7556.0,ih0vzX44oOqAx2f
8,2020-05-25,29.75759639342041,44.27708854611927,0.5138370865080109,8085.0,ih0vzX44oOqAx2f
9,2020-05-26,29.43870079514824,43.09189151608267,0.4575582788759599,0.0,ih0vzX44oOqAx2f
10,2020-05-27,29.34052075396825,40.68582583292181,0.38032530094032735,6564.0,ih0vzX44oOqAx2f
11,2020-05-29,28.05908833514286,44.41899472519048,0.4959132248282057,7951.0,ih0vzX44oOqAx2f
12,2020-05-30,26.766419354304034,38.80223721904761,0.42067411862465415,7146.0,ih0vzX44oOqAx2f
13,2020-05-31,26.96867871804029,37.23067778296702,0.33895111748448986,5965.0,ih0vzX44oOqAx2f
14,2020-06-01,26.53805245722739,36.08461742218231,0.3394085453393864,5751.0,ih0vzX44oOqAx2f
15,2020-06-02,25.868719653728657,36.706711160736745,0.4053518750245385,0.0,ih0vzX44oOqAx2f
16,2020-06-03,26.260068479853487,37.29405107216118,0.4216867084861565,7699.0,ih0vzX44oOqAx2f
17,2020-06-04,27.166873286813182,40.150425865201456,0.4744418160667904,8009.0,ih0vzX44oOqAx2f
18,2020-06-05,26.602369914914647,39.037956016891286,0.43759734320472143,0.0,ih0vzX44oOqAx2f
19,2020-06-06,26.105285082600737,36.31472878983517,0.3755168842980329,6197.0,ih0vzX44oOqAx2f
20,2020-06-07,26.750387714106026,39.85482460098832,0.4604221293001194,8019.0,ih0vzX44oOqAx2f
21,2020-06-08,27.37878858492639,40.18034011169398,0.4776514474694416,8217.0,ih0vzX44oOqAx2f
22,2020-06-09,27.871142988679253,40.50019721617252,0.4670693079321634,7846.0,ih0vzX44oOqAx2f
23,2020-06-10,26.572746956959712,36.164621774450566,0.36985176897641736,6277.0,ih0vzX44oOqAx2f
24,2020-06-11,25.822457678754574,33.455246091666666,0.2987251085254719,5521.0,ih0vzX44oOqAx2f
25,2020-06-12,25.42447148077268,33.1533057211141,0.3075764350852201,5710.0,ih0vzX44oOqAx2f
26,2020-06-13,26.36242213378257,38.731893957681926,0.4790444257828957,8255.0,ih0vzX44oOqAx2f
27,2020-06-14,25.502800107277636,35.75254810296494,0.3986456853204744,7165.0,ih0vzX44oOqAx2f
28,2020-06-15,26.471948133862433,36.39943160361551,0.3660889946185535,6564.0,ih0vzX44oOqAx2f
29,2020-06-16,26.451856226415075,36.058201727762814,0.3392287826957191,6124.0,ih0vzX44oOqAx2f
30,2020-06-17,25.5512210287834,34.16393440621942,0.3267021648506515,5758.0,ih0vzX44oOqAx2f
0,2020-05-16,28.564478195329666,38.61684165677657,0.35868634965505153,6173.0,pkci93gMrogZuBj
1,2020-05-17,29.494486331593407,42.02868699734433,0.4409880415197766,7397.0,pkci93gMrogZuBj
2,2020-05-18,25.14405622564103,33.57360166694139,0.2935862516426643,5364.0,pkci93gMrogZuBj
3,2020-05-19,27.403738549416914,37.733532126554906,0.3682624794537422,6938.0,pkci93gMrogZuBj
4,2020-05-21,29.383560797255026,45.3354274795061,0.5353675078003755,7778.0,pkci93gMrogZuBj
5,2020-05-22,28.48899484016173,40.469185906468994,0.41734193406100667,0.0,pkci93gMrogZuBj
6,2020-05-23,29.362050044752184,45.2787840813897,0.5327888079030094,8475.0,pkci93gMrogZuBj
7,2020-05-24,29.77591632246181,42.970462607457314,0.4705128346086936,8032.0,pkci93gMrogZuBj
8,2020-05-25,29.75759639342041,44.27708854611927,0.5138370865080109,8812.0,pkci93gMrogZuBj
9,2020-05-26,29.43870079514824,43.09189151608267,0.4575582788759599,0.0,pkci93gMrogZuBj
10,2020-05-27,29.34052075396825,40.68582583292181,0.38032530094032735,0.0,pkci93gMrogZuBj
11,2020-05-29,28.05908833514286,44.41899472519048,0.4959132248282057,0.0,pkci93gMrogZuBj
12,2020-05-30,26.766419354304034,38.80223721904761,0.42067411862465415,7341.0,pkci93gMrogZuBj
13,2020-05-31,26.96867871804029,37.23067778296702,0.33895111748448986,5915.0,pkci93gMrogZuBj
14,2020-06-01,26.53805245722739,36.08461742218231,0.3394085453393864,5509.0,pkci93gMrogZuBj
15,2020-06-02,25.868719653728657,36.706711160736745,0.4053518750245385,7350.0,pkci93gMrogZuBj
16,2020-06-03,26.260068479853487,37.29405107216118,0.4216867084861565,7786.0,pkci93gMrogZuBj
17,2020-06-04,27.166873286813182,40.150425865201456,0.4744418160667904,0.0,pkci93gMrogZuBj
18,2020-06-05,26.602369914914647,39.037956016891286,0.43759734320472143,7796.0,pkci93gMrogZuBj
19,2020-06-06,26.105285082600737,36.31472878983517,0.3755168842980329,0.0,pkci93gMrogZuBj
20,2020-06-07,26.750387714106026,39.85482460098832,0.4604221293001194,8214.0,pkci93gMrogZuBj
21,2020-06-08,27.37878858492639,40.18034011169398,0.4776514474694416,8344.0,pkci93gMrogZuBj
22,2020-06-09,27.871142988679253,40.50019721617252,0.4670693079321634,8240.0,pkci93gMrogZuBj
23,2020-06-10,26.572746956959712,36.164621774450566,0.36985176897641736,6578.0,pkci93gMrogZuBj
24,2020-06-11,25.822457678754574,33.455246091666666,0.2987251085254719,5662.0,pkci93gMrogZuBj
25,2020-06-12,25.42447148077268,33.1533057211141,0.3075764350852201,5851.0,pkci93gMrogZuBj
26,2020-06-13,26.36242213378257,38.731893957681926,0.4790444257828957,8354.0,pkci93gMrogZuBj
27,2020-06-14,25.502800107277636,35.75254810296494,0.3986456853204744,7261.0,pkci93gMrogZuBj
28,2020-06-15,26.471948133862433,36.39943160361551,0.3660889946185535,6795.0,pkci93gMrogZuBj
29,2020-06-16,26.451856226415075,36.058201727762814,0.3392287826957191,6261.0,pkci93gMrogZuBj
30,2020-06-17,25.5512210287834,34.16393440621942,0.3267021648506515,5952.0,pkci93gMrogZuBj
0,2020-05-16,28.564478195329666,38.61684165677657,0.35868634965505153,6233.0,rGa61gmuvPhdLxV
1,2020-05-17,29.494486331593407,42.02868699734433,0.4409880415197766,7438.0,rGa61gmuvPhdLxV
2,2020-05-18,25.14405622564103,33.57360166694139,0.2935862516426643,5365.0,rGa61gmuvPhdLxV
3,2020-05-19,27.403738549416914,37.733532126554906,0.3682624794537422,6910.0,rGa61gmuvPhdLxV
4,2020-05-21,29.383560797255026,45.3354274795061,0.5353675078003755,7766.0,rGa61gmuvPhdLxV
5,2020-05-22,28.48899484016173,40.469185906468994,0.41734193406100667,0.0,rGa61gmuvPhdLxV
6,2020-05-23,29.362050044752184,45.2787840813897,0.5327888079030094,8152.0,rGa61gmuvPhdLxV
7,2020-05-24,29.77591632246181,42.970462607457314,0.4705128346086936,8002.0,rGa61gmuvPhdLxV
8,2020-05-25,29.75759639342041,44.27708854611927,0.5138370865080109,8807.0,rGa61gmuvPhdLxV
9,2020-05-26,29.43870079514824,43.09189151608267,0.4575582788759599,0.0,rGa61gmuvPhdLxV
10,2020-05-27,29.34052075396825,40.68582583292181,0.38032530094032735,0.0,rGa61gmuvPhdLxV
11,2020-05-29,28.05908833514286,44.41899472519048,0.4959132248282057,0.0,rGa61gmuvPhdLxV
12,2020-05-30,26.766419354304034,38.80223721904761,0.42067411862465415,7364.0,rGa61gmuvPhdLxV
13,2020-05-31,26.96867871804029,37.23067778296702,0.33895111748448986,5894.0,rGa61gmuvPhdLxV
14,2020-06-01,26.53805245722739,36.08461742218231,0.3394085453393864,5637.0,rGa61gmuvPhdLxV
15,2020-06-02,25.868719653728657,36.706711160736745,0.4053518750245385,7361.0,rGa61gmuvPhdLxV
16,2020-06-03,26.260068479853487,37.29405107216118,0.4216867084861565,7807.0,rGa61gmuvPhdLxV
17,2020-06-04,27.166873286813182,40.150425865201456,0.4744418160667904,0.0,rGa61gmuvPhdLxV
18,2020-06-05,26.602369914914647,39.037956016891286,0.43759734320472143,7741.0,rGa61gmuvPhdLxV
19,2020-06-06,26.105285082600737,36.31472878983517,0.3755168842980329,0.0,rGa61gmuvPhdLxV
20,2020-06-07,26.750387714106026,39.85482460098832,0.4604221293001194,8172.0,rGa61gmuvPhdLxV
21,2020-06-08,27.37878858492639,40.18034011169398,0.4776514474694416,8291.0,rGa61gmuvPhdLxV
22,2020-06-09,27.871142988679253,40.50019721617252,0.4670693079321634,8240.0,rGa61gmuvPhdLxV
23,2020-06-10,26.572746956959712,36.164621774450566,0.36985176897641736,6565.0,rGa61gmuvPhdLxV
24,2020-06-11,25.822457678754574,33.455246091666666,0.2987251085254719,4955.125,rGa61gmuvPhdLxV
25,2020-06-12,25.42447148077268,33.1533057211141,0.3075764350852201,5849.0,rGa61gmuvPhdLxV
26,2020-06-13,26.36242213378257,38.731893957681926,0.4790444257828957,8389.0,rGa61gmuvPhdLxV
27,2020-06-14,25.502800107277636,35.75254810296494,0.3986456853204744,7302.0,rGa61gmuvPhdLxV
28,2020-06-15,26.471948133862433,36.39943160361551,0.3660889946185535,6732.0,rGa61gmuvPhdLxV
29,2020-06-16,26.451856226415075,36.058201727762814,0.3392287826957191,5462.625,rGa61gmuvPhdLxV
30,2020-06-17,25.5512210287834,34.16393440621942,0.3267021648506515,5950.0,rGa61gmuvPhdLxV
0,2020-05-16,28.564478195329666,38.61684165677657,0.35868634965505153,3674.857143,sjndEbLyjtCKgGv
1,2020-05-17,29.494486331593407,42.02868699734433,0.4409880415197766,4252.0,sjndEbLyjtCKgGv
2,2020-05-18,25.14405622564103,33.57360166694139,0.2935862516426643,2675.5,sjndEbLyjtCKgGv
3,2020-05-19,27.403738549416914,37.733532126554906,0.3682624794537422,3930.857143,sjndEbLyjtCKgGv
4,2020-05-21,29.383560797255026,45.3354274795061,0.5353675078003755,4471.428571,sjndEbLyjtCKgGv
5,2020-05-22,28.48899484016173,40.469185906468994,0.41734193406100667,0.0,sjndEbLyjtCKgGv
6,2020-05-23,29.362050044752184,45.2787840813897,0.5327888079030094,4243.5,sjndEbLyjtCKgGv
7,2020-05-24,29.77591632246181,42.970462607457314,0.4705128346086936,4515.428571,sjndEbLyjtCKgGv
8,2020-05-25,29.75759639342041,44.27708854611927,0.5138370865080109,4380.0,sjndEbLyjtCKgGv
9,2020-05-26,29.43870079514824,43.09189151608267,0.4575582788759599,0.0,sjndEbLyjtCKgGv
10,2020-05-27,29.34052075396825,40.68582583292181,0.38032530094032735,0.0,sjndEbLyjtCKgGv
11,2020-05-29,28.05908833514286,44.41899472519048,0.4959132248282057,0.0,sjndEbLyjtCKgGv
12,2020-05-30,26.766419354304034,38.80223721904761,0.42067411862465415,3613.0,sjndEbLyjtCKgGv
13,2020-05-31,26.96867871804029,37.23067778296702,0.33895111748448986,2565.857143,sjndEbLyjtCKgGv
14,2020-06-01,26.53805245722739,36.08461742218231,0.3394085453393864,2883.0,sjndEbLyjtCKgGv
15,2020-06-02,25.868719653728657,36.706711160736745,0.4053518750245385,3719.5,sjndEbLyjtCKgGv
16,2020-06-03,26.260068479853487,37.29405107216118,0.4216867084861565,3362.571429,sjndEbLyjtCKgGv
17,2020-06-04,27.166873286813182,40.150425865201456,0.4744418160667904,0.0,sjndEbLyjtCKgGv
18,2020-06-05,26.602369914914647,39.037956016891286,0.43759734320472143,3879.5,sjndEbLyjtCKgGv
19,2020-06-06,26.105285082600737,36.31472878983517,0.3755168842980329,0.0,sjndEbLyjtCKgGv
20,2020-06-07,26.750387714106026,39.85482460098832,0.4604221293001194,3449.0,sjndEbLyjtCKgGv
21,2020-06-08,27.37878858492639,40.18034011169398,0.4776514474694416,4185.5,sjndEbLyjtCKgGv
22,2020-06-09,27.871142988679253,40.50019721617252,0.4670693079321634,3501.428571,sjndEbLyjtCKgGv
23,2020-06-10,26.572746956959712,36.164621774450566,0.36985176897641736,2787.857143,sjndEbLyjtCKgGv
24,2020-06-11,25.822457678754574,33.455246091666666,0.2987251085254719,3230.857143,sjndEbLyjtCKgGv
25,2020-06-12,25.42447148077268,33.1533057211141,0.3075764350852201,2923.5,sjndEbLyjtCKgGv
26,2020-06-13,26.36242213378257,38.731893957681926,0.4790444257828957,3601.285714,sjndEbLyjtCKgGv
27,2020-06-14,25.502800107277636,35.75254810296494,0.3986456853204744,4175.428571,sjndEbLyjtCKgGv
28,2020-06-15,26.471948133862433,36.39943160361551,0.3660889946185535,6728.0,sjndEbLyjtCKgGv
29,2020-06-16,26.451856226415075,36.058201727762814,0.3392287826957191,6255.0,sjndEbLyjtCKgGv
30,2020-06-17,25.5512210287834,34.16393440621942,0.3267021648506515,5887.0,sjndEbLyjtCKgGv
0,2020-05-16,28.564478195329666,38.61684165677657,0.35868634965505153,6271.0,uHbuxQJl8lW7ozc
1,2020-05-17,29.494486331593407,42.02868699734433,0.4409880415197766,7454.0,uHbuxQJl8lW7ozc
2,2020-05-18,25.14405622564103,33.57360166694139,0.2935862516426643,5408.0,uHbuxQJl8lW7ozc
3,2020-05-19,27.403738549416914,37.733532126554906,0.3682624794537422,6997.0,uHbuxQJl8lW7ozc
4,2020-05-21,29.383560797255026,45.3354274795061,0.5353675078003755,7865.0,uHbuxQJl8lW7ozc
5,2020-05-22,28.48899484016173,40.469185906468994,0.41734193406100667,0.0,uHbuxQJl8lW7ozc
6,2020-05-23,29.362050044752184,45.2787840813897,0.5327888079030094,8493.0,uHbuxQJl8lW7ozc
7,2020-05-24,29.77591632246181,42.970462607457314,0.4705128346086936,8106.0,uHbuxQJl8lW7ozc
8,2020-05-25,29.75759639342041,44.27708854611927,0.5138370865080109,8844.0,uHbuxQJl8lW7ozc
9,2020-05-26,29.43870079514824,43.09189151608267,0.4575582788759599,0.0,uHbuxQJl8lW7ozc
10,2020-05-27,29.34052075396825,40.68582583292181,0.38032530094032735,0.0,uHbuxQJl8lW7ozc
11,2020-05-29,28.05908833514286,44.41899472519048,0.4959132248282057,0.0,uHbuxQJl8lW7ozc
12,2020-05-30,26.766419354304034,38.80223721904761,0.42067411862465415,7340.0,uHbuxQJl8lW7ozc
13,2020-05-31,26.96867871804029,37.23067778296702,0.33895111748448986,6081.0,uHbuxQJl8lW7ozc
14,2020-06-01,26.53805245722739,36.08461742218231,0.3394085453393864,5589.0,uHbuxQJl8lW7ozc
15,2020-06-02,25.868719653728657,36.706711160736745,0.4053518750245385,7463.0,uHbuxQJl8lW7ozc
16,2020-06-03,26.260068479853487,37.29405107216118,0.4216867084861565,7850.0,uHbuxQJl8lW7ozc
17,2020-06-04,27.166873286813182,40.150425865201456,0.4744418160667904,0.0,uHbuxQJl8lW7ozc
18,2020-06-05,26.602369914914647,39.037956016891286,0.43759734320472143,7838.0,uHbuxQJl8lW7ozc
19,2020-06-06,26.105285082600737,36.31472878983517,0.3755168842980329,0.0,uHbuxQJl8lW7ozc
20,2020-06-07,26.750387714106026,39.85482460098832,0.4604221293001194,7257.25,uHbuxQJl8lW7ozc
21,2020-06-08,27.37878858492639,40.18034011169398,0.4776514474694416,7354.375,uHbuxQJl8lW7ozc
22,2020-06-09,27.871142988679253,40.50019721617252,0.4670693079321634,8309.0,uHbuxQJl8lW7ozc
23,2020-06-10,26.572746956959712,36.164621774450566,0.36985176897641736,6645.0,uHbuxQJl8lW7ozc
24,2020-06-11,25.822457678754574,33.455246091666666,0.2987251085254719,4985.75,uHbuxQJl8lW7ozc
25,2020-06-12,25.42447148077268,33.1533057211141,0.3075764350852201,5888.0,uHbuxQJl8lW7ozc
26,2020-06-13,26.36242213378257,38.731893957681926,0.4790444257828957,7382.375,uHbuxQJl8lW7ozc
27,2020-06-14,25.502800107277636,35.75254810296494,0.3986456853204744,7306.0,uHbuxQJl8lW7ozc
28,2020-06-15,26.471948133862433,36.39943160361551,0.3660889946185535,6906.0,uHbuxQJl8lW7ozc
29,2020-06-16,26.451856226415075,36.058201727762814,0.3392287826957191,5505.5,uHbuxQJl8lW7ozc
30,2020-06-17,25.5512210287834,34.16393440621942,0.3267021648506515,5967.0,uHbuxQJl8lW7ozc
0,2020-05-16,28.564478195329666,38.61684165677657,0.35868634965505153,3738.857143,wCURE6d3bPkepu2
1,2020-05-17,29.494486331593407,42.02868699734433,0.4409880415197766,4302.857143,wCURE6d3bPkepu2
2,2020-05-18,25.14405622564103,33.57360166694139,0.2935862516426643,2696.5,wCURE6d3bPkepu2
3,2020-05-19,27.403738549416914,37.733532126554906,0.3682624794537422,2981.142857,wCURE6d3bPkepu2
4,2020-05-21,29.383560797255026,45.3354274795061,0.5353675078003755,3347.571429,wCURE6d3bPkepu2
5,2020-05-22,28.48899484016173,40.469185906468994,0.41734193406100667,0.0,wCURE6d3bPkepu2
6,2020-05-23,29.362050044752184,45.2787840813897,0.5327888079030094,3687.857143,wCURE6d3bPkepu2
7,2020-05-24,29.77591632246181,42.970462607457314,0.4705128346086936,3411.857143,wCURE6d3bPkepu2
8,2020-05-25,29.75759639342041,44.27708854611927,0.5138370865080109,4429.5,wCURE6d3bPkepu2
9,2020-05-26,29.43870079514824,43.09189151608267,0.4575582788759599,0.0,wCURE6d3bPkepu2
10,2020-05-27,29.34052075396825,40.68582583292181,0.38032530094032735,0.0,wCURE6d3bPkepu2
11,2020-05-29,28.05908833514286,44.41899472519048,0.4959132248282057,0.0,wCURE6d3bPkepu2
12,2020-05-30,26.766419354304034,38.80223721904761,0.42067411862465415,3119.142857,wCURE6d3bPkepu2
13,2020-05-31,26.96867871804029,37.23067778296702,0.33895111748448986,2677.285714,wCURE6d3bPkepu2
14,2020-06-01,26.53805245722739,36.08461742218231,0.3394085453393864,2227.125,wCURE6d3bPkepu2
15,2020-06-02,25.868719653728657,36.706711160736745,0.4053518750245385,2821.875,wCURE6d3bPkepu2
16,2020-06-03,26.260068479853487,37.29405107216118,0.4216867084861565,3953.5,wCURE6d3bPkepu2
17,2020-06-04,27.166873286813182,40.150425865201456,0.4744418160667904,0.0,wCURE6d3bPkepu2
18,2020-06-05,26.602369914914647,39.037956016891286,0.43759734320472143,3874.0,wCURE6d3bPkepu2
19,2020-06-06,26.105285082600737,36.31472878983517,0.3755168842980329,0.0,wCURE6d3bPkepu2
20,2020-06-07,26.750387714106026,39.85482460098832,0.4604221293001194,3216.5,wCURE6d3bPkepu2
21,2020-06-08,27.37878858492639,40.18034011169398,0.4776514474694416,4221.5,wCURE6d3bPkepu2
22,2020-06-09,27.871142988679253,40.50019721617252,0.4670693079321634,3432.857143,wCURE6d3bPkepu2
23,2020-06-10,26.572746956959712,36.164621774450566,0.36985176897641736,2752.714286,wCURE6d3bPkepu2
24,2020-06-11,25.822457678754574,33.455246091666666,0.2987251085254719,2421.857143,wCURE6d3bPkepu2
25,2020-06-12,25.42447148077268,33.1533057211141,0.3075764350852201,2195.25,wCURE6d3bPkepu2
26,2020-06-13,26.36242213378257,38.731893957681926,0.4790444257828957,4230.5,wCURE6d3bPkepu2
27,2020-06-14,25.502800107277636,35.75254810296494,0.3986456853204744,3141.0,wCURE6d3bPkepu2
28,2020-06-15,26.471948133862433,36.39943160361551,0.3660889946185535,6746.0,wCURE6d3bPkepu2
29,2020-06-16,26.451856226415075,36.058201727762814,0.3392287826957191,6274.0,wCURE6d3bPkepu2
30,2020-06-17,25.5512210287834,34.16393440621942,0.3267021648506515,5147.625,wCURE6d3bPkepu2
0,2020-05-16,28.564478195329666,38.61684165677657,0.35868634965505153,6488.0,z9Y9gH1T5YWrNuG
1,2020-05-17,29.494486331593407,42.02868699734433,0.4409880415197766,7486.0,z9Y9gH1T5YWrNuG
2,2020-05-18,25.14405622564103,33.57360166694139,0.2935862516426643,5347.0,z9Y9gH1T5YWrNuG
3,2020-05-19,27.403738549416914,37.733532126554906,0.3682624794537422,6892.0,z9Y9gH1T5YWrNuG
4,2020-05-21,29.383560797255026,45.3354274795061,0.5353675078003755,7886.0,z9Y9gH1T5YWrNuG
5,2020-05-22,28.48899484016173,40.469185906468994,0.41734193406100667,0.0,z9Y9gH1T5YWrNuG
6,2020-05-23,29.362050044752184,45.2787840813897,0.5327888079030094,8543.0,z9Y9gH1T5YWrNuG
7,2020-05-24,29.77591632246181,42.970462607457314,0.4705128346086936,7876.0,z9Y9gH1T5YWrNuG
8,2020-05-25,29.75759639342041,44.27708854611927,0.5138370865080109,8802.0,z9Y9gH1T5YWrNuG
9,2020-05-26,29.43870079514824,43.09189151608267,0.4575582788759599,0.0,z9Y9gH1T5YWrNuG
10,2020-05-27,29.34052075396825,40.68582583292181,0.38032530094032735,0.0,z9Y9gH1T5YWrNuG
11,2020-05-29,28.05908833514286,44.41899472519048,0.4959132248282057,0.0,z9Y9gH1T5YWrNuG
12,2020-05-30,26.766419354304034,38.80223721904761,0.42067411862465415,7142.0,z9Y9gH1T5YWrNuG
13,2020-05-31,26.96867871804029,37.23067778296702,0.33895111748448986,6300.0,z9Y9gH1T5YWrNuG
14,2020-06-01,26.53805245722739,36.08461742218231,0.3394085453393864,5931.0,z9Y9gH1T5YWrNuG
15,2020-06-02,25.868719653728657,36.706711160736745,0.4053518750245385,7446.0,z9Y9gH1T5YWrNuG
16,2020-06-03,26.260068479853487,37.29405107216118,0.4216867084861565,7839.0,z9Y9gH1T5YWrNuG
17,2020-06-04,27.166873286813182,40.150425865201456,0.4744418160667904,0.0,z9Y9gH1T5YWrNuG
18,2020-06-05,26.602369914914647,39.037956016891286,0.43759734320472143,7739.0,z9Y9gH1T5YWrNuG
19,2020-06-06,26.105285082600737,36.31472878983517,0.3755168842980329,0.0,z9Y9gH1T5YWrNuG
20,2020-06-07,26.750387714106026,39.85482460098832,0.4604221293001194,6342.0,z9Y9gH1T5YWrNuG
21,2020-06-08,27.37878858492639,40.18034011169398,0.4776514474694416,7793.0,z9Y9gH1T5YWrNuG
22,2020-06-09,27.871142988679253,40.50019721617252,0.4670693079321634,7629.0,z9Y9gH1T5YWrNuG
23,2020-06-10,26.572746956959712,36.164621774450566,0.36985176897641736,6412.0,z9Y9gH1T5YWrNuG
24,2020-06-11,25.822457678754574,33.455246091666666,0.2987251085254719,5599.0,z9Y9gH1T5YWrNuG
25,2020-06-12,25.42447148077268,33.1533057211141,0.3075764350852201,5803.0,z9Y9gH1T5YWrNuG
26,2020-06-13,26.36242213378257,38.731893957681926,0.4790444257828957,8363.0,z9Y9gH1T5YWrNuG
27,2020-06-14,25.502800107277636,35.75254810296494,0.3986456853204744,7238.0,z9Y9gH1T5YWrNuG
28,2020-06-15,26.471948133862433,36.39943160361551,0.3660889946185535,6716.0,z9Y9gH1T5YWrNuG
29,2020-06-16,26.451856226415075,36.058201727762814,0.3392287826957191,6201.0,z9Y9gH1T5YWrNuG
30,2020-06-17,25.5512210287834,34.16393440621942,0.3267021648506515,5819.0,z9Y9gH1T5YWrNuG
0,2020-05-16,28.564478195329666,38.61684165677657,0.35868634965505153,6374.0,zBIq5rxdHJRwDNY
1,2020-05-17,29.494486331593407,42.02868699734433,0.4409880415197766,7507.0,zBIq5rxdHJRwDNY
2,2020-05-18,25.14405622564103,33.57360166694139,0.2935862516426643,5390.0,zBIq5rxdHJRwDNY
3,2020-05-19,27.403738549416914,37.733532126554906,0.3682624794537422,6924.0,zBIq5rxdHJRwDNY
4,2020-05-21,29.383560797255026,45.3354274795061,0.5353675078003755,7737.0,zBIq5rxdHJRwDNY
5,2020-05-22,28.48899484016173,40.469185906468994,0.41734193406100667,0.0,zBIq5rxdHJRwDNY
6,2020-05-23,29.362050044752184,45.2787840813897,0.5327888079030094,8674.0,zBIq5rxdHJRwDNY
7,2020-05-24,29.77591632246181,42.970462607457314,0.4705128346086936,7277.0,zBIq5rxdHJRwDNY
8,2020-05-25,29.75759639342041,44.27708854611927,0.5138370865080109,8443.0,zBIq5rxdHJRwDNY
9,2020-05-26,29.43870079514824,43.09189151608267,0.4575582788759599,0.0,zBIq5rxdHJRwDNY
10,2020-05-27,29.34052075396825,40.68582583292181,0.38032530094032735,0.0,zBIq5rxdHJRwDNY
11,2020-05-29,28.05908833514286,44.41899472519048,0.4959132248282057,0.0,zBIq5rxdHJRwDNY
12,2020-05-30,26.766419354304034,38.80223721904761,0.42067411862465415,7396.0,zBIq5rxdHJRwDNY
13,2020-05-31,26.96867871804029,37.23067778296702,0.33895111748448986,0.0,zBIq5rxdHJRwDNY
14,2020-06-01,26.53805245722739,36.08461742218231,0.3394085453393864,5794.0,zBIq5rxdHJRwDNY
15,2020-06-02,25.868719653728657,36.706711160736745,0.4053518750245385,7421.0,zBIq5rxdHJRwDNY
16,2020-06-03,26.260068479853487,37.29405107216118,0.4216867084861565,7888.0,zBIq5rxdHJRwDNY
17,2020-06-04,27.166873286813182,40.150425865201456,0.4744418160667904,0.0,zBIq5rxdHJRwDNY
18,2020-06-05,26.602369914914647,39.037956016891286,0.43759734320472143,7723.0,zBIq5rxdHJRwDNY
19,2020-06-06,26.105285082600737,36.31472878983517,0.3755168842980329,0.0,zBIq5rxdHJRwDNY
20,2020-06-07,26.750387714106026,39.85482460098832,0.4604221293001194,8183.0,zBIq5rxdHJRwDNY
21,2020-06-08,27.37878858492639,40.18034011169398,0.4776514474694416,8358.0,zBIq5rxdHJRwDNY
22,2020-06-09,27.871142988679253,40.50019721617252,0.4670693079321634,8136.0,zBIq5rxdHJRwDNY
23,2020-06-10,26.572746956959712,36.164621774450566,0.36985176897641736,6498.0,zBIq5rxdHJRwDNY
24,2020-06-11,25.822457678754574,33.455246091666666,0.2987251085254719,5647.0,zBIq5rxdHJRwDNY
25,2020-06-12,25.42447148077268,33.1533057211141,0.3075764350852201,5837.0,zBIq5rxdHJRwDNY
26,2020-06-13,26.36242213378257,38.731893957681926,0.4790444257828957,8435.0,zBIq5rxdHJRwDNY
27,2020-06-14,25.502800107277636,35.75254810296494,0.3986456853204744,7315.0,zBIq5rxdHJRwDNY
28,2020-06-15,26.471948133862433,36.39943160361551,0.3660889946185535,6696.0,zBIq5rxdHJRwDNY
29,2020-06-16,26.451856226415075,36.058201727762814,0.3392287826957191,5719.0,zBIq5rxdHJRwDNY
30,2020-06-17,25.5512210287834,34.16393440621942,0.3267021648506515,5817.0,zBIq5rxdHJRwDNY
0,2020-05-16,28.564478195329666,38.61684165677657,0.35868634965505153,6419.0,zVJPv84UY57bAof
1,2020-05-17,29.494486331593407,42.02868699734433,0.4409880415197766,7480.0,zVJPv84UY57bAof
2,2020-05-18,25.14405622564103,33.57360166694139,0.2935862516426643,5390.0,zVJPv84UY57bAof
3,2020-05-19,27.403738549416914,37.733532126554906,0.3682624794537422,6932.0,zVJPv84UY57bAof
4,2020-05-21,29.383560797255026,45.3354274795061,0.5353675078003755,7944.0,zVJPv84UY57bAof
5,2020-05-22,28.48899484016173,40.469185906468994,0.41734193406100667,0.0,zVJPv84UY57bAof
6,2020-05-23,29.362050044752184,45.2787840813897,0.5327888079030094,8544.0,zVJPv84UY57bAof
7,2020-05-24,29.77591632246181,42.970462607457314,0.4705128346086936,7958.0,zVJPv84UY57bAof
8,2020-05-25,29.75759639342041,44.27708854611927,0.5138370865080109,8813.0,zVJPv84UY57bAof
9,2020-05-26,29.43870079514824,43.09189151608267,0.4575582788759599,0.0,zVJPv84UY57bAof
10,2020-05-27,29.34052075396825,40.68582583292181,0.38032530094032735,0.0,zVJPv84UY57bAof
11,2020-05-29,28.05908833514286,44.41899472519048,0.4959132248282057,0.0,zVJPv84UY57bAof
12,2020-05-30,26.766419354304034,38.80223721904761,0.42067411862465415,7290.0,zVJPv84UY57bAof
13,2020-05-31,26.96867871804029,37.23067778296702,0.33895111748448986,6047.0,zVJPv84UY57bAof
14,2020-06-01,26.53805245722739,36.08461742218231,0.3394085453393864,5742.0,zVJPv84UY57bAof
15,2020-06-02,25.868719653728657,36.706711160736745,0.4053518750245385,7451.0,zVJPv84UY57bAof
16,2020-06-03,26.260068479853487,37.29405107216118,0.4216867084861565,7836.0,zVJPv84UY57bAof
17,2020-06-04,27.166873286813182,40.150425865201456,0.4744418160667904,0.0,zVJPv84UY57bAof
18,2020-06-05,26.602369914914647,39.037956016891286,0.43759734320472143,7817.0,zVJPv84UY57bAof
19,2020-06-06,26.105285082600737,36.31472878983517,0.3755168842980329,0.0,zVJPv84UY57bAof
20,2020-06-07,26.750387714106026,39.85482460098832,0.4604221293001194,8260.0,zVJPv84UY57bAof
21,2020-06-08,27.37878858492639,40.18034011169398,0.4776514474694416,8377.0,zVJPv84UY57bAof
22,2020-06-09,27.871142988679253,40.50019721617252,0.4670693079321634,8289.0,zVJPv84UY57bAof
23,2020-06-10,26.572746956959712,36.164621774450566,0.36985176897641736,6560.0,zVJPv84UY57bAof
24,2020-06-11,25.822457678754574,33.455246091666666,0.2987251085254719,4962.125,zVJPv84UY57bAof
25,2020-06-12,25.42447148077268,33.1533057211141,0.3075764350852201,5863.0,zVJPv84UY57bAof
26,2020-06-13,26.36242213378257,38.731893957681926,0.4790444257828957,8410.0,zVJPv84UY57bAof
27,2020-06-14,25.502800107277636,35.75254810296494,0.3986456853204744,7320.0,zVJPv84UY57bAof
28,2020-06-15,26.471948133862433,36.39943160361551,0.3660889946185535,6820.0,zVJPv84UY57bAof
29,2020-06-16,26.451856226415075,36.058201727762814,0.3392287826957191,5479.25,zVJPv84UY57bAof
30,2020-06-17,25.5512210287834,34.16393440621942,0.3267021648506515,5910.0,zVJPv84UY57bAof
